split,class,relative_path,path,hash
train,Autosome,Autosome/1--30000X--0006_Autosome_1.tif,/Users/jason/Desktop/OrganelleClassifyDataset/train/Autosome/1--30000X--0006_Autosome_1.tif,eb7af448c22b8b2c
train,Autosome,Autosome/1--30000X--0006_Autosome_2.tif,/Users/jason/Desktop/OrganelleClassifyDataset/train/Autosome/1--30000X--0006_Autosome_2.tif,af38f093c0cccb36
train,Autosome,Autosome/1--30000X--0006_Autosome_3.tif,/Users/jason/Desktop/OrganelleClassifyDataset/train/Autosome/1--30000X--0006_Autosome_3.tif,a41995ce9a3e4b27
train,Autosome,Autosome/1--30000X--0006_Autosome_4.tif,/Users/jason/Desktop/OrganelleClassifyDataset/train/Autosome/1--30000X--0006_Autosome_4.tif,f4e880c7d765aaa4
train,Autosome,Autosome/1--30000X--0006_Autosome_5.tif,/Users/jason/Desktop/OrganelleClassifyDataset/train/Autosome/1--30000X--0006_Autosome_5.tif,ef50b48d9e3c9990
train,Autosome,Autosome/1--30000X--0006_Autosome_7.tif,/Users/jason/Desktop/OrganelleClassifyDataset/train/Autosome/1--30000X--0006_Autosome_7.tif,f2c481d297689a77
train,Autosome,Autosome/1--30000X--0006_Autosome_8.tif,/Users/jason/Desktop/OrganelleClassifyDataset/train/Autosome/1--30000X--0006_Autosome_8.tif,f9a4953dda3201e3
train,Autosome,Autosome/1--30000X--0007_Autosome_1.tif,/Users/jason/Desktop/OrganelleClassifyDataset/train/Autosome/1--30000X--0007_Autosome_1.tif,be16c3d0cc8726ab
train,Autosome,Autosome/1--30000X--0007_Autosome_3.tif,/Users/jason/Desktop/OrganelleClassifyDataset/train/Autosome/1--30000X--0007_Autosome_3.tif,a1cb8fb498da41d6
train,Autosome,Autosome/1--30000X--0008_Autosome_1.tif,/Users/jason/Desktop/OrganelleClassifyDataset/train/Autosome/1--30000X--0008_Autosome_1.tif,bda9d0ebcfc98201
train,Autosome,Autosome/1--30000X--0008_Autosome_2.tif,/Users/jason/Desktop/OrganelleClassifyDataset/train/Autosome/1--30000X--0008_Autosome_2.tif,e29897cb8e6c8e64
train,Autosome,Autosome/1--30000X--0010_Autosome_1.tif,/Users/jason/Desktop/OrganelleClassifyDataset/train/Autosome/1--30000X--0010_Autosome_1.tif,ae6485ca7e8d7870
train,Autosome,Autosome/1--30000X--0010_Autosome_4.tif,/Users/jason/Desktop/OrganelleClassifyDataset/train/Autosome/1--30000X--0010_Autosome_4.tif,b1659632cb929d99
train,Autosome,Autosome/1--30000X--0010_Autosome_5.tif,/Users/jason/Desktop/OrganelleClassifyDataset/train/Autosome/1--30000X--0010_Autosome_5.tif,e77091864778eb4a
train,Autosome,Autosome/1-1shiyan--23000X--0016_Autosome_1.tif,/Users/jason/Desktop/OrganelleClassifyDataset/train/Autosome/1-1shiyan--23000X--0016_Autosome_1.tif,ec36c2c93467ca6c
train,Autosome,Autosome/1-1shiyan--23000X--0016_Autosome_2.tif,/Users/jason/Desktop/OrganelleClassifyDataset/train/Autosome/1-1shiyan--23000X--0016_Autosome_2.tif,f7eac02d0e9236e8
train,Autosome,Autosome/1-1shiyan--6800X--0002_Autosome_1.tif,/Users/jason/Desktop/OrganelleClassifyDataset/train/Autosome/1-1shiyan--6800X--0002_Autosome_1.tif,f981c4d59ab56171
train,Autosome,Autosome/1-2-hsfnc_lJ--23000X--0018_Autosome_1.tif,/Users/jason/Desktop/OrganelleClassifyDataset/train/Autosome/1-2-hsfnc_lJ--23000X--0018_Autosome_1.tif,a0bb813e4b767c62
train,Autosome,Autosome/1-2-hsfnc_lJ--23000X--0019_Autosome_1.tif,/Users/jason/Desktop/OrganelleClassifyDataset/train/Autosome/1-2-hsfnc_lJ--23000X--0019_Autosome_1.tif,e8d3818f82eacd78
train,Autosome,Autosome/1-2-hsfnc_lJ--6800X--0004_Autosome_1.tif,/Users/jason/Desktop/OrganelleClassifyDataset/train/Autosome/1-2-hsfnc_lJ--6800X--0004_Autosome_1.tif,fd9807c3988e7436
train,Autosome,Autosome/1-3-hkf--23000X--0015_Autosome_1.tif,/Users/jason/Desktop/OrganelleClassifyDataset/train/Autosome/1-3-hkf--23000X--0015_Autosome_1.tif,ad7cd2638bcd9c02
train,Autosome,Autosome/1-3-hkf--23000X--0015_Autosome_2.tif,/Users/jason/Desktop/OrganelleClassifyDataset/train/Autosome/1-3-hkf--23000X--0015_Autosome_2.tif,b81dd6f26d44225d
train,Autosome,Autosome/1-3-hkf--23000X--0016_Autosome_1.tif,/Users/jason/Desktop/OrganelleClassifyDataset/train/Autosome/1-3-hkf--23000X--0016_Autosome_1.tif,beb5d5008e07d98d
train,Autosome,Autosome/1-3-hkf--23000X--0016_Autosome_2.tif,/Users/jason/Desktop/OrganelleClassifyDataset/train/Autosome/1-3-hkf--23000X--0016_Autosome_2.tif,ae4ba4ea84ec18d7
train,Autosome,Autosome/1-3-hkf--23000X--0016_Autosome_3.tif,/Users/jason/Desktop/OrganelleClassifyDataset/train/Autosome/1-3-hkf--23000X--0016_Autosome_3.tif,b532918b87ce8d2d
train,Autosome,Autosome/1-3-hkf--23000X--0017_Autosome_1.tif,/Users/jason/Desktop/OrganelleClassifyDataset/train/Autosome/1-3-hkf--23000X--0017_Autosome_1.tif,b72dc7c549ab21a8
train,Autosome,Autosome/1-3-hkf--23000X--0018_Autosome_1.tif,/Users/jason/Desktop/OrganelleClassifyDataset/train/Autosome/1-3-hkf--23000X--0018_Autosome_1.tif,eadcc148cb690f69
train,Autosome,Autosome/1-3-hkf--23000X--0018_Autosome_2.tif,/Users/jason/Desktop/OrganelleClassifyDataset/train/Autosome/1-3-hkf--23000X--0018_Autosome_2.tif,bfddd6c0c2d2c809
train,Autosome,Autosome/1-3-hkf--23000X--0024_Autosome_1.tif,/Users/jason/Desktop/OrganelleClassifyDataset/train/Autosome/1-3-hkf--23000X--0024_Autosome_1.tif,bd6284952ef017e3
train,Autosome,Autosome/1-3-hkf--23000X--0024_Autosome_3.tif,/Users/jason/Desktop/OrganelleClassifyDataset/train/Autosome/1-3-hkf--23000X--0024_Autosome_3.tif,edc8c0e80e697477
train,Autosome,Autosome/1-3-hkf--23000X--0024_Autosome_4.tif,/Users/jason/Desktop/OrganelleClassifyDataset/train/Autosome/1-3-hkf--23000X--0024_Autosome_4.tif,b728d0f885eb36a1
train,Autosome,Autosome/1-3-hkf--23000X--0024_Autosome_5.tif,/Users/jason/Desktop/OrganelleClassifyDataset/train/Autosome/1-3-hkf--23000X--0024_Autosome_5.tif,f29780039fe73895
train,Autosome,Autosome/1-3-hkf--6800X--0004_Autosome_1.tif,/Users/jason/Desktop/OrganelleClassifyDataset/train/Autosome/1-3-hkf--6800X--0004_Autosome_1.tif,e9d58539d86f1924
train,Autosome,Autosome/1-3-hkf--6800X--0007_Autosome_1.tif,/Users/jason/Desktop/OrganelleClassifyDataset/train/Autosome/1-3-hkf--6800X--0007_Autosome_1.tif,a9c49674d81965eb
train,Autosome,Autosome/1-3-hkf--6800X--0008_Autosome_1.tif,/Users/jason/Desktop/OrganelleClassifyDataset/train/Autosome/1-3-hkf--6800X--0008_Autosome_1.tif,e2e1ee4c901ff164
train,Autosome,Autosome/1-3-hkf--6800X--0011_Autosome_1.tif,/Users/jason/Desktop/OrganelleClassifyDataset/train/Autosome/1-3-hkf--6800X--0011_Autosome_1.tif,b436dac231c9279d
train,Autosome,Autosome/10-N--23000X--0051_Autosome_1.tif,/Users/jason/Desktop/OrganelleClassifyDataset/train/Autosome/10-N--23000X--0051_Autosome_1.tif,e34bc46b4f745298
train,Autosome,Autosome/10-N--23000X--0051_Autosome_2.tif,/Users/jason/Desktop/OrganelleClassifyDataset/train/Autosome/10-N--23000X--0051_Autosome_2.tif,eea5b5d085cb8d24
train,Autosome,Autosome/10-N--23000X--0053_Autosome_1.tif,/Users/jason/Desktop/OrganelleClassifyDataset/train/Autosome/10-N--23000X--0053_Autosome_1.tif,f85f80a98c673a66
train,Autosome,Autosome/10-N--23000X--0055_Autosome_1.tif,/Users/jason/Desktop/OrganelleClassifyDataset/train/Autosome/10-N--23000X--0055_Autosome_1.tif,a9bcd5e840f942e3
train,Autosome,Autosome/10-N--23000X--0055_Autosome_2.tif,/Users/jason/Desktop/OrganelleClassifyDataset/train/Autosome/10-N--23000X--0055_Autosome_2.tif,f43cc06d92e78a71
train,Autosome,Autosome/10-N--23000X--0056_Autosome_1.tif,/Users/jason/Desktop/OrganelleClassifyDataset/train/Autosome/10-N--23000X--0056_Autosome_1.tif,bc92c9694e373b09
train,Autosome,Autosome/10-N--23000X--0056_Autosome_2.tif,/Users/jason/Desktop/OrganelleClassifyDataset/train/Autosome/10-N--23000X--0056_Autosome_2.tif,f96894e9916cec98
train,Autosome,Autosome/10-N--23000X--0058_Autosome_1.tif,/Users/jason/Desktop/OrganelleClassifyDataset/train/Autosome/10-N--23000X--0058_Autosome_1.tif,bc6691f6884266dd
train,Autosome,Autosome/10-N--23000X--0058_Autosome_2.tif,/Users/jason/Desktop/OrganelleClassifyDataset/train/Autosome/10-N--23000X--0058_Autosome_2.tif,bc14c36b4d07327b
train,Autosome,Autosome/10-N--23000X--0058_Autosome_3.tif,/Users/jason/Desktop/OrganelleClassifyDataset/train/Autosome/10-N--23000X--0058_Autosome_3.tif,a7e2f1f0c681358d
train,Autosome,Autosome/10-N--23000X--0058_Autosome_4.tif,/Users/jason/Desktop/OrganelleClassifyDataset/train/Autosome/10-N--23000X--0058_Autosome_4.tif,f9e1865c9ab24c99
train,Autosome,Autosome/10-N--23000X--0061_Autosome_1.tif,/Users/jason/Desktop/OrganelleClassifyDataset/train/Autosome/10-N--23000X--0061_Autosome_1.tif,aa12c0de5b293d7c
train,Autosome,Autosome/10-N--23000X--0061_Autosome_2.tif,/Users/jason/Desktop/OrganelleClassifyDataset/train/Autosome/10-N--23000X--0061_Autosome_2.tif,ff2d86940ed97c40
train,Autosome,Autosome/10-N--23000X--0061_Autosome_3.tif,/Users/jason/Desktop/OrganelleClassifyDataset/train/Autosome/10-N--23000X--0061_Autosome_3.tif,eb8b87235a30f8c3
train,Autosome,Autosome/10-N--6800X--0014_Autosome_1.tif,/Users/jason/Desktop/OrganelleClassifyDataset/train/Autosome/10-N--6800X--0014_Autosome_1.tif,e24be54a1ef492a9
train,Autosome,Autosome/10-SI--23000X--0019_Autosome_2.tif,/Users/jason/Desktop/OrganelleClassifyDataset/train/Autosome/10-SI--23000X--0019_Autosome_2.tif,ffa5d6acd84411c1
train,Autosome,Autosome/10-SI--23000X--0019_Autosome_3.tif,/Users/jason/Desktop/OrganelleClassifyDataset/train/Autosome/10-SI--23000X--0019_Autosome_3.tif,b81cc76d0f91e607
train,Autosome,Autosome/10-SI--23000X--0022_Autosome_1.tif,/Users/jason/Desktop/OrganelleClassifyDataset/train/Autosome/10-SI--23000X--0022_Autosome_1.tif,fa0ea26570d759c8
train,Autosome,Autosome/10-SI--23000X--0024_Autosome_1.tif,/Users/jason/Desktop/OrganelleClassifyDataset/train/Autosome/10-SI--23000X--0024_Autosome_1.tif,b6dbda4194835aa6
train,Autosome,Autosome/10-SI--23000X--0026_Autosome_1.tif,/Users/jason/Desktop/OrganelleClassifyDataset/train/Autosome/10-SI--23000X--0026_Autosome_1.tif,eb4a8728dad15a2e
train,Autosome,Autosome/10-SI--23000X--0027_Autosome_1.tif,/Users/jason/Desktop/OrganelleClassifyDataset/train/Autosome/10-SI--23000X--0027_Autosome_1.tif,ae49d02bc37cc752
train,Autosome,Autosome/10-SI--23000X--0035_Autosome_1.tif,/Users/jason/Desktop/OrganelleClassifyDataset/train/Autosome/10-SI--23000X--0035_Autosome_1.tif,e740da9fb8599099
train,Autosome,Autosome/10-SI--23000X--0038_Autosome_1.tif,/Users/jason/Desktop/OrganelleClassifyDataset/train/Autosome/10-SI--23000X--0038_Autosome_1.tif,e1cc817cd83b3563
train,Autosome,Autosome/10-SI--23000X--0038_Autosome_2.tif,/Users/jason/Desktop/OrganelleClassifyDataset/train/Autosome/10-SI--23000X--0038_Autosome_2.tif,fc5688314fcc3c3c
train,Autosome,Autosome/10-SI--23000X--0039_Autosome_1.tif,/Users/jason/Desktop/OrganelleClassifyDataset/train/Autosome/10-SI--23000X--0039_Autosome_1.tif,fef0a063036a5f31
train,Autosome,Autosome/2--30000X--0006_Autosome_1.tif,/Users/jason/Desktop/OrganelleClassifyDataset/train/Autosome/2--30000X--0006_Autosome_1.tif,bf4ac42a8f366e12
train,Autosome,Autosome/2--30000X--0006_Autosome_2.tif,/Users/jason/Desktop/OrganelleClassifyDataset/train/Autosome/2--30000X--0006_Autosome_2.tif,af48d0b5c3941f93
train,Autosome,Autosome/2--30000X--0006_Autosome_3.tif,/Users/jason/Desktop/OrganelleClassifyDataset/train/Autosome/2--30000X--0006_Autosome_3.tif,f9ba81cad7293825
train,Autosome,Autosome/2--30000X--0007_Autosome_1.tif,/Users/jason/Desktop/OrganelleClassifyDataset/train/Autosome/2--30000X--0007_Autosome_1.tif,bc2d853d1e1c385b
train,Autosome,Autosome/2--30000X--0010_Autosome_1.tif,/Users/jason/Desktop/OrganelleClassifyDataset/train/Autosome/2--30000X--0010_Autosome_1.tif,fa7c813d5e183d14
train,Autosome,Autosome/3W-CD4-10nmGR1--30000X--0078_Autosome_1.tif,/Users/jason/Desktop/OrganelleClassifyDataset/train/Autosome/3W-CD4-10nmGR1--30000X--0078_Autosome_1.tif,f3a56891888e6773
train,Autosome,Autosome/3W-CD4-Ctrl3--30000X--0050_Autosome_1.tif,/Users/jason/Desktop/OrganelleClassifyDataset/train/Autosome/3W-CD4-Ctrl3--30000X--0050_Autosome_1.tif,fc1cd259da272836
train,Autosome,Autosome/3W-CD4-Ctrl3--30000X--0050_Autosome_2.tif,/Users/jason/Desktop/OrganelleClassifyDataset/train/Autosome/3W-CD4-Ctrl3--30000X--0050_Autosome_2.tif,f0a8c520dfc721b7
train,Autosome,Autosome/3W-CD4-Ctrl3--30000X--0065_Autosome_1.tif,/Users/jason/Desktop/OrganelleClassifyDataset/train/Autosome/3W-CD4-Ctrl3--30000X--0065_Autosome_1.tif,a1e997e0d88b6956
train,Autosome,Autosome/4--30000X--0018_Autosome_1.tif,/Users/jason/Desktop/OrganelleClassifyDataset/train/Autosome/4--30000X--0018_Autosome_1.tif,edb0d6e09d4ae8a4
train,Autosome,Autosome/4--30000X--0018_Autosome_2.tif,/Users/jason/Desktop/OrganelleClassifyDataset/train/Autosome/4--30000X--0018_Autosome_2.tif,e82994341b9367e7
train,Autosome,Autosome/4--30000X--0021_Autosome_2.tif,/Users/jason/Desktop/OrganelleClassifyDataset/train/Autosome/4--30000X--0021_Autosome_2.tif,bd87d24b8b2d8970
train,Autosome,Autosome/4--30000X--0022_Autosome_1.tif,/Users/jason/Desktop/OrganelleClassifyDataset/train/Autosome/4--30000X--0022_Autosome_1.tif,fb08d7008f277c66
train,Autosome,Autosome/5-3-1--30000X--0014_Autosome_1.tif,/Users/jason/Desktop/OrganelleClassifyDataset/train/Autosome/5-3-1--30000X--0014_Autosome_1.tif,bd60e202df5ccd13
train,Autosome,Autosome/5-3-1--30000X--0015_Autosome_1.tif,/Users/jason/Desktop/OrganelleClassifyDataset/train/Autosome/5-3-1--30000X--0015_Autosome_1.tif,b4aec05e4bf07760
train,Autosome,Autosome/5-3-2--30000X--0009_Autosome_1.tif,/Users/jason/Desktop/OrganelleClassifyDataset/train/Autosome/5-3-2--30000X--0009_Autosome_1.tif,ee39f0e2cf355024
train,Autosome,Autosome/5-HT1D--30000X--0025_Autosome_1.tif,/Users/jason/Desktop/OrganelleClassifyDataset/train/Autosome/5-HT1D--30000X--0025_Autosome_1.tif,b01983e63fc4993e
train,Autosome,Autosome/LA+1170--30000X--0013_Autosome_2.tif,/Users/jason/Desktop/OrganelleClassifyDataset/train/Autosome/LA+1170--30000X--0013_Autosome_2.tif,fb0a93b356a90a69
train,Autosome,Autosome/LA+1170--30000X--0014_Autosome_1.tif,/Users/jason/Desktop/OrganelleClassifyDataset/train/Autosome/LA+1170--30000X--0014_Autosome_1.tif,ad99c0c08b87d9af
train,Autosome,Autosome/LC1-3--23000X--0010_Autosome_1.tif,/Users/jason/Desktop/OrganelleClassifyDataset/train/Autosome/LC1-3--23000X--0010_Autosome_1.tif,ffadc0b0324585c7
train,Autosome,Autosome/LC1-3--23000X--0010_Autosome_2.tif,/Users/jason/Desktop/OrganelleClassifyDataset/train/Autosome/LC1-3--23000X--0010_Autosome_2.tif,acccf131b5da9324
train,Autosome,Autosome/LC1-3--23000X--0011_Autosome_1.tif,/Users/jason/Desktop/OrganelleClassifyDataset/train/Autosome/LC1-3--23000X--0011_Autosome_1.tif,ae9b81e9ba03d18e
train,Autosome,Autosome/LC1-3--23000X--0011_Autosome_2.tif,/Users/jason/Desktop/OrganelleClassifyDataset/train/Autosome/LC1-3--23000X--0011_Autosome_2.tif,bf62f0b6c0c251cb
train,Autosome,Autosome/LC1-4--23000X--0013_Autosome_2.tif,/Users/jason/Desktop/OrganelleClassifyDataset/train/Autosome/LC1-4--23000X--0013_Autosome_2.tif,ab46dad6d18bb01a
train,Autosome,Autosome/PG1--68000X--0003_Autosome_1.tif,/Users/jason/Desktop/OrganelleClassifyDataset/train/Autosome/PG1--68000X--0003_Autosome_1.tif,ba288a9be2c48ff8
train,Autosome,Autosome/PG1--68000X--0004_Autosome_1.tif,/Users/jason/Desktop/OrganelleClassifyDataset/train/Autosome/PG1--68000X--0004_Autosome_1.tif,e8aaa687b8966935
train,Autosome,Autosome/PG1--98000X--0011_Autosome_1.tif,/Users/jason/Desktop/OrganelleClassifyDataset/train/Autosome/PG1--98000X--0011_Autosome_1.tif,fcf8948dc981a19e
train,Autosome,Autosome/PG1--98000X--0012_Autosome_1.tif,/Users/jason/Desktop/OrganelleClassifyDataset/train/Autosome/PG1--98000X--0012_Autosome_1.tif,f31e8f70b0c89857
train,Autosome,Autosome/PG1--98000X--0014_Autosome_1.tif,/Users/jason/Desktop/OrganelleClassifyDataset/train/Autosome/PG1--98000X--0014_Autosome_1.tif,fcf0b40ccba7819a
train,Autosome,Autosome/PG1--98000X--0015_Autosome_1.tif,/Users/jason/Desktop/OrganelleClassifyDataset/train/Autosome/PG1--98000X--0015_Autosome_1.tif,ad828e8e1ef0c957
train,Autosome,Autosome/PG1--98000X--0017_Autosome_1.tif,/Users/jason/Desktop/OrganelleClassifyDataset/train/Autosome/PG1--98000X--0017_Autosome_1.tif,f8f3b40c8be78198
train,Autosome,Autosome/PG1--98000X--0018_Autosome_1.tif,/Users/jason/Desktop/OrganelleClassifyDataset/train/Autosome/PG1--98000X--0018_Autosome_1.tif,e19e98613de732c4
train,Autosome,Autosome/PG1--98000X--0019_Autosome_1.tif,/Users/jason/Desktop/OrganelleClassifyDataset/train/Autosome/PG1--98000X--0019_Autosome_1.tif,a29a9d5554c78f38
train,Autosome,Autosome/PG1--98000X--0020_Autosome_1.tif,/Users/jason/Desktop/OrganelleClassifyDataset/train/Autosome/PG1--98000X--0020_Autosome_1.tif,ca99e17a4d6c3c83
train,Autosome,Autosome/PG1--98000X--0021_Autosome_1.tif,/Users/jason/Desktop/OrganelleClassifyDataset/train/Autosome/PG1--98000X--0021_Autosome_1.tif,eb08b1334373b74c
train,Autosome,Autosome/PG1--98000X--0023_Autosome_1.tif,/Users/jason/Desktop/OrganelleClassifyDataset/train/Autosome/PG1--98000X--0023_Autosome_1.tif,eb15970b8730dc63
train,Autosome,Autosome/PG1--98000X--0024_Autosome_1.tif,/Users/jason/Desktop/OrganelleClassifyDataset/train/Autosome/PG1--98000X--0024_Autosome_1.tif,91d2a52d6a6b5b64
train,Autosome,Autosome/PG1--98000X--0025_Autosome_1.tif,/Users/jason/Desktop/OrganelleClassifyDataset/train/Autosome/PG1--98000X--0025_Autosome_1.tif,fa4d013f4f3013f2
train,Autosome,Autosome/PG1--98000X--0029_Autosome_1.tif,/Users/jason/Desktop/OrganelleClassifyDataset/train/Autosome/PG1--98000X--0029_Autosome_1.tif,eb9e95c2842b0f4d
train,Autosome,Autosome/PG1--98000X--0030_Autosome_1.tif,/Users/jason/Desktop/OrganelleClassifyDataset/train/Autosome/PG1--98000X--0030_Autosome_1.tif,a881951ede246f3b
train,Autosome,Autosome/PG1--98000X--0031_Autosome_1.tif,/Users/jason/Desktop/OrganelleClassifyDataset/train/Autosome/PG1--98000X--0031_Autosome_1.tif,f9d5c14ab66c254a
train,Autosome,Autosome/PG1--98000X--0033_Autosome_1.tif,/Users/jason/Desktop/OrganelleClassifyDataset/train/Autosome/PG1--98000X--0033_Autosome_1.tif,ba0fa4b0d75adb80
train,Autosome,Autosome/PG1--98000X--0037_Autosome_1.tif,/Users/jason/Desktop/OrganelleClassifyDataset/train/Autosome/PG1--98000X--0037_Autosome_1.tif,e8471d7a3071c7c6
train,Autosome,Autosome/PG2--98000X--0014_Autosome_1.tif,/Users/jason/Desktop/OrganelleClassifyDataset/train/Autosome/PG2--98000X--0014_Autosome_1.tif,a82ece70f3c1d3c4
train,Autosome,Autosome/PG3--68000X--0004_Autosome_1.tif,/Users/jason/Desktop/OrganelleClassifyDataset/train/Autosome/PG3--68000X--0004_Autosome_1.tif,9f9864a798c845eb
train,Autosome,Autosome/PS-N--23000X--0061_Autosome_1.tif,/Users/jason/Desktop/OrganelleClassifyDataset/train/Autosome/PS-N--23000X--0061_Autosome_1.tif,fa16855332cdb24d
train,Autosome,Autosome/PS-N--23000X--0061_Autosome_2.tif,/Users/jason/Desktop/OrganelleClassifyDataset/train/Autosome/PS-N--23000X--0061_Autosome_2.tif,e991d0394f3c4e53
train,Autosome,Autosome/PS-N--23000X--0062_Autosome_1.tif,/Users/jason/Desktop/OrganelleClassifyDataset/train/Autosome/PS-N--23000X--0062_Autosome_1.tif,f1aa82d52e266ccd
train,Autosome,Autosome/PS-SI--23000X--0026_Autosome_1.tif,/Users/jason/Desktop/OrganelleClassifyDataset/train/Autosome/PS-SI--23000X--0026_Autosome_1.tif,b5031a6eb73db02a
train,Autosome,Autosome/PS-SI--23000X--0028_Autosome_1.tif,/Users/jason/Desktop/OrganelleClassifyDataset/train/Autosome/PS-SI--23000X--0028_Autosome_1.tif,c134a5ca3e7a946d
train,Autosome,Autosome/PS-SI--23000X--0031_Autosome_1.tif,/Users/jason/Desktop/OrganelleClassifyDataset/train/Autosome/PS-SI--23000X--0031_Autosome_1.tif,a5ae8e8d9df06312
train,Autosome,Autosome/PS-SI--23000X--0032_Autosome_1.tif,/Users/jason/Desktop/OrganelleClassifyDataset/train/Autosome/PS-SI--23000X--0032_Autosome_1.tif,e900852dde7738d9
train,Autosome,Autosome/PV--30000X--0094_Autosome_1.tif,/Users/jason/Desktop/OrganelleClassifyDataset/train/Autosome/PV--30000X--0094_Autosome_1.tif,ae54b1b2c6cd1b31
train,Autosome,Autosome/PW10--30000X--0042_Autosome_1.tif,/Users/jason/Desktop/OrganelleClassifyDataset/train/Autosome/PW10--30000X--0042_Autosome_1.tif,ec8ab06d8ff818b1
train,Autosome,Autosome/PW10--30000X--0043_Autosome_1.tif,/Users/jason/Desktop/OrganelleClassifyDataset/train/Autosome/PW10--30000X--0043_Autosome_1.tif,bf80844997e78d66
train,Autosome,Autosome/PW10--30000X--0075_Autosome_1.tif,/Users/jason/Desktop/OrganelleClassifyDataset/train/Autosome/PW10--30000X--0075_Autosome_1.tif,af92902b8d345ef2
train,Autosome,Autosome/RKO-SEP-0--30000X--0012_Autosome_1.tif,/Users/jason/Desktop/OrganelleClassifyDataset/train/Autosome/RKO-SEP-0--30000X--0012_Autosome_1.tif,f09ac3341b5527ce
train,Autosome,Autosome/RKO-SEP-0--30000X--0013_Autosome_1.tif,/Users/jason/Desktop/OrganelleClassifyDataset/train/Autosome/RKO-SEP-0--30000X--0013_Autosome_1.tif,a9a8d73d08ad6956
train,Autosome,Autosome/RKO-SEP-0--30000X--0013_Autosome_2.tif,/Users/jason/Desktop/OrganelleClassifyDataset/train/Autosome/RKO-SEP-0--30000X--0013_Autosome_2.tif,f06a8b6d78270ea6
train,Autosome,Autosome/RKO-SEP-3--30000X--0014_Autosome_1.tif,/Users/jason/Desktop/OrganelleClassifyDataset/train/Autosome/RKO-SEP-3--30000X--0014_Autosome_1.tif,f439d292dc87b09c
train,Autosome,Autosome/RKO-SEP-9--30000X--0008_Autosome_1.tif,/Users/jason/Desktop/OrganelleClassifyDataset/train/Autosome/RKO-SEP-9--30000X--0008_Autosome_1.tif,f8a4d3013ff0b8ca
train,Autosome,Autosome/RKO-SEP-9--30000X--0011_Autosome_1.tif,/Users/jason/Desktop/OrganelleClassifyDataset/train/Autosome/RKO-SEP-9--30000X--0011_Autosome_1.tif,baec95289ee069a6
train,Autosome,Autosome/RKO-SEP-9--30000X--0012_Autosome_1.tif,/Users/jason/Desktop/OrganelleClassifyDataset/train/Autosome/RKO-SEP-9--30000X--0012_Autosome_1.tif,f74f912c2b306c72
train,Autosome,Autosome/SH1--18500X--0018_Autosome_1.tif,/Users/jason/Desktop/OrganelleClassifyDataset/train/Autosome/SH1--18500X--0018_Autosome_1.tif,ac8442df8d5e5479
train,Autosome,Autosome/SH1--18500X--0031_Autosome_2.tif,/Users/jason/Desktop/OrganelleClassifyDataset/train/Autosome/SH1--18500X--0031_Autosome_2.tif,a97e3220b78577a2
train,Autosome,Autosome/SH1--18500X--0031_Autosome_3.tif,/Users/jason/Desktop/OrganelleClassifyDataset/train/Autosome/SH1--18500X--0031_Autosome_3.tif,d5e2d2e789ce2039
train,Autosome,Autosome/ZYZ--49000X--0001_Autosome_1.tif,/Users/jason/Desktop/OrganelleClassifyDataset/train/Autosome/ZYZ--49000X--0001_Autosome_1.tif,ffd8d0c98dc66604
train,Autosome,Autosome/ZYZ--49000X--0001_Autosome_2.tif,/Users/jason/Desktop/OrganelleClassifyDataset/train/Autosome/ZYZ--49000X--0001_Autosome_2.tif,afff84e29e049a03
train,Autosome,Autosome/ZYZ--49000X--0001_Autosome_3.tif,/Users/jason/Desktop/OrganelleClassifyDataset/train/Autosome/ZYZ--49000X--0001_Autosome_3.tif,bb0c84549e0d6f9d
train,Autosome,Autosome/ZYZ--49000X--0002_Autosome_1.tif,/Users/jason/Desktop/OrganelleClassifyDataset/train/Autosome/ZYZ--49000X--0002_Autosome_1.tif,a2ff94c4d2885ba9
train,Autosome,Autosome/ZYZ--49000X--0002_Autosome_2.tif,/Users/jason/Desktop/OrganelleClassifyDataset/train/Autosome/ZYZ--49000X--0002_Autosome_2.tif,e99e84cbcf0d0ca5
train,Autosome,Autosome/ZYZ--49000X--0002_Autosome_3.tif,/Users/jason/Desktop/OrganelleClassifyDataset/train/Autosome/ZYZ--49000X--0002_Autosome_3.tif,a575d2158f922ad9
train,Autosome,Autosome/ZYZ--49000X--0002_Autosome_5.tif,/Users/jason/Desktop/OrganelleClassifyDataset/train/Autosome/ZYZ--49000X--0002_Autosome_5.tif,ef38d0c28a6f1b2c
train,Autosome,Autosome/ZYZ--49000X--0003_Autosome_1.tif,/Users/jason/Desktop/OrganelleClassifyDataset/train/Autosome/ZYZ--49000X--0003_Autosome_1.tif,bc159345d60eb257
train,Autosome,Autosome/ZYZ--49000X--0003_Autosome_2.tif,/Users/jason/Desktop/OrganelleClassifyDataset/train/Autosome/ZYZ--49000X--0003_Autosome_2.tif,ea9f93218e8770b2
train,Autosome,Autosome/ZYZ--49000X--0003_Autosome_3.tif,/Users/jason/Desktop/OrganelleClassifyDataset/train/Autosome/ZYZ--49000X--0003_Autosome_3.tif,fef5d092962ad904
train,Autosome,Autosome/ZYZ--49000X--0004_Autosome_1.tif,/Users/jason/Desktop/OrganelleClassifyDataset/train/Autosome/ZYZ--49000X--0004_Autosome_1.tif,a7e6905bc98c0bdc
train,Autosome,Autosome/l--49000X--0040_Autosome_1.tif,/Users/jason/Desktop/OrganelleClassifyDataset/train/Autosome/l--49000X--0040_Autosome_1.tif,b80b303fad756664
train,Autosome,Autosome/ls--49000X--0037_Autosome_1.tif,/Users/jason/Desktop/OrganelleClassifyDataset/train/Autosome/ls--49000X--0037_Autosome_1.tif,8d4e39f4ca7e1129
train,Autosome,Autosome/ls--49000X--0046_Autosome_1.tif,/Users/jason/Desktop/OrganelleClassifyDataset/train/Autosome/ls--49000X--0046_Autosome_1.tif,b5110a3a595b6ccf
train,Autosome,Autosome/ls--49000X--0047_Autosome_1.tif,/Users/jason/Desktop/OrganelleClassifyDataset/train/Autosome/ls--49000X--0047_Autosome_1.tif,84891a3265df3d6d
train,Autosome,Autosome/model_j51--30000X--0035_Autosome_1.tif,/Users/jason/Desktop/OrganelleClassifyDataset/train/Autosome/model_j51--30000X--0035_Autosome_1.tif,fed58151c8ec962a
train,CellWall,CellWall/1-1-llq_008_Cell_Wall_1.tif,/Users/jason/Desktop/OrganelleClassifyDataset/train/CellWall/1-1-llq_008_Cell_Wall_1.tif,f764195397ac48d2
train,CellWall,CellWall/1-1-llq_009_Cell_Wall_1.tif,/Users/jason/Desktop/OrganelleClassifyDataset/train/CellWall/1-1-llq_009_Cell_Wall_1.tif,eec5342dc23c55a6
train,CellWall,CellWall/1-1-llq_010_Cell_Wall_2.tif,/Users/jason/Desktop/OrganelleClassifyDataset/train/CellWall/1-1-llq_010_Cell_Wall_2.tif,ad64cc1911f29e2f
train,CellWall,CellWall/1-llq_008_Cell_Wall_1.tif,/Users/jason/Desktop/OrganelleClassifyDataset/train/CellWall/1-llq_008_Cell_Wall_1.tif,f2530decc37a304e
train,CellWall,CellWall/1.1_007_Cell_Wall_1.tif,/Users/jason/Desktop/OrganelleClassifyDataset/train/CellWall/1.1_007_Cell_Wall_1.tif,9e526925ed0571ec
train,CellWall,CellWall/11-1-1_009_Cell_Wall_1.tif,/Users/jason/Desktop/OrganelleClassifyDataset/train/CellWall/11-1-1_009_Cell_Wall_1.tif,8c0412cf6d67d9f2
train,CellWall,CellWall/11-1-1_010_Cell_Wall_1.tif,/Users/jason/Desktop/OrganelleClassifyDataset/train/CellWall/11-1-1_010_Cell_Wall_1.tif,921979235f185be3
train,CellWall,CellWall/12-1-1_004_Cell_Wall_2.tif,/Users/jason/Desktop/OrganelleClassifyDataset/train/CellWall/12-1-1_004_Cell_Wall_2.tif,8cb8632e694b99da
train,CellWall,CellWall/12-1-1_004_Cell_Wall_3.tif,/Users/jason/Desktop/OrganelleClassifyDataset/train/CellWall/12-1-1_004_Cell_Wall_3.tif,d46a3712190dc6df
train,CellWall,CellWall/12-1-1_008_Cell_Wall_2.tif,/Users/jason/Desktop/OrganelleClassifyDataset/train/CellWall/12-1-1_008_Cell_Wall_2.tif,92ed241bc4d2bd2e
train,CellWall,CellWall/12-1-1_008_Cell_Wall_3.tif,/Users/jason/Desktop/OrganelleClassifyDataset/train/CellWall/12-1-1_008_Cell_Wall_3.tif,8c0a63e7d3f93506
train,CellWall,CellWall/12-1-1_012_Cell_Wall_1.tif,/Users/jason/Desktop/OrganelleClassifyDataset/train/CellWall/12-1-1_012_Cell_Wall_1.tif,87597326986ba4d3
train,CellWall,CellWall/12-1-1_012_Cell_Wall_2.tif,/Users/jason/Desktop/OrganelleClassifyDataset/train/CellWall/12-1-1_012_Cell_Wall_2.tif,d6d12ddd700cd174
train,CellWall,CellWall/12-1-1_012_Cell_Wall_3.tif,/Users/jason/Desktop/OrganelleClassifyDataset/train/CellWall/12-1-1_012_Cell_Wall_3.tif,ec321b6cd6d9a44a
train,CellWall,CellWall/12-1-1_012_Cell_Wall_4.tif,/Users/jason/Desktop/OrganelleClassifyDataset/train/CellWall/12-1-1_012_Cell_Wall_4.tif,aed0659a0da673a9
train,CellWall,CellWall/13-1_009_Cell_Wall_1.tif,/Users/jason/Desktop/OrganelleClassifyDataset/train/CellWall/13-1_009_Cell_Wall_1.tif,c8fe7e9d8f434060
train,CellWall,CellWall/13-1_009_Cell_Wall_2.tif,/Users/jason/Desktop/OrganelleClassifyDataset/train/CellWall/13-1_009_Cell_Wall_2.tif,8eece623bd952443
train,CellWall,CellWall/13-1_009_Cell_Wall_3.tif,/Users/jason/Desktop/OrganelleClassifyDataset/train/CellWall/13-1_009_Cell_Wall_3.tif,c01bb3b3363a71b4
train,CellWall,CellWall/13-1_011_Cell_Wall_1.tif,/Users/jason/Desktop/OrganelleClassifyDataset/train/CellWall/13-1_011_Cell_Wall_1.tif,893d638fb06b59a1
train,CellWall,CellWall/13-1_012_Cell_Wall_1.tif,/Users/jason/Desktop/OrganelleClassifyDataset/train/CellWall/13-1_012_Cell_Wall_1.tif,991654692db46d5b
train,CellWall,CellWall/13-1_013_Cell_Wall_1.tif,/Users/jason/Desktop/OrganelleClassifyDataset/train/CellWall/13-1_013_Cell_Wall_1.tif,8c7339439309fb8b
train,CellWall,CellWall/14-1_001_Cell_Wall_1.tif,/Users/jason/Desktop/OrganelleClassifyDataset/train/CellWall/14-1_001_Cell_Wall_1.tif,99a62c1b7ebc84c3
train,CellWall,CellWall/14-1_001_Cell_Wall_3.tif,/Users/jason/Desktop/OrganelleClassifyDataset/train/CellWall/14-1_001_Cell_Wall_3.tif,aa973a61269cd993
train,CellWall,CellWall/14-1_003_Cell_Wall_1.tif,/Users/jason/Desktop/OrganelleClassifyDataset/train/CellWall/14-1_003_Cell_Wall_1.tif,d2133f74809d7e2a
train,CellWall,CellWall/14-1_008_Cell_Wall_1.tif,/Users/jason/Desktop/OrganelleClassifyDataset/train/CellWall/14-1_008_Cell_Wall_1.tif,96ebad3a2f0e8381
train,CellWall,CellWall/14-1_014_Cell_Wall_1.tif,/Users/jason/Desktop/OrganelleClassifyDataset/train/CellWall/14-1_014_Cell_Wall_1.tif,ad584c3eb882477b
train,CellWall,CellWall/14-1_015_Cell_Wall_1.tif,/Users/jason/Desktop/OrganelleClassifyDataset/train/CellWall/14-1_015_Cell_Wall_1.tif,8d98b3b6b684a68d
train,CellWall,CellWall/15-1_001_Cell_Wall_1.tif,/Users/jason/Desktop/OrganelleClassifyDataset/train/CellWall/15-1_001_Cell_Wall_1.tif,b64d4fa4526741b5
train,CellWall,CellWall/15-1_006_Cell_Wall_1.tif,/Users/jason/Desktop/OrganelleClassifyDataset/train/CellWall/15-1_006_Cell_Wall_1.tif,f3315890bcab7255
train,CellWall,CellWall/15-1_008_Cell_Wall_1.tif,/Users/jason/Desktop/OrganelleClassifyDataset/train/CellWall/15-1_008_Cell_Wall_1.tif,8360f07c7ca399d9
train,CellWall,CellWall/15-1_009_Cell_Wall_1.tif,/Users/jason/Desktop/OrganelleClassifyDataset/train/CellWall/15-1_009_Cell_Wall_1.tif,9973cc33d21693a6
train,CellWall,CellWall/15-1_010_Cell_Wall_1.tif,/Users/jason/Desktop/OrganelleClassifyDataset/train/CellWall/15-1_010_Cell_Wall_1.tif,8db14b18278af66d
train,CellWall,CellWall/15-1_010_Cell_Wall_2.tif,/Users/jason/Desktop/OrganelleClassifyDataset/train/CellWall/15-1_010_Cell_Wall_2.tif,d5b561cd9b628c70
train,CellWall,CellWall/15-1_016_Cell_Wall_2.tif,/Users/jason/Desktop/OrganelleClassifyDataset/train/CellWall/15-1_016_Cell_Wall_2.tif,9dfc321180a32f7e
train,CellWall,CellWall/15-1_016_Cell_Wall_3.tif,/Users/jason/Desktop/OrganelleClassifyDataset/train/CellWall/15-1_016_Cell_Wall_3.tif,e01f36e64f085b53
train,CellWall,CellWall/15-1_018_Cell_Wall_1.tif,/Users/jason/Desktop/OrganelleClassifyDataset/train/CellWall/15-1_018_Cell_Wall_1.tif,a4b06d5da70e49f2
train,CellWall,CellWall/15-1_018_Cell_Wall_2.tif,/Users/jason/Desktop/OrganelleClassifyDataset/train/CellWall/15-1_018_Cell_Wall_2.tif,806fa7a7d753e090
train,CellWall,CellWall/17-1_004_Cell_Wall_1.tif,/Users/jason/Desktop/OrganelleClassifyDataset/train/CellWall/17-1_004_Cell_Wall_1.tif,99666c71328dcb4b
train,CellWall,CellWall/17-1_004_Cell_Wall_2.tif,/Users/jason/Desktop/OrganelleClassifyDataset/train/CellWall/17-1_004_Cell_Wall_2.tif,db3c653c2b8f8590
train,CellWall,CellWall/17-1_004_Cell_Wall_3.tif,/Users/jason/Desktop/OrganelleClassifyDataset/train/CellWall/17-1_004_Cell_Wall_3.tif,c9492b95d63aa1a7
train,CellWall,CellWall/17-1_011_Cell_Wall_1.tif,/Users/jason/Desktop/OrganelleClassifyDataset/train/CellWall/17-1_011_Cell_Wall_1.tif,993634b664eda82d
train,CellWall,CellWall/18-1_001_Cell_Wall_1.tif,/Users/jason/Desktop/OrganelleClassifyDataset/train/CellWall/18-1_001_Cell_Wall_1.tif,bece60d4c8f11273
train,CellWall,CellWall/18-1_001_Cell_Wall_2.tif,/Users/jason/Desktop/OrganelleClassifyDataset/train/CellWall/18-1_001_Cell_Wall_2.tif,ca496a8715ada19f
train,CellWall,CellWall/18-1_001_Cell_Wall_3.tif,/Users/jason/Desktop/OrganelleClassifyDataset/train/CellWall/18-1_001_Cell_Wall_3.tif,92ebb5961b894e0b
train,CellWall,CellWall/19-1-1_002_Cell_Wall_1.tif,/Users/jason/Desktop/OrganelleClassifyDataset/train/CellWall/19-1-1_002_Cell_Wall_1.tif,896e66b159ac934b
train,CellWall,CellWall/19-1-1_002_Cell_Wall_2.tif,/Users/jason/Desktop/OrganelleClassifyDataset/train/CellWall/19-1-1_002_Cell_Wall_2.tif,8687e793e0994af4
train,CellWall,CellWall/19-1-1_003_Cell_Wall_1.tif,/Users/jason/Desktop/OrganelleClassifyDataset/train/CellWall/19-1-1_003_Cell_Wall_1.tif,8bf8750bd4e02f94
train,CellWall,CellWall/19-1_001_Cell_Wall_1.tif,/Users/jason/Desktop/OrganelleClassifyDataset/train/CellWall/19-1_001_Cell_Wall_1.tif,905f013d5f4de4a6
train,CellWall,CellWall/19-1_001_Cell_Wall_2.tif,/Users/jason/Desktop/OrganelleClassifyDataset/train/CellWall/19-1_001_Cell_Wall_2.tif,ad63359546b25aac
train,CellWall,CellWall/19-1_004_Cell_Wall_1.tif,/Users/jason/Desktop/OrganelleClassifyDataset/train/CellWall/19-1_004_Cell_Wall_1.tif,8e41737c3b9786c1
train,CellWall,CellWall/19-1_007_Cell_Wall_1.tif,/Users/jason/Desktop/OrganelleClassifyDataset/train/CellWall/19-1_007_Cell_Wall_1.tif,99334c9d4e4d96c9
train,CellWall,CellWall/19-1_008_Cell_Wall_1.tif,/Users/jason/Desktop/OrganelleClassifyDataset/train/CellWall/19-1_008_Cell_Wall_1.tif,874f74b49f5f0901
train,CellWall,CellWall/19-1_008_Cell_Wall_2.tif,/Users/jason/Desktop/OrganelleClassifyDataset/train/CellWall/19-1_008_Cell_Wall_2.tif,d52a15556ab5954e
train,CellWall,CellWall/1gill_002_Cell_Wall_1.tif,/Users/jason/Desktop/OrganelleClassifyDataset/train/CellWall/1gill_002_Cell_Wall_1.tif,d5d1b0803f6bca17
train,CellWall,CellWall/1gill_002_Cell_Wall_2.tif,/Users/jason/Desktop/OrganelleClassifyDataset/train/CellWall/1gill_002_Cell_Wall_2.tif,ece34859339286fc
train,CellWall,CellWall/1gill_003_Cell_Wall_1.tif,/Users/jason/Desktop/OrganelleClassifyDataset/train/CellWall/1gill_003_Cell_Wall_1.tif,9fc5a9fcab0300cb
train,CellWall,CellWall/2-llq_003_Cell_Wall_1.tif,/Users/jason/Desktop/OrganelleClassifyDataset/train/CellWall/2-llq_003_Cell_Wall_1.tif,f7c0ed8b60f40bb0
train,CellWall,CellWall/2-llq_005_Cell_Wall_1.tif,/Users/jason/Desktop/OrganelleClassifyDataset/train/CellWall/2-llq_005_Cell_Wall_1.tif,e3687b1914c9bc36
train,CellWall,CellWall/2-llq_006_Cell_Wall_1.tif,/Users/jason/Desktop/OrganelleClassifyDataset/train/CellWall/2-llq_006_Cell_Wall_1.tif,e432194fd2c6c7d1
train,CellWall,CellWall/2-llq_009_Cell_Wall_1.tif,/Users/jason/Desktop/OrganelleClassifyDataset/train/CellWall/2-llq_009_Cell_Wall_1.tif,e88e8487d4c74f63
train,CellWall,CellWall/20-1_002_Cell_Wall_1.tif,/Users/jason/Desktop/OrganelleClassifyDataset/train/CellWall/20-1_002_Cell_Wall_1.tif,cc0c74a65fc92676
train,CellWall,CellWall/2gill_007_Cell_Wall_1.tif,/Users/jason/Desktop/OrganelleClassifyDataset/train/CellWall/2gill_007_Cell_Wall_1.tif,e99363c572964d92
train,CellWall,CellWall/2gill_007_Cell_Wall_2.tif,/Users/jason/Desktop/OrganelleClassifyDataset/train/CellWall/2gill_007_Cell_Wall_2.tif,9188c463b1b87cbf
train,CellWall,CellWall/2gill_007_Cell_Wall_3.tif,/Users/jason/Desktop/OrganelleClassifyDataset/train/CellWall/2gill_007_Cell_Wall_3.tif,d4aa52e5abea06e8
train,CellWall,CellWall/2gill_008_Cell_Wall_1.tif,/Users/jason/Desktop/OrganelleClassifyDataset/train/CellWall/2gill_008_Cell_Wall_1.tif,a61b1b190c9c6ef6
train,CellWall,CellWall/3-llq_004_Cell_Wall_1.tif,/Users/jason/Desktop/OrganelleClassifyDataset/train/CellWall/3-llq_004_Cell_Wall_1.tif,84fba0f90e9f134c
train,CellWall,CellWall/3-llq_006_Cell_Wall_1.tif,/Users/jason/Desktop/OrganelleClassifyDataset/train/CellWall/3-llq_006_Cell_Wall_1.tif,b3933bdf6d85c200
train,CellWall,CellWall/3-llq_009_Cell_Wall_1.tif,/Users/jason/Desktop/OrganelleClassifyDataset/train/CellWall/3-llq_009_Cell_Wall_1.tif,f653e6240cccb939
train,CellWall,CellWall/3-llq_010_Cell_Wall_1.tif,/Users/jason/Desktop/OrganelleClassifyDataset/train/CellWall/3-llq_010_Cell_Wall_1.tif,b30b3f77398406e1
train,CellWall,CellWall/3-llq_011_Cell_Wall_1.tif,/Users/jason/Desktop/OrganelleClassifyDataset/train/CellWall/3-llq_011_Cell_Wall_1.tif,eab4ce45299ca762
train,CellWall,CellWall/3-llq_013_Cell_Wall_1.tif,/Users/jason/Desktop/OrganelleClassifyDataset/train/CellWall/3-llq_013_Cell_Wall_1.tif,b5ca6abc80157967
train,CellWall,CellWall/3-llq_013_Cell_Wall_2.tif,/Users/jason/Desktop/OrganelleClassifyDataset/train/CellWall/3-llq_013_Cell_Wall_2.tif,c7ed32f0f158700b
train,CellWall,CellWall/3-llq_014_Cell_Wall_1.tif,/Users/jason/Desktop/OrganelleClassifyDataset/train/CellWall/3-llq_014_Cell_Wall_1.tif,cebd1807674a8c5b
train,CellWall,CellWall/3.1_008_Cell_Wall_1.tif,/Users/jason/Desktop/OrganelleClassifyDataset/train/CellWall/3.1_008_Cell_Wall_1.tif,b3e38399914f6c91
train,CellWall,CellWall/3.1_013_Cell_Wall_1.tif,/Users/jason/Desktop/OrganelleClassifyDataset/train/CellWall/3.1_013_Cell_Wall_1.tif,e6494c7724669bd2
train,CellWall,CellWall/3gill_001_Cell_Wall_1.tif,/Users/jason/Desktop/OrganelleClassifyDataset/train/CellWall/3gill_001_Cell_Wall_1.tif,84e0c0c9783f9fcd
train,CellWall,CellWall/3gill_001_Cell_Wall_2.tif,/Users/jason/Desktop/OrganelleClassifyDataset/train/CellWall/3gill_001_Cell_Wall_2.tif,b29da6d9269922cd
train,CellWall,CellWall/3gill_006_Cell_Wall_1.tif,/Users/jason/Desktop/OrganelleClassifyDataset/train/CellWall/3gill_006_Cell_Wall_1.tif,ad4b4249d4d4f4f4
train,CellWall,CellWall/3gill_011_Cell_Wall_1.tif,/Users/jason/Desktop/OrganelleClassifyDataset/train/CellWall/3gill_011_Cell_Wall_1.tif,c902058f9f121f7f
train,CellWall,CellWall/3gill_011_Cell_Wall_2.tif,/Users/jason/Desktop/OrganelleClassifyDataset/train/CellWall/3gill_011_Cell_Wall_2.tif,a5fa01fd0ef8cc03
train,CellWall,CellWall/4-llq_002_Cell_Wall_1.tif,/Users/jason/Desktop/OrganelleClassifyDataset/train/CellWall/4-llq_002_Cell_Wall_1.tif,8e63cf1813b6a70d
train,CellWall,CellWall/4-llq_008_Cell_Wall_1.tif,/Users/jason/Desktop/OrganelleClassifyDataset/train/CellWall/4-llq_008_Cell_Wall_1.tif,dbcbc2d213963634
train,CellWall,CellWall/4-llq_009_Cell_Wall_1.tif,/Users/jason/Desktop/OrganelleClassifyDataset/train/CellWall/4-llq_009_Cell_Wall_1.tif,b9e10e636379613c
train,CellWall,CellWall/4.1_004_Cell_Wall_1.tif,/Users/jason/Desktop/OrganelleClassifyDataset/train/CellWall/4.1_004_Cell_Wall_1.tif,ec52535c58ed68d8
train,CellWall,CellWall/4.1_008_Cell_Wall_1.tif,/Users/jason/Desktop/OrganelleClassifyDataset/train/CellWall/4.1_008_Cell_Wall_1.tif,a06b4b1873273d79
train,CellWall,CellWall/4.1_009_Cell_Wall_1.tif,/Users/jason/Desktop/OrganelleClassifyDataset/train/CellWall/4.1_009_Cell_Wall_1.tif,f35b4193a2368cb5
train,CellWall,CellWall/4gill_002_Cell_Wall_1.tif,/Users/jason/Desktop/OrganelleClassifyDataset/train/CellWall/4gill_002_Cell_Wall_1.tif,8480817fff2ece91
train,CellWall,CellWall/5drp1a-_006_Cell_Wall_1.tif,/Users/jason/Desktop/OrganelleClassifyDataset/train/CellWall/5drp1a-_006_Cell_Wall_1.tif,f0e197648a576996
train,CellWall,CellWall/5gill_001_Cell_Wall_1.tif,/Users/jason/Desktop/OrganelleClassifyDataset/train/CellWall/5gill_001_Cell_Wall_1.tif,80dcfc8f37806cda
train,CellWall,CellWall/5gill_001_Cell_Wall_2.tif,/Users/jason/Desktop/OrganelleClassifyDataset/train/CellWall/5gill_001_Cell_Wall_2.tif,d4a3ab53a25555a9
train,CellWall,CellWall/5gill_001_Cell_Wall_3.tif,/Users/jason/Desktop/OrganelleClassifyDataset/train/CellWall/5gill_001_Cell_Wall_3.tif,c436e9b0b79393d0
train,CellWall,CellWall/5gill_005_Cell_Wall_1.tif,/Users/jason/Desktop/OrganelleClassifyDataset/train/CellWall/5gill_005_Cell_Wall_1.tif,b79119c617e303c7
train,CellWall,CellWall/5gill_005_Cell_Wall_2.tif,/Users/jason/Desktop/OrganelleClassifyDataset/train/CellWall/5gill_005_Cell_Wall_2.tif,97aa54af0751a857
train,CellWall,CellWall/5gill_005_Cell_Wall_3.tif,/Users/jason/Desktop/OrganelleClassifyDataset/train/CellWall/5gill_005_Cell_Wall_3.tif,f53231c6e2e5ca45
train,CellWall,CellWall/5gill_006_Cell_Wall_1.tif,/Users/jason/Desktop/OrganelleClassifyDataset/train/CellWall/5gill_006_Cell_Wall_1.tif,ca56a3a55a5b52d4
train,CellWall,CellWall/5gill_006_Cell_Wall_2.tif,/Users/jason/Desktop/OrganelleClassifyDataset/train/CellWall/5gill_006_Cell_Wall_2.tif,a48d1b4f1f0f0b0f
train,CellWall,CellWall/5gill_007_Cell_Wall_1.tif,/Users/jason/Desktop/OrganelleClassifyDataset/train/CellWall/5gill_007_Cell_Wall_1.tif,859f2ce4433fc836
train,CellWall,CellWall/HST-CK_006_Cell_Wall_1.tif,/Users/jason/Desktop/OrganelleClassifyDataset/train/CellWall/HST-CK_006_Cell_Wall_1.tif,c467b350eca412fb
train,CellWall,CellWall/HST-CK_006_Cell_Wall_2.tif,/Users/jason/Desktop/OrganelleClassifyDataset/train/CellWall/HST-CK_006_Cell_Wall_2.tif,9bccc6c7e2c343c1
train,CellWall,CellWall/HST-CK_007_Cell_Wall_1.tif,/Users/jason/Desktop/OrganelleClassifyDataset/train/CellWall/HST-CK_007_Cell_Wall_1.tif,87b0f63f4b54290b
train,CellWall,CellWall/HST-CK_007_Cell_Wall_3.tif,/Users/jason/Desktop/OrganelleClassifyDataset/train/CellWall/HST-CK_007_Cell_Wall_3.tif,c6e327936b38c472
train,CellWall,CellWall/HST-CK_008_Cell_Wall_1.tif,/Users/jason/Desktop/OrganelleClassifyDataset/train/CellWall/HST-CK_008_Cell_Wall_1.tif,80337e53a76f5624
train,CellWall,CellWall/HST-CK_008_Cell_Wall_2.tif,/Users/jason/Desktop/OrganelleClassifyDataset/train/CellWall/HST-CK_008_Cell_Wall_2.tif,99c6f1f90f0f0313
train,CellWall,CellWall/HST-CK_008_Cell_Wall_3.tif,/Users/jason/Desktop/OrganelleClassifyDataset/train/CellWall/HST-CK_008_Cell_Wall_3.tif,c39ca36c5b567491
train,CellWall,CellWall/HST-CK_008_Cell_Wall_4.tif,/Users/jason/Desktop/OrganelleClassifyDataset/train/CellWall/HST-CK_008_Cell_Wall_4.tif,d07228b59ab8ec7c
train,CellWall,CellWall/HST-CK_010_Cell_Wall_2.tif,/Users/jason/Desktop/OrganelleClassifyDataset/train/CellWall/HST-CK_010_Cell_Wall_2.tif,db802bca1fe00df9
train,CellWall,CellWall/HST-TREAT_003_Cell_Wall_1.tif,/Users/jason/Desktop/OrganelleClassifyDataset/train/CellWall/HST-TREAT_003_Cell_Wall_1.tif,c4612453fd3f580f
train,CellWall,CellWall/HST-TREAT_004_Cell_Wall_1.tif,/Users/jason/Desktop/OrganelleClassifyDataset/train/CellWall/HST-TREAT_004_Cell_Wall_1.tif,c992d294b6607dd5
train,CellWall,CellWall/HST-TREAT_005_Cell_Wall_1.tif,/Users/jason/Desktop/OrganelleClassifyDataset/train/CellWall/HST-TREAT_005_Cell_Wall_1.tif,82e537bf0319ec34
train,CellWall,CellWall/HST-TREAT_005_Cell_Wall_2.tif,/Users/jason/Desktop/OrganelleClassifyDataset/train/CellWall/HST-TREAT_005_Cell_Wall_2.tif,d51b256be3444d8d
train,CellWall,CellWall/HST-TREAT_006_Cell_Wall_1.tif,/Users/jason/Desktop/OrganelleClassifyDataset/train/CellWall/HST-TREAT_006_Cell_Wall_1.tif,99c6f0781e0fa723
train,CellWall,CellWall/HST-TREAT_006_Cell_Wall_2.tif,/Users/jason/Desktop/OrganelleClassifyDataset/train/CellWall/HST-TREAT_006_Cell_Wall_2.tif,99f6b82d8f81c474
train,CellWall,CellWall/HST-TREAT_007_Cell_Wall_1.tif,/Users/jason/Desktop/OrganelleClassifyDataset/train/CellWall/HST-TREAT_007_Cell_Wall_1.tif,c07879901ede66a7
train,CellWall,CellWall/HST-TREAT_007_Cell_Wall_2.tif,/Users/jason/Desktop/OrganelleClassifyDataset/train/CellWall/HST-TREAT_007_Cell_Wall_2.tif,a262e4cc0d9d5aaf
train,CellWall,CellWall/HST-TREAT_007_Cell_Wall_3.tif,/Users/jason/Desktop/OrganelleClassifyDataset/train/CellWall/HST-TREAT_007_Cell_Wall_3.tif,9a4578ce4987d0bb
train,CellWall,CellWall/HST-TREAT_007_Cell_Wall_4.tif,/Users/jason/Desktop/OrganelleClassifyDataset/train/CellWall/HST-TREAT_007_Cell_Wall_4.tif,e38fb267604983e6
train,CellWall,CellWall/HST-TREAT_009_Cell_Wall_1.tif,/Users/jason/Desktop/OrganelleClassifyDataset/train/CellWall/HST-TREAT_009_Cell_Wall_1.tif,ad19e24f784b3705
train,CellWall,CellWall/HST-TREAT_010_Cell_Wall_2.tif,/Users/jason/Desktop/OrganelleClassifyDataset/train/CellWall/HST-TREAT_010_Cell_Wall_2.tif,b9d45111d9f57413
train,CellWall,CellWall/HST-TREAT_012_Cell_Wall_2.tif,/Users/jason/Desktop/OrganelleClassifyDataset/train/CellWall/HST-TREAT_012_Cell_Wall_2.tif,b7dcca8a153aeac0
train,CellWall,CellWall/HST-TREAT_012_Cell_Wall_3.tif,/Users/jason/Desktop/OrganelleClassifyDataset/train/CellWall/HST-TREAT_012_Cell_Wall_3.tif,c7909d20f8ef12e5
train,CellWall,CellWall/HST-TREAT_013_Cell_Wall_2.tif,/Users/jason/Desktop/OrganelleClassifyDataset/train/CellWall/HST-TREAT_013_Cell_Wall_2.tif,b306b898071cf3f3
train,CellWall,CellWall/HST-TREAT_013_Cell_Wall_3.tif,/Users/jason/Desktop/OrganelleClassifyDataset/train/CellWall/HST-TREAT_013_Cell_Wall_3.tif,c9d3acca847963b4
train,CellWall,CellWall/HST-TREAT_014_Cell_Wall_1.tif,/Users/jason/Desktop/OrganelleClassifyDataset/train/CellWall/HST-TREAT_014_Cell_Wall_1.tif,8a3ee762067c7887
train,CellWall,CellWall/HST-TREAT_014_Cell_Wall_2.tif,/Users/jason/Desktop/OrganelleClassifyDataset/train/CellWall/HST-TREAT_014_Cell_Wall_2.tif,9c3dc21cfde00be8
train,CellWall,CellWall/HST-TREAT_015_Cell_Wall_1.tif,/Users/jason/Desktop/OrganelleClassifyDataset/train/CellWall/HST-TREAT_015_Cell_Wall_1.tif,f4db59423ce690b8
train,CellWall,CellWall/HST-TREAT_015_Cell_Wall_2.tif,/Users/jason/Desktop/OrganelleClassifyDataset/train/CellWall/HST-TREAT_015_Cell_Wall_2.tif,9c895a17f851bdc2
train,CellWall,CellWall/NN17_003_Cell_Wall_1.tif,/Users/jason/Desktop/OrganelleClassifyDataset/train/CellWall/NN17_003_Cell_Wall_1.tif,d5a9ada6a5a55348
train,CellWall,CellWall/NN18_003_Cell_Wall_1.tif,/Users/jason/Desktop/OrganelleClassifyDataset/train/CellWall/NN18_003_Cell_Wall_1.tif,8806630efbcff81c
train,CellWall,CellWall/SHD-10_016_Cell_Wall_1.tif,/Users/jason/Desktop/OrganelleClassifyDataset/train/CellWall/SHD-10_016_Cell_Wall_1.tif,eade0a9748a2786d
train,CellWall,CellWall/SHD-10_021_Cell_Wall_1.tif,/Users/jason/Desktop/OrganelleClassifyDataset/train/CellWall/SHD-10_021_Cell_Wall_1.tif,8979b1237a7e9231
train,CellWall,CellWall/SHD-10_022_Cell_Wall_1.tif,/Users/jason/Desktop/OrganelleClassifyDataset/train/CellWall/SHD-10_022_Cell_Wall_1.tif,8e70739c992e2753
train,CellWall,CellWall/SHD-10_024_Cell_Wall_1.tif,/Users/jason/Desktop/OrganelleClassifyDataset/train/CellWall/SHD-10_024_Cell_Wall_1.tif,ec3e96496992b2a3
train,CellWall,CellWall/club2_007_Cell_Wall_2.tif,/Users/jason/Desktop/OrganelleClassifyDataset/train/CellWall/club2_007_Cell_Wall_2.tif,c67cbf0be21623e0
train,CellWall,CellWall/drp1a+_009_Cell_Wall_1.tif,/Users/jason/Desktop/OrganelleClassifyDataset/train/CellWall/drp1a+_009_Cell_Wall_1.tif,d52a14ab71b5ce07
train,CellWall,CellWall/drp1a+_014_Cell_Wall_1.tif,/Users/jason/Desktop/OrganelleClassifyDataset/train/CellWall/drp1a+_014_Cell_Wall_1.tif,c087bfff81a400eb
train,CellWall,CellWall/drp1a-_001_Cell_Wall_1.tif,/Users/jason/Desktop/OrganelleClassifyDataset/train/CellWall/drp1a-_001_Cell_Wall_1.tif,b862da534419df9c
train,CellWall,CellWall/drp1a-_001_Cell_Wall_2.tif,/Users/jason/Desktop/OrganelleClassifyDataset/train/CellWall/drp1a-_001_Cell_Wall_2.tif,e2321eaf994c8b4d
train,CellWall,CellWall/drp1a-_001_Cell_Wall_3.tif,/Users/jason/Desktop/OrganelleClassifyDataset/train/CellWall/drp1a-_001_Cell_Wall_3.tif,a85bda38695cb4a5
train,CellWall,CellWall/drp1a-_002_Cell_Wall_1.tif,/Users/jason/Desktop/OrganelleClassifyDataset/train/CellWall/drp1a-_002_Cell_Wall_1.tif,f43c9d4e875389a8
train,CellWall,CellWall/ech_001_Cell_Wall_1.tif,/Users/jason/Desktop/OrganelleClassifyDataset/train/CellWall/ech_001_Cell_Wall_1.tif,e168bfde0420d87b
train,CellWall,CellWall/ech_001_Cell_Wall_2.tif,/Users/jason/Desktop/OrganelleClassifyDataset/train/CellWall/ech_001_Cell_Wall_2.tif,90cf76bb0d02c1fc
train,CellWall,CellWall/ecidna_005_Cell_Wall_1.tif,/Users/jason/Desktop/OrganelleClassifyDataset/train/CellWall/ecidna_005_Cell_Wall_1.tif,9f9f0e1e0e385878
train,CellWall,CellWall/essam21_004_Cell_Wall_1.tif,/Users/jason/Desktop/OrganelleClassifyDataset/train/CellWall/essam21_004_Cell_Wall_1.tif,de52c36ba1d1594a
train,CellWall,CellWall/essam21_005_Cell_Wall_1.tif,/Users/jason/Desktop/OrganelleClassifyDataset/train/CellWall/essam21_005_Cell_Wall_1.tif,9d6dc2c5ae983970
train,CellWall,CellWall/essam21_005_Cell_Wall_2.tif,/Users/jason/Desktop/OrganelleClassifyDataset/train/CellWall/essam21_005_Cell_Wall_2.tif,86b341b1789de41f
train,CellWall,CellWall/essam21_007_Cell_Wall_1.tif,/Users/jason/Desktop/OrganelleClassifyDataset/train/CellWall/essam21_007_Cell_Wall_1.tif,ee9d1e0d8f463912
train,CellWall,CellWall/essam21_007_Cell_Wall_2.tif,/Users/jason/Desktop/OrganelleClassifyDataset/train/CellWall/essam21_007_Cell_Wall_2.tif,eb715ad4164897c6
train,CellWall,CellWall/essam21_009_Cell_Wall_1.tif,/Users/jason/Desktop/OrganelleClassifyDataset/train/CellWall/essam21_009_Cell_Wall_1.tif,c2ddbd25ab3aca02
train,CellWall,CellWall/huluobo_xianyang_1_013_Cell_Wall_1.tif,/Users/jason/Desktop/OrganelleClassifyDataset/train/CellWall/huluobo_xianyang_1_013_Cell_Wall_1.tif,bb479eb0041df9c1
train,CellWall,CellWall/huluobo_xianyang_1_013_Cell_Wall_2.tif,/Users/jason/Desktop/OrganelleClassifyDataset/train/CellWall/huluobo_xianyang_1_013_Cell_Wall_2.tif,b7759576840ed8c2
train,CellWall,CellWall/lyn10_001_Cell_Wall_1.tif,/Users/jason/Desktop/OrganelleClassifyDataset/train/CellWall/lyn10_001_Cell_Wall_1.tif,b4ba8c4f33590c9e
train,CellWall,CellWall/lyn10_001_Cell_Wall_2.tif,/Users/jason/Desktop/OrganelleClassifyDataset/train/CellWall/lyn10_001_Cell_Wall_2.tif,d73b54aecc8a5423
train,CellWall,CellWall/lyn10_008_Cell_Wall_1.tif,/Users/jason/Desktop/OrganelleClassifyDataset/train/CellWall/lyn10_008_Cell_Wall_1.tif,e69946c1d0d8fc1b
train,CellWall,CellWall/lyn10_008_Cell_Wall_2.tif,/Users/jason/Desktop/OrganelleClassifyDataset/train/CellWall/lyn10_008_Cell_Wall_2.tif,e565ad2956b49392
train,CellWall,CellWall/lyn10_008_Cell_Wall_4.tif,/Users/jason/Desktop/OrganelleClassifyDataset/train/CellWall/lyn10_008_Cell_Wall_4.tif,e7b2e78c9814b8c3
train,CellWall,CellWall/lyn10_013_Cell_Wall_1.tif,/Users/jason/Desktop/OrganelleClassifyDataset/train/CellWall/lyn10_013_Cell_Wall_1.tif,bcc1d0b660a91fe9
train,CellWall,CellWall/lyn11_001_Cell_Wall_2.tif,/Users/jason/Desktop/OrganelleClassifyDataset/train/CellWall/lyn11_001_Cell_Wall_2.tif,a95acce57b990e03
train,CellWall,CellWall/lyn11_004_Cell_Wall_1.tif,/Users/jason/Desktop/OrganelleClassifyDataset/train/CellWall/lyn11_004_Cell_Wall_1.tif,e131e1438edf49ac
train,CellWall,CellWall/lyn11_007_Cell_Wall_1.tif,/Users/jason/Desktop/OrganelleClassifyDataset/train/CellWall/lyn11_007_Cell_Wall_1.tif,a6fc815fb2225699
train,CellWall,CellWall/lyn11_007_Cell_Wall_2.tif,/Users/jason/Desktop/OrganelleClassifyDataset/train/CellWall/lyn11_007_Cell_Wall_2.tif,f342595b5c635549
train,CellWall,CellWall/lyn11_015_Cell_Wall_1.tif,/Users/jason/Desktop/OrganelleClassifyDataset/train/CellWall/lyn11_015_Cell_Wall_1.tif,c0d4c7957f208f4b
train,CellWall,CellWall/lyn12_002_Cell_Wall_1.tif,/Users/jason/Desktop/OrganelleClassifyDataset/train/CellWall/lyn12_002_Cell_Wall_1.tif,8127931828fffe38
train,CellWall,CellWall/lyn12_002_Cell_Wall_2.tif,/Users/jason/Desktop/OrganelleClassifyDataset/train/CellWall/lyn12_002_Cell_Wall_2.tif,c4d78436d5ad6b82
train,CellWall,CellWall/lyn12_002_Cell_Wall_3.tif,/Users/jason/Desktop/OrganelleClassifyDataset/train/CellWall/lyn12_002_Cell_Wall_3.tif,e53039541ee51ea7
train,CellWall,CellWall/lyn12_005_Cell_Wall_2.tif,/Users/jason/Desktop/OrganelleClassifyDataset/train/CellWall/lyn12_005_Cell_Wall_2.tif,fab9143347ccca86
train,CellWall,CellWall/lyn13_001_Cell_Wall_1.tif,/Users/jason/Desktop/OrganelleClassifyDataset/train/CellWall/lyn13_001_Cell_Wall_1.tif,ab34d50535e9ed12
train,CellWall,CellWall/lyn13_001_Cell_Wall_3.tif,/Users/jason/Desktop/OrganelleClassifyDataset/train/CellWall/lyn13_001_Cell_Wall_3.tif,9aa5d2c1a1721bdd
train,CellWall,CellWall/lyn13_002_Cell_Wall_1.tif,/Users/jason/Desktop/OrganelleClassifyDataset/train/CellWall/lyn13_002_Cell_Wall_1.tif,e46cb9d318a32c67
train,CellWall,CellWall/lyn13_003_Cell_Wall_1.tif,/Users/jason/Desktop/OrganelleClassifyDataset/train/CellWall/lyn13_003_Cell_Wall_1.tif,a8293d366c6c74f2
train,CellWall,CellWall/lyn13_006_Cell_Wall_1.tif,/Users/jason/Desktop/OrganelleClassifyDataset/train/CellWall/lyn13_006_Cell_Wall_1.tif,8ada15f6083db71a
train,CellWall,CellWall/lyn13_009_Cell_Wall_1.tif,/Users/jason/Desktop/OrganelleClassifyDataset/train/CellWall/lyn13_009_Cell_Wall_1.tif,e3916cb42399669b
train,CellWall,CellWall/lyn13_010_Cell_Wall_1.tif,/Users/jason/Desktop/OrganelleClassifyDataset/train/CellWall/lyn13_010_Cell_Wall_1.tif,8004bf7b308c4ff7
train,CellWall,CellWall/lyn14_001_Cell_Wall_1.tif,/Users/jason/Desktop/OrganelleClassifyDataset/train/CellWall/lyn14_001_Cell_Wall_1.tif,bc83078c59e6a1f6
train,CellWall,CellWall/lyn14_001_Cell_Wall_2.tif,/Users/jason/Desktop/OrganelleClassifyDataset/train/CellWall/lyn14_001_Cell_Wall_2.tif,bb9c193358e4d923
train,CellWall,CellWall/lyn14_001_Cell_Wall_3.tif,/Users/jason/Desktop/OrganelleClassifyDataset/train/CellWall/lyn14_001_Cell_Wall_3.tif,b3729e7865adb050
train,CellWall,CellWall/lyn14_002_Cell_Wall_1.tif,/Users/jason/Desktop/OrganelleClassifyDataset/train/CellWall/lyn14_002_Cell_Wall_1.tif,f1788a0e6a2ebca5
train,CellWall,CellWall/lyn14_003_Cell_Wall_1.tif,/Users/jason/Desktop/OrganelleClassifyDataset/train/CellWall/lyn14_003_Cell_Wall_1.tif,dac8f0fbfc060591
train,CellWall,CellWall/lyn14_005_Cell_Wall_1.tif,/Users/jason/Desktop/OrganelleClassifyDataset/train/CellWall/lyn14_005_Cell_Wall_1.tif,a4ec6e88607ecec3
train,CellWall,CellWall/lyn14_006_Cell_Wall_1.tif,/Users/jason/Desktop/OrganelleClassifyDataset/train/CellWall/lyn14_006_Cell_Wall_1.tif,cd66569692b1a726
train,CellWall,CellWall/lyn14_006_Cell_Wall_2.tif,/Users/jason/Desktop/OrganelleClassifyDataset/train/CellWall/lyn14_006_Cell_Wall_2.tif,b88d8791b3c4ac79
train,CellWall,CellWall/lyn14_009_Cell_Wall_1.tif,/Users/jason/Desktop/OrganelleClassifyDataset/train/CellWall/lyn14_009_Cell_Wall_1.tif,e5268f8693989ada
train,CellWall,CellWall/lyn14_013_Cell_Wall_1.tif,/Users/jason/Desktop/OrganelleClassifyDataset/train/CellWall/lyn14_013_Cell_Wall_1.tif,bbc83dd4c0fac1c1
train,CellWall,CellWall/lyn15_001_Cell_Wall_1.tif,/Users/jason/Desktop/OrganelleClassifyDataset/train/CellWall/lyn15_001_Cell_Wall_1.tif,b163867c62ceb847
train,CellWall,CellWall/lyn15_008_Cell_Wall_1.tif,/Users/jason/Desktop/OrganelleClassifyDataset/train/CellWall/lyn15_008_Cell_Wall_1.tif,e24849d3c6d2f333
train,CellWall,CellWall/lyn4-1_001_Cell_Wall_1.tif,/Users/jason/Desktop/OrganelleClassifyDataset/train/CellWall/lyn4-1_001_Cell_Wall_1.tif,bc9ca28b77c1139c
train,CellWall,CellWall/lyn4-1_001_Cell_Wall_2.tif,/Users/jason/Desktop/OrganelleClassifyDataset/train/CellWall/lyn4-1_001_Cell_Wall_2.tif,f8a59c295758ad94
train,CellWall,CellWall/lyn4-1_002_Cell_Wall_1.tif,/Users/jason/Desktop/OrganelleClassifyDataset/train/CellWall/lyn4-1_002_Cell_Wall_1.tif,bc74b22607d8bb23
train,CellWall,CellWall/lyn4-1_005_Cell_Wall_1.tif,/Users/jason/Desktop/OrganelleClassifyDataset/train/CellWall/lyn4-1_005_Cell_Wall_1.tif,e52a550a5f46db46
train,CellWall,CellWall/lyn4-1_005_Cell_Wall_2.tif,/Users/jason/Desktop/OrganelleClassifyDataset/train/CellWall/lyn4-1_005_Cell_Wall_2.tif,a41d73b27e3cd830
train,CellWall,CellWall/lyn4-1_010_Cell_Wall_1.tif,/Users/jason/Desktop/OrganelleClassifyDataset/train/CellWall/lyn4-1_010_Cell_Wall_1.tif,ac0b492671bcdcad
train,CellWall,CellWall/lyn4-1_010_Cell_Wall_2.tif,/Users/jason/Desktop/OrganelleClassifyDataset/train/CellWall/lyn4-1_010_Cell_Wall_2.tif,861df24469695e5e
train,CellWall,CellWall/lyn5_001_Cell_Wall_2.tif,/Users/jason/Desktop/OrganelleClassifyDataset/train/CellWall/lyn5_001_Cell_Wall_2.tif,e9a4c93d03d83b47
train,CellWall,CellWall/lyn5_005_Cell_Wall_1.tif,/Users/jason/Desktop/OrganelleClassifyDataset/train/CellWall/lyn5_005_Cell_Wall_1.tif,ac48fb06d6d7046d
train,CellWall,CellWall/lyn5_005_Cell_Wall_3.tif,/Users/jason/Desktop/OrganelleClassifyDataset/train/CellWall/lyn5_005_Cell_Wall_3.tif,8cf09f803c6f4ada
train,CellWall,CellWall/lyn5_007_Cell_Wall_1.tif,/Users/jason/Desktop/OrganelleClassifyDataset/train/CellWall/lyn5_007_Cell_Wall_1.tif,f268c683949eb533
train,CellWall,CellWall/lyn5_007_Cell_Wall_2.tif,/Users/jason/Desktop/OrganelleClassifyDataset/train/CellWall/lyn5_007_Cell_Wall_2.tif,b344f8fc0f19310f
train,CellWall,CellWall/lyn5_007_Cell_Wall_3.tif,/Users/jason/Desktop/OrganelleClassifyDataset/train/CellWall/lyn5_007_Cell_Wall_3.tif,e7d211e992b1b19c
train,CellWall,CellWall/lyn5_008_Cell_Wall_1.tif,/Users/jason/Desktop/OrganelleClassifyDataset/train/CellWall/lyn5_008_Cell_Wall_1.tif,b3b3c92c7201dee8
train,CellWall,CellWall/lyn5_008_Cell_Wall_2.tif,/Users/jason/Desktop/OrganelleClassifyDataset/train/CellWall/lyn5_008_Cell_Wall_2.tif,d422d0caef2655cd
train,CellWall,CellWall/lyn6_001_Cell_Wall_1.tif,/Users/jason/Desktop/OrganelleClassifyDataset/train/CellWall/lyn6_001_Cell_Wall_1.tif,ec1adb661221ecd9
train,CellWall,CellWall/lyn6_001_Cell_Wall_2.tif,/Users/jason/Desktop/OrganelleClassifyDataset/train/CellWall/lyn6_001_Cell_Wall_2.tif,a6cce1c90f19d873
train,CellWall,CellWall/lyn6_007_Cell_Wall_2.tif,/Users/jason/Desktop/OrganelleClassifyDataset/train/CellWall/lyn6_007_Cell_Wall_2.tif,a249e6eccb5a5c0d
train,CellWall,CellWall/lyn6_008_Cell_Wall_1.tif,/Users/jason/Desktop/OrganelleClassifyDataset/train/CellWall/lyn6_008_Cell_Wall_1.tif,f30469e5a9c7c83a
train,CellWall,CellWall/lyn6_008_Cell_Wall_2.tif,/Users/jason/Desktop/OrganelleClassifyDataset/train/CellWall/lyn6_008_Cell_Wall_2.tif,dcd195654b18a66e
train,CellWall,CellWall/lyn7_003_Cell_Wall_1.tif,/Users/jason/Desktop/OrganelleClassifyDataset/train/CellWall/lyn7_003_Cell_Wall_1.tif,d4b96230c3c719cf
train,CellWall,CellWall/lyn7_005_Cell_Wall_1.tif,/Users/jason/Desktop/OrganelleClassifyDataset/train/CellWall/lyn7_005_Cell_Wall_1.tif,d021a573fa9c959a
train,CellWall,CellWall/lyn7_005_Cell_Wall_2.tif,/Users/jason/Desktop/OrganelleClassifyDataset/train/CellWall/lyn7_005_Cell_Wall_2.tif,823ab554fab005f7
train,CellWall,CellWall/lyn7_014_Cell_Wall_1.tif,/Users/jason/Desktop/OrganelleClassifyDataset/train/CellWall/lyn7_014_Cell_Wall_1.tif,d2668ef803ba632e
train,CellWall,CellWall/lyn8_004_Cell_Wall_1.tif,/Users/jason/Desktop/OrganelleClassifyDataset/train/CellWall/lyn8_004_Cell_Wall_1.tif,b8619e542fa35758
train,CellWall,CellWall/lyn8_004_Cell_Wall_2.tif,/Users/jason/Desktop/OrganelleClassifyDataset/train/CellWall/lyn8_004_Cell_Wall_2.tif,a0fb3300fd840dfe
train,CellWall,CellWall/lyn8_004_Cell_Wall_3.tif,/Users/jason/Desktop/OrganelleClassifyDataset/train/CellWall/lyn8_004_Cell_Wall_3.tif,a5ccf336c9330ec1
train,CellWall,CellWall/lyn8_006_Cell_Wall_1.tif,/Users/jason/Desktop/OrganelleClassifyDataset/train/CellWall/lyn8_006_Cell_Wall_1.tif,a686c03c9f33dc87
train,CellWall,CellWall/lyn8_006_Cell_Wall_2.tif,/Users/jason/Desktop/OrganelleClassifyDataset/train/CellWall/lyn8_006_Cell_Wall_2.tif,b30c8e874363e9f1
train,CellWall,CellWall/lyn9_001_Cell_Wall_1.tif,/Users/jason/Desktop/OrganelleClassifyDataset/train/CellWall/lyn9_001_Cell_Wall_1.tif,a6b419e9c619f50e
train,CellWall,CellWall/lyn9_001_Cell_Wall_2.tif,/Users/jason/Desktop/OrganelleClassifyDataset/train/CellWall/lyn9_001_Cell_Wall_2.tif,a419138dace6e2f9
train,CellWall,CellWall/lyn9_001_Cell_Wall_3.tif,/Users/jason/Desktop/OrganelleClassifyDataset/train/CellWall/lyn9_001_Cell_Wall_3.tif,e3a39978669ed043
train,CellWall,CellWall/lyn9_012_Cell_Wall_1.tif,/Users/jason/Desktop/OrganelleClassifyDataset/train/CellWall/lyn9_012_Cell_Wall_1.tif,951a4abe60cf7853
train,CellWall,CellWall/mkb4_001_Cell_Wall_1.tif,/Users/jason/Desktop/OrganelleClassifyDataset/train/CellWall/mkb4_001_Cell_Wall_1.tif,b086ae79b964b472
train,CellWall,CellWall/mkb4_001_Cell_Wall_2.tif,/Users/jason/Desktop/OrganelleClassifyDataset/train/CellWall/mkb4_001_Cell_Wall_2.tif,c42e2c94ceecf61a
train,CellWall,CellWall/mkb4_001_Cell_Wall_3.tif,/Users/jason/Desktop/OrganelleClassifyDataset/train/CellWall/mkb4_001_Cell_Wall_3.tif,f807a59c9b61a4a7
train,CellWall,CellWall/mkb4_002_Cell_Wall_1.tif,/Users/jason/Desktop/OrganelleClassifyDataset/train/CellWall/mkb4_002_Cell_Wall_1.tif,fc3419c962add623
train,CellWall,CellWall/mkb4_004_Cell_Wall_1.tif,/Users/jason/Desktop/OrganelleClassifyDataset/train/CellWall/mkb4_004_Cell_Wall_1.tif,d92cf69ab8e0461e
train,CellWall,CellWall/mkb4_006_Cell_Wall_1.tif,/Users/jason/Desktop/OrganelleClassifyDataset/train/CellWall/mkb4_006_Cell_Wall_1.tif,dc2c8ccc8cdb6536
train,CellWall,CellWall/mkb4_007_Cell_Wall_1.tif,/Users/jason/Desktop/OrganelleClassifyDataset/train/CellWall/mkb4_007_Cell_Wall_1.tif,b686a34ba8b724d3
train,CellWall,CellWall/mkb4_007_Cell_Wall_2.tif,/Users/jason/Desktop/OrganelleClassifyDataset/train/CellWall/mkb4_007_Cell_Wall_2.tif,8bc0cddbca3a1273
train,CellWall,CellWall/mkb4_007_Cell_Wall_3.tif,/Users/jason/Desktop/OrganelleClassifyDataset/train/CellWall/mkb4_007_Cell_Wall_3.tif,bd5e252794a452ae
train,CellWall,CellWall/mkb4_008_Cell_Wall_1.tif,/Users/jason/Desktop/OrganelleClassifyDataset/train/CellWall/mkb4_008_Cell_Wall_1.tif,add2b35a530e4c47
train,CellWall,CellWall/mkb4_012_Cell_Wall_1.tif,/Users/jason/Desktop/OrganelleClassifyDataset/train/CellWall/mkb4_012_Cell_Wall_1.tif,de0099fe8c8efc06
train,CellWall,CellWall/mkb4_012_Cell_Wall_2.tif,/Users/jason/Desktop/OrganelleClassifyDataset/train/CellWall/mkb4_012_Cell_Wall_2.tif,8a7a75f2c536a238
train,CellWall,CellWall/mkb5_001_Cell_Wall_3.tif,/Users/jason/Desktop/OrganelleClassifyDataset/train/CellWall/mkb5_001_Cell_Wall_3.tif,b0b0d8c81dedcc7c
train,CellWall,CellWall/mkb5_002_Cell_Wall_1.tif,/Users/jason/Desktop/OrganelleClassifyDataset/train/CellWall/mkb5_002_Cell_Wall_1.tif,943c2746ac6dad8d
train,CellWall,CellWall/mkb5_005_Cell_Wall_1.tif,/Users/jason/Desktop/OrganelleClassifyDataset/train/CellWall/mkb5_005_Cell_Wall_1.tif,a0dba64934a5adb3
train,CellWall,CellWall/mkb5_006_Cell_Wall_1.tif,/Users/jason/Desktop/OrganelleClassifyDataset/train/CellWall/mkb5_006_Cell_Wall_1.tif,f69534629e50fe41
train,CellWall,CellWall/mkb5_009_Cell_Wall_1.tif,/Users/jason/Desktop/OrganelleClassifyDataset/train/CellWall/mkb5_009_Cell_Wall_1.tif,f0f0f0e0c1ddc587
train,CellWall,CellWall/mkb5_014_Cell_Wall_1.tif,/Users/jason/Desktop/OrganelleClassifyDataset/train/CellWall/mkb5_014_Cell_Wall_1.tif,89d86637a78d892b
train,CellWall,CellWall/mkb6_003_Cell_Wall_1.tif,/Users/jason/Desktop/OrganelleClassifyDataset/train/CellWall/mkb6_003_Cell_Wall_1.tif,8e27a54672fa0cb6
train,CellWall,CellWall/mkb6_004_Cell_Wall_1.tif,/Users/jason/Desktop/OrganelleClassifyDataset/train/CellWall/mkb6_004_Cell_Wall_1.tif,a6a6b69654545d2d
train,CellWall,CellWall/mkb6_005_Cell_Wall_1.tif,/Users/jason/Desktop/OrganelleClassifyDataset/train/CellWall/mkb6_005_Cell_Wall_1.tif,de69652d35d3081e
train,CellWall,CellWall/mkb6_006_Cell_Wall_1.tif,/Users/jason/Desktop/OrganelleClassifyDataset/train/CellWall/mkb6_006_Cell_Wall_1.tif,97939691b5a2994d
train,CellWall,CellWall/mkb6_008_Cell_Wall_1.tif,/Users/jason/Desktop/OrganelleClassifyDataset/train/CellWall/mkb6_008_Cell_Wall_1.tif,b4c86717791ce827
train,CellWall,CellWall/mkb6_009_Cell_Wall_1.tif,/Users/jason/Desktop/OrganelleClassifyDataset/train/CellWall/mkb6_009_Cell_Wall_1.tif,b1ce2732c8477ad1
train,CellWall,CellWall/mkb6_010_Cell_Wall_1.tif,/Users/jason/Desktop/OrganelleClassifyDataset/train/CellWall/mkb6_010_Cell_Wall_1.tif,91c02df63bc1cec6
train,CellWall,CellWall/mkb6_014_Cell_Wall_1.tif,/Users/jason/Desktop/OrganelleClassifyDataset/train/CellWall/mkb6_014_Cell_Wall_1.tif,a585a1a5b7a1b5b4
train,CellWall,CellWall/mkb7_002_Cell_Wall_1.tif,/Users/jason/Desktop/OrganelleClassifyDataset/train/CellWall/mkb7_002_Cell_Wall_1.tif,87a4b124b1a4bdf6
train,CellWall,CellWall/mkb7_002_Cell_Wall_2.tif,/Users/jason/Desktop/OrganelleClassifyDataset/train/CellWall/mkb7_002_Cell_Wall_2.tif,c21fe77599e5101c
train,CellWall,CellWall/mkb7_003_Cell_Wall_1.tif,/Users/jason/Desktop/OrganelleClassifyDataset/train/CellWall/mkb7_003_Cell_Wall_1.tif,e0f2a60eecc187bc
train,CellWall,CellWall/mkb7_004_Cell_Wall_1.tif,/Users/jason/Desktop/OrganelleClassifyDataset/train/CellWall/mkb7_004_Cell_Wall_1.tif,8d53ac5b2755c952
train,CellWall,CellWall/mkb7_005_Cell_Wall_1.tif,/Users/jason/Desktop/OrganelleClassifyDataset/train/CellWall/mkb7_005_Cell_Wall_1.tif,ce4c2d1dec34d06b
train,CellWall,CellWall/mkb7_005_Cell_Wall_2.tif,/Users/jason/Desktop/OrganelleClassifyDataset/train/CellWall/mkb7_005_Cell_Wall_2.tif,9966793bbe8e02c2
train,CellWall,CellWall/mkb7_006_Cell_Wall_1.tif,/Users/jason/Desktop/OrganelleClassifyDataset/train/CellWall/mkb7_006_Cell_Wall_1.tif,bd4e0d7eb8048bc6
train,CellWall,CellWall/mkb7_006_Cell_Wall_2.tif,/Users/jason/Desktop/OrganelleClassifyDataset/train/CellWall/mkb7_006_Cell_Wall_2.tif,cb89e433c3e187e2
train,CellWall,CellWall/mkb7_007_Cell_Wall_1.tif,/Users/jason/Desktop/OrganelleClassifyDataset/train/CellWall/mkb7_007_Cell_Wall_1.tif,9125691da7d2eec2
train,CellWall,CellWall/mkb7_009_Cell_Wall_1.tif,/Users/jason/Desktop/OrganelleClassifyDataset/train/CellWall/mkb7_009_Cell_Wall_1.tif,b696344d68695b5a
train,CellWall,CellWall/mkb7_010_Cell_Wall_1.tif,/Users/jason/Desktop/OrganelleClassifyDataset/train/CellWall/mkb7_010_Cell_Wall_1.tif,cf403b92d0e4b45f
train,CellWall,CellWall/mkb7_011_Cell_Wall_1.tif,/Users/jason/Desktop/OrganelleClassifyDataset/train/CellWall/mkb7_011_Cell_Wall_1.tif,acafb5495d68a894
train,CellWall,CellWall/mkb7_012_Cell_Wall_1.tif,/Users/jason/Desktop/OrganelleClassifyDataset/train/CellWall/mkb7_012_Cell_Wall_1.tif,c919bc07c6765333
train,CellWall,CellWall/mkb7_012_Cell_Wall_2.tif,/Users/jason/Desktop/OrganelleClassifyDataset/train/CellWall/mkb7_012_Cell_Wall_2.tif,8b655293c9e6e0f8
train,CellWall,CellWall/mkb7_014_Cell_Wall_1.tif,/Users/jason/Desktop/OrganelleClassifyDataset/train/CellWall/mkb7_014_Cell_Wall_1.tif,be0061cf9a19de66
train,CellWall,CellWall/mkb7_015_Cell_Wall_1.tif,/Users/jason/Desktop/OrganelleClassifyDataset/train/CellWall/mkb7_015_Cell_Wall_1.tif,9c23665c9bd8e6c8
train,CellWall,CellWall/mkb7_016_Cell_Wall_1.tif,/Users/jason/Desktop/OrganelleClassifyDataset/train/CellWall/mkb7_016_Cell_Wall_1.tif,8aabaaad97545155
train,CellWall,CellWall/mkb8_001_Cell_Wall_1.tif,/Users/jason/Desktop/OrganelleClassifyDataset/train/CellWall/mkb8_001_Cell_Wall_1.tif,d9e9641e9b25a60e
train,CellWall,CellWall/mkb8_001_Cell_Wall_2.tif,/Users/jason/Desktop/OrganelleClassifyDataset/train/CellWall/mkb8_001_Cell_Wall_2.tif,e3f5bce2a4ac9083
train,CellWall,CellWall/mkb8_002_Cell_Wall_1.tif,/Users/jason/Desktop/OrganelleClassifyDataset/train/CellWall/mkb8_002_Cell_Wall_1.tif,fb1ea0109cfe0e4b
train,CellWall,CellWall/mkb8_005_Cell_Wall_1.tif,/Users/jason/Desktop/OrganelleClassifyDataset/train/CellWall/mkb8_005_Cell_Wall_1.tif,fab31f0cf0fc0701
train,CellWall,CellWall/mkb8_006_Cell_Wall_1.tif,/Users/jason/Desktop/OrganelleClassifyDataset/train/CellWall/mkb8_006_Cell_Wall_1.tif,c7b03ce34938e8e3
train,CellWall,CellWall/mkb8_007_Cell_Wall_1.tif,/Users/jason/Desktop/OrganelleClassifyDataset/train/CellWall/mkb8_007_Cell_Wall_1.tif,d1c32f73411bb4a5
train,CellWall,CellWall/mkb8_008_Cell_Wall_1.tif,/Users/jason/Desktop/OrganelleClassifyDataset/train/CellWall/mkb8_008_Cell_Wall_1.tif,8cb1e63753cd1456
train,CellWall,CellWall/mkb8_008_Cell_Wall_2.tif,/Users/jason/Desktop/OrganelleClassifyDataset/train/CellWall/mkb8_008_Cell_Wall_2.tif,f63ff04312f007e8
train,CellWall,CellWall/mkb8_008_Cell_Wall_3.tif,/Users/jason/Desktop/OrganelleClassifyDataset/train/CellWall/mkb8_008_Cell_Wall_3.tif,b9a392486c4fb716
train,CellWall,CellWall/mkb8_009_Cell_Wall_1.tif,/Users/jason/Desktop/OrganelleClassifyDataset/train/CellWall/mkb8_009_Cell_Wall_1.tif,89f870d0ca3cddf0
train,CellWall,CellWall/mkb8_011_Cell_Wall_1.tif,/Users/jason/Desktop/OrganelleClassifyDataset/train/CellWall/mkb8_011_Cell_Wall_1.tif,8fdee03fb3084926
train,CellWall,CellWall/mkb8_015_Cell_Wall_1.tif,/Users/jason/Desktop/OrganelleClassifyDataset/train/CellWall/mkb8_015_Cell_Wall_1.tif,898b29e62aafb92a
train,CellWall,CellWall/mkb9_001_Cell_Wall_1.tif,/Users/jason/Desktop/OrganelleClassifyDataset/train/CellWall/mkb9_001_Cell_Wall_1.tif,ec0e13312fcce4d9
train,CellWall,CellWall/mkb9_001_Cell_Wall_2.tif,/Users/jason/Desktop/OrganelleClassifyDataset/train/CellWall/mkb9_001_Cell_Wall_2.tif,fca8a3caf268a932
train,CellWall,CellWall/mkb9_001_Cell_Wall_4.tif,/Users/jason/Desktop/OrganelleClassifyDataset/train/CellWall/mkb9_001_Cell_Wall_4.tif,aa47615a55a6ad47
train,CellWall,CellWall/mkb9_002_Cell_Wall_1.tif,/Users/jason/Desktop/OrganelleClassifyDataset/train/CellWall/mkb9_002_Cell_Wall_1.tif,f928b316de1ccc89
train,CellWall,CellWall/mkb9_003_Cell_Wall_1.tif,/Users/jason/Desktop/OrganelleClassifyDataset/train/CellWall/mkb9_003_Cell_Wall_1.tif,9f3a88cedab20764
train,CellWall,CellWall/mkb9_004_Cell_Wall_1.tif,/Users/jason/Desktop/OrganelleClassifyDataset/train/CellWall/mkb9_004_Cell_Wall_1.tif,a929eecb926187cc
train,CellWall,CellWall/mkb9_006_Cell_Wall_1.tif,/Users/jason/Desktop/OrganelleClassifyDataset/train/CellWall/mkb9_006_Cell_Wall_1.tif,ce81ef35c27401fa
train,CellWall,CellWall/mkb9_008_Cell_Wall_1.tif,/Users/jason/Desktop/OrganelleClassifyDataset/train/CellWall/mkb9_008_Cell_Wall_1.tif,d2cfea0dd82e7019
train,CellWall,CellWall/mkb9_009_Cell_Wall_1.tif,/Users/jason/Desktop/OrganelleClassifyDataset/train/CellWall/mkb9_009_Cell_Wall_1.tif,bf5048d8bd76454a
train,CellWall,CellWall/mkb9_010_Cell_Wall_1.tif,/Users/jason/Desktop/OrganelleClassifyDataset/train/CellWall/mkb9_010_Cell_Wall_1.tif,a9095690ab53feac
train,CellWall,CellWall/mkb9_011_Cell_Wall_1.tif,/Users/jason/Desktop/OrganelleClassifyDataset/train/CellWall/mkb9_011_Cell_Wall_1.tif,da7e0e35d10133cb
train,CellWall,CellWall/mkb9_012_Cell_Wall_1.tif,/Users/jason/Desktop/OrganelleClassifyDataset/train/CellWall/mkb9_012_Cell_Wall_1.tif,e58460583f7e0a9f
train,CellWall,CellWall/mkb9_012_Cell_Wall_2.tif,/Users/jason/Desktop/OrganelleClassifyDataset/train/CellWall/mkb9_012_Cell_Wall_2.tif,8c8d6dc14fcd3961
train,CellWall,CellWall/mkb9_013_Cell_Wall_1.tif,/Users/jason/Desktop/OrganelleClassifyDataset/train/CellWall/mkb9_013_Cell_Wall_1.tif,829d9a95a84fef60
train,CellWall,CellWall/nangua_f_003_Cell_Wall_1.tif,/Users/jason/Desktop/OrganelleClassifyDataset/train/CellWall/nangua_f_003_Cell_Wall_1.tif,e79d1b05c13d66c8
train,CellWall,CellWall/nangua_f_004_Cell_Wall_1.tif,/Users/jason/Desktop/OrganelleClassifyDataset/train/CellWall/nangua_f_004_Cell_Wall_1.tif,a31b87b4a04e7adc
train,CellWall,CellWall/nangua_f_004_Cell_Wall_2.tif,/Users/jason/Desktop/OrganelleClassifyDataset/train/CellWall/nangua_f_004_Cell_Wall_2.tif,9cfe0d0ed397009e
train,CellWall,CellWall/nangua_f_008_Cell_Wall_1.tif,/Users/jason/Desktop/OrganelleClassifyDataset/train/CellWall/nangua_f_008_Cell_Wall_1.tif,b672d365646464da
train,CellWall,CellWall/nangua_f_011_Cell_Wall_1.tif,/Users/jason/Desktop/OrganelleClassifyDataset/train/CellWall/nangua_f_011_Cell_Wall_1.tif,f63e164fa410ec4e
train,CellWall,CellWall/qm-2_001_Cell_Wall_1.tif,/Users/jason/Desktop/OrganelleClassifyDataset/train/CellWall/qm-2_001_Cell_Wall_1.tif,b61dcef31984e0f0
train,CellWall,CellWall/qm-2_001_Cell_Wall_2.tif,/Users/jason/Desktop/OrganelleClassifyDataset/train/CellWall/qm-2_001_Cell_Wall_2.tif,f5455d7115d51551
train,CellWall,CellWall/qm-2_001_Cell_Wall_3.tif,/Users/jason/Desktop/OrganelleClassifyDataset/train/CellWall/qm-2_001_Cell_Wall_3.tif,ceec9527b21972c1
train,CellWall,CellWall/qm-2_001_Cell_Wall_4.tif,/Users/jason/Desktop/OrganelleClassifyDataset/train/CellWall/qm-2_001_Cell_Wall_4.tif,e6e21b48cf00fbc3
train,CellWall,CellWall/qm-2_001_Cell_Wall_5.tif,/Users/jason/Desktop/OrganelleClassifyDataset/train/CellWall/qm-2_001_Cell_Wall_5.tif,e2717977c8e50685
train,CellWall,CellWall/qm-2_002_Cell_Wall_1.tif,/Users/jason/Desktop/OrganelleClassifyDataset/train/CellWall/qm-2_002_Cell_Wall_1.tif,8699a6f8324e9cb3
train,CellWall,CellWall/qm-2_005_Cell_Wall_2.tif,/Users/jason/Desktop/OrganelleClassifyDataset/train/CellWall/qm-2_005_Cell_Wall_2.tif,a53a1c4da3f279e0
train,CellWall,CellWall/qm-2_008_Cell_Wall_1.tif,/Users/jason/Desktop/OrganelleClassifyDataset/train/CellWall/qm-2_008_Cell_Wall_1.tif,eded315692e91146
train,CellWall,CellWall/qm-2_013_Cell_Wall_1.tif,/Users/jason/Desktop/OrganelleClassifyDataset/train/CellWall/qm-2_013_Cell_Wall_1.tif,f1b3c9c466b89847
train,CellWall,CellWall/qm-2_013_Cell_Wall_2.tif,/Users/jason/Desktop/OrganelleClassifyDataset/train/CellWall/qm-2_013_Cell_Wall_2.tif,eaa5249672726b93
train,CellWall,CellWall/qm1_002_Cell_Wall_1.tif,/Users/jason/Desktop/OrganelleClassifyDataset/train/CellWall/qm1_002_Cell_Wall_1.tif,d37a8965f00b649b
train,CellWall,CellWall/qm1_003_Cell_Wall_1.tif,/Users/jason/Desktop/OrganelleClassifyDataset/train/CellWall/qm1_003_Cell_Wall_1.tif,a29e629658c9e5f1
train,CellWall,CellWall/qm1_004_Cell_Wall_1.tif,/Users/jason/Desktop/OrganelleClassifyDataset/train/CellWall/qm1_004_Cell_Wall_1.tif,bb64716973328572
train,CellWall,CellWall/qm1_007_Cell_Wall_2.tif,/Users/jason/Desktop/OrganelleClassifyDataset/train/CellWall/qm1_007_Cell_Wall_2.tif,f13b95d3d94a09a4
train,CellWall,CellWall/qm1_007_Cell_Wall_3.tif,/Users/jason/Desktop/OrganelleClassifyDataset/train/CellWall/qm1_007_Cell_Wall_3.tif,e798315c3c524abb
train,CellWall,CellWall/qm1_010_Cell_Wall_1.tif,/Users/jason/Desktop/OrganelleClassifyDataset/train/CellWall/qm1_010_Cell_Wall_1.tif,b5b393489c6cec16
train,CellWall,CellWall/qm1_010_Cell_Wall_2.tif,/Users/jason/Desktop/OrganelleClassifyDataset/train/CellWall/qm1_010_Cell_Wall_2.tif,e724dacb151aa1e6
train,CellWall,CellWall/qm1_010_Cell_Wall_3.tif,/Users/jason/Desktop/OrganelleClassifyDataset/train/CellWall/qm1_010_Cell_Wall_3.tif,80ffc0043fc9df32
train,CellWall,CellWall/qm1_011_Cell_Wall_1.tif,/Users/jason/Desktop/OrganelleClassifyDataset/train/CellWall/qm1_011_Cell_Wall_1.tif,b5cd9db1e708d184
train,CellWall,CellWall/qm1_014_Cell_Wall_1.tif,/Users/jason/Desktop/OrganelleClassifyDataset/train/CellWall/qm1_014_Cell_Wall_1.tif,ebb75b2994a05385
train,CellWall,CellWall/qm1_014_Cell_Wall_4.tif,/Users/jason/Desktop/OrganelleClassifyDataset/train/CellWall/qm1_014_Cell_Wall_4.tif,d5ea9934c5256a5a
train,CellWall,CellWall/qm1_016_Cell_Wall_1.tif,/Users/jason/Desktop/OrganelleClassifyDataset/train/CellWall/qm1_016_Cell_Wall_1.tif,96c9b4c2e231b799
train,CellWall,CellWall/qm1_017_Cell_Wall_1.tif,/Users/jason/Desktop/OrganelleClassifyDataset/train/CellWall/qm1_017_Cell_Wall_1.tif,dc3e9e4d2e12592c
train,CellWall,CellWall/qm1_017_Cell_Wall_2.tif,/Users/jason/Desktop/OrganelleClassifyDataset/train/CellWall/qm1_017_Cell_Wall_2.tif,91e8f84cbe413dc6
train,CellWall,CellWall/qm2_007_Cell_Wall_1.tif,/Users/jason/Desktop/OrganelleClassifyDataset/train/CellWall/qm2_007_Cell_Wall_1.tif,e77e7044d803a6ec
train,CellWall,CellWall/qm2_008_Cell_Wall_1.tif,/Users/jason/Desktop/OrganelleClassifyDataset/train/CellWall/qm2_008_Cell_Wall_1.tif,fdcb294a1a7206ba
train,CellWall,CellWall/qm2_014_Cell_Wall_1.tif,/Users/jason/Desktop/OrganelleClassifyDataset/train/CellWall/qm2_014_Cell_Wall_1.tif,a391ffe0030dba5a
train,CellWall,CellWall/qm2_015_Cell_Wall_1.tif,/Users/jason/Desktop/OrganelleClassifyDataset/train/CellWall/qm2_015_Cell_Wall_1.tif,f19838889dec276b
train,CellWall,CellWall/qm2_018_Cell_Wall_1.tif,/Users/jason/Desktop/OrganelleClassifyDataset/train/CellWall/qm2_018_Cell_Wall_1.tif,853e6d4a1ed85356
train,CellWall,CellWall/sft12_009_Cell_Wall_1.tif,/Users/jason/Desktop/OrganelleClassifyDataset/train/CellWall/sft12_009_Cell_Wall_1.tif,c06f8719ec03fd07
train,CellWall,CellWall/sft12_009_Cell_Wall_2.tif,/Users/jason/Desktop/OrganelleClassifyDataset/train/CellWall/sft12_009_Cell_Wall_2.tif,ccf982f607fe00f0
train,CellWall,CellWall/sgz-3_001_Cell_Wall_1.tif,/Users/jason/Desktop/OrganelleClassifyDataset/train/CellWall/sgz-3_001_Cell_Wall_1.tif,8c4c66a39f7803be
train,CellWall,CellWall/sgz-3_002_Cell_Wall_1.tif,/Users/jason/Desktop/OrganelleClassifyDataset/train/CellWall/sgz-3_002_Cell_Wall_1.tif,db3424352d69e5e1
train,CellWall,CellWall/sgz-4_006_Cell_Wall_1.tif,/Users/jason/Desktop/OrganelleClassifyDataset/train/CellWall/sgz-4_006_Cell_Wall_1.tif,cc4ce79259b043be
train,CellWall,CellWall/sgz-4_006_Cell_Wall_2.tif,/Users/jason/Desktop/OrganelleClassifyDataset/train/CellWall/sgz-4_006_Cell_Wall_2.tif,92923666cc33f6cc
train,CellWall,CellWall/shd-06_007_Cell_Wall_1.tif,/Users/jason/Desktop/OrganelleClassifyDataset/train/CellWall/shd-06_007_Cell_Wall_1.tif,bdf1181ac6be831a
train,CellWall,CellWall/shd-8_004_Cell_Wall_1.tif,/Users/jason/Desktop/OrganelleClassifyDataset/train/CellWall/shd-8_004_Cell_Wall_1.tif,80bfd9ce60b3107e
train,CellWall,CellWall/shd-8_005_Cell_Wall_1.tif,/Users/jason/Desktop/OrganelleClassifyDataset/train/CellWall/shd-8_005_Cell_Wall_1.tif,c080a17d7e9fa369
train,CellWall,CellWall/shd-8_005_Cell_Wall_2.tif,/Users/jason/Desktop/OrganelleClassifyDataset/train/CellWall/shd-8_005_Cell_Wall_2.tif,f36262337b6a0c3c
train,CellWall,CellWall/shd2_011_Cell_Wall_1.tif,/Users/jason/Desktop/OrganelleClassifyDataset/train/CellWall/shd2_011_Cell_Wall_1.tif,a86dc69ab286fc29
train,CellWall,CellWall/shd2_011_Cell_Wall_2.tif,/Users/jason/Desktop/OrganelleClassifyDataset/train/CellWall/shd2_011_Cell_Wall_2.tif,b638999b47c1b1b8
train,CellWall,CellWall/shd3_004_Cell_Wall_1.tif,/Users/jason/Desktop/OrganelleClassifyDataset/train/CellWall/shd3_004_Cell_Wall_1.tif,d9a4cef9a41b8493
train,CellWall,CellWall/shd3_011_Cell_Wall_1.tif,/Users/jason/Desktop/OrganelleClassifyDataset/train/CellWall/shd3_011_Cell_Wall_1.tif,c676b8370a9868fc
train,CellWall,CellWall/tjq-4_006_Cell_Wall_1.tif,/Users/jason/Desktop/OrganelleClassifyDataset/train/CellWall/tjq-4_006_Cell_Wall_1.tif,e4cd0c33ee0433ee
train,CellWall,CellWall/txy-wt_005_Cell_Wall_1.tif,/Users/jason/Desktop/OrganelleClassifyDataset/train/CellWall/txy-wt_005_Cell_Wall_1.tif,85ca65f2f9a56861
train,CellWall,CellWall/wbb-4_014_Cell_Wall_1.tif,/Users/jason/Desktop/OrganelleClassifyDataset/train/CellWall/wbb-4_014_Cell_Wall_1.tif,a897cde0584ceeac
train,CellWall,CellWall/wht1_002_Cell_Wall_1.tif,/Users/jason/Desktop/OrganelleClassifyDataset/train/CellWall/wht1_002_Cell_Wall_1.tif,eb6b8a72428cb16b
train,CellWall,CellWall/wht1_002_Cell_Wall_2.tif,/Users/jason/Desktop/OrganelleClassifyDataset/train/CellWall/wht1_002_Cell_Wall_2.tif,a94eb6265b568993
train,CellWall,CellWall/wht1_004_Cell_Wall_1.tif,/Users/jason/Desktop/OrganelleClassifyDataset/train/CellWall/wht1_004_Cell_Wall_1.tif,bf1ec73689e01a0d
train,CellWall,CellWall/wht1_007_Cell_Wall_1.tif,/Users/jason/Desktop/OrganelleClassifyDataset/train/CellWall/wht1_007_Cell_Wall_1.tif,a760967ce1172a67
train,CellWall,CellWall/wht1_008_Cell_Wall_1.tif,/Users/jason/Desktop/OrganelleClassifyDataset/train/CellWall/wht1_008_Cell_Wall_1.tif,a7b1d1298d4626d7
train,CellWall,CellWall/wht1_010_Cell_Wall_1.tif,/Users/jason/Desktop/OrganelleClassifyDataset/train/CellWall/wht1_010_Cell_Wall_1.tif,953a9dcfa72342a8
train,CellWall,CellWall/wht2_002_Cell_Wall_2.tif,/Users/jason/Desktop/OrganelleClassifyDataset/train/CellWall/wht2_002_Cell_Wall_2.tif,ad36b69b584dac84
train,CellWall,CellWall/wht2_006_Cell_Wall_1.tif,/Users/jason/Desktop/OrganelleClassifyDataset/train/CellWall/wht2_006_Cell_Wall_1.tif,e6599396b42d694a
train,CellWall,CellWall/wht2_014_Cell_Wall_1.tif,/Users/jason/Desktop/OrganelleClassifyDataset/train/CellWall/wht2_014_Cell_Wall_1.tif,e666c44d25b7d24a
train,CellWall,CellWall/wht2_015_Cell_Wall_1.tif,/Users/jason/Desktop/OrganelleClassifyDataset/train/CellWall/wht2_015_Cell_Wall_1.tif,e885b552fa3f8740
train,CellWall,CellWall/wht2_017_Cell_Wall_1.tif,/Users/jason/Desktop/OrganelleClassifyDataset/train/CellWall/wht2_017_Cell_Wall_1.tif,a34cd711366fc81e
train,CellWall,CellWall/wht2_019_Cell_Wall_1.tif,/Users/jason/Desktop/OrganelleClassifyDataset/train/CellWall/wht2_019_Cell_Wall_1.tif,b04af6dce1390b9a
train,CellWall,CellWall/wht2_021_Cell_Wall_1.tif,/Users/jason/Desktop/OrganelleClassifyDataset/train/CellWall/wht2_021_Cell_Wall_1.tif,bb15c062c371dcdc
train,CellWall,CellWall/xsj2_003_Cell_Wall_1.tif,/Users/jason/Desktop/OrganelleClassifyDataset/train/CellWall/xsj2_003_Cell_Wall_1.tif,ba438fe8275cd131
train,CellWall,CellWall/xsj2_003_Cell_Wall_2.tif,/Users/jason/Desktop/OrganelleClassifyDataset/train/CellWall/xsj2_003_Cell_Wall_2.tif,a424ec2666e7c787
train,CellWall,CellWall/xsj2_003_Cell_Wall_3.tif,/Users/jason/Desktop/OrganelleClassifyDataset/train/CellWall/xsj2_003_Cell_Wall_3.tif,c06f99bb2c00f6d6
train,CellWall,CellWall/xsj2_005_Cell_Wall_1.tif,/Users/jason/Desktop/OrganelleClassifyDataset/train/CellWall/xsj2_005_Cell_Wall_1.tif,e6099dc6e1bb2a1a
train,CellWall,CellWall/xsj2_005_Cell_Wall_3.tif,/Users/jason/Desktop/OrganelleClassifyDataset/train/CellWall/xsj2_005_Cell_Wall_3.tif,b1b3c383b739219c
train,CellWall,CellWall/xsj2_005_Cell_Wall_4.tif,/Users/jason/Desktop/OrganelleClassifyDataset/train/CellWall/xsj2_005_Cell_Wall_4.tif,a3dcc73a25a45bb0
train,CellWall,CellWall/xsj2_009_Cell_Wall_1.tif,/Users/jason/Desktop/OrganelleClassifyDataset/train/CellWall/xsj2_009_Cell_Wall_1.tif,a3b233c40ece9cec
train,CellWall,CellWall/xsj2_009_Cell_Wall_2.tif,/Users/jason/Desktop/OrganelleClassifyDataset/train/CellWall/xsj2_009_Cell_Wall_2.tif,f1ceb1bbc8331684
train,CellWall,CellWall/zzc3_002_Cell_Wall_2.tif,/Users/jason/Desktop/OrganelleClassifyDataset/train/CellWall/zzc3_002_Cell_Wall_2.tif,996a74a1c84ab3f9
train,CellWall,CellWall/zzc3_002_Cell_Wall_3.tif,/Users/jason/Desktop/OrganelleClassifyDataset/train/CellWall/zzc3_002_Cell_Wall_3.tif,9fd3604ab8835d55
train,CellWall,CellWall/zzc3_005_Cell_Wall_1.tif,/Users/jason/Desktop/OrganelleClassifyDataset/train/CellWall/zzc3_005_Cell_Wall_1.tif,cbe076869e2cb0f2
train,CellWall,CellWall/zzc3_005_Cell_Wall_2.tif,/Users/jason/Desktop/OrganelleClassifyDataset/train/CellWall/zzc3_005_Cell_Wall_2.tif,f8fc761883870769
train,CellWall,CellWall/zzc3_005_Cell_Wall_3.tif,/Users/jason/Desktop/OrganelleClassifyDataset/train/CellWall/zzc3_005_Cell_Wall_3.tif,d1d6b52d0e43d274
train,CellWall,CellWall/zzc3_005_Cell_Wall_4.tif,/Users/jason/Desktop/OrganelleClassifyDataset/train/CellWall/zzc3_005_Cell_Wall_4.tif,9c83a649f352bce1
train,CellWall,CellWall/zzc3_005_Cell_Wall_5.tif,/Users/jason/Desktop/OrganelleClassifyDataset/train/CellWall/zzc3_005_Cell_Wall_5.tif,d4592194ccfcd58b
train,CellWall,CellWall/zzc3_007_Cell_Wall_1.tif,/Users/jason/Desktop/OrganelleClassifyDataset/train/CellWall/zzc3_007_Cell_Wall_1.tif,dddc5931e92e44b0
train,CellWall,CellWall/zzc3_008_Cell_Wall_1.tif,/Users/jason/Desktop/OrganelleClassifyDataset/train/CellWall/zzc3_008_Cell_Wall_1.tif,f1e874fae9223b02
train,CellWall,CellWall/zzc3_008_Cell_Wall_2.tif,/Users/jason/Desktop/OrganelleClassifyDataset/train/CellWall/zzc3_008_Cell_Wall_2.tif,8c0463b3cc2df3d3
train,CellWall,CellWall/zzc3_010_Cell_Wall_1.tif,/Users/jason/Desktop/OrganelleClassifyDataset/train/CellWall/zzc3_010_Cell_Wall_1.tif,f8f0c6f8410e9f23
train,CellWall,CellWall/zzc3_010_Cell_Wall_2.tif,/Users/jason/Desktop/OrganelleClassifyDataset/train/CellWall/zzc3_010_Cell_Wall_2.tif,e0df921cd4d05dc5
train,CellWall,CellWall/zzc3_010_Cell_Wall_3.tif,/Users/jason/Desktop/OrganelleClassifyDataset/train/CellWall/zzc3_010_Cell_Wall_3.tif,f24ab67c03b504f6
train,CellWall,CellWall/zzc3_010_Cell_Wall_4.tif,/Users/jason/Desktop/OrganelleClassifyDataset/train/CellWall/zzc3_010_Cell_Wall_4.tif,cc437f463a8c314f
train,CellWall,CellWall/zzc3_013_Cell_Wall_1.tif,/Users/jason/Desktop/OrganelleClassifyDataset/train/CellWall/zzc3_013_Cell_Wall_1.tif,9b5266d0cf36cb24
train,CellWall,CellWall/zzc4_005_Cell_Wall_1.tif,/Users/jason/Desktop/OrganelleClassifyDataset/train/CellWall/zzc4_005_Cell_Wall_1.tif,e572c36573d9822c
train,CellWall,CellWall/zzc4_006_Cell_Wall_1.tif,/Users/jason/Desktop/OrganelleClassifyDataset/train/CellWall/zzc4_006_Cell_Wall_1.tif,b1dc7f91d283c2c8
train,CellWall,CellWall/zzc4_012_Cell_Wall_1.tif,/Users/jason/Desktop/OrganelleClassifyDataset/train/CellWall/zzc4_012_Cell_Wall_1.tif,8c65638e18677c3b
train,CellWall,CellWall/zzc4_012_Cell_Wall_2.tif,/Users/jason/Desktop/OrganelleClassifyDataset/train/CellWall/zzc4_012_Cell_Wall_2.tif,8a2f7717a48ee438
train,CellWall,CellWall/zzc4_012_Cell_Wall_3.tif,/Users/jason/Desktop/OrganelleClassifyDataset/train/CellWall/zzc4_012_Cell_Wall_3.tif,a5a93b6bc2a85e4a
train,CellWall,CellWall/zzc4_013_Cell_Wall_1.tif,/Users/jason/Desktop/OrganelleClassifyDataset/train/CellWall/zzc4_013_Cell_Wall_1.tif,8e9cab56624ded44
train,CellWall,CellWall/zzc4_013_Cell_Wall_2.tif,/Users/jason/Desktop/OrganelleClassifyDataset/train/CellWall/zzc4_013_Cell_Wall_2.tif,dd2a3bb9e2e0841e
train,CellWall,CellWall/zzc4_015_Cell_Wall_1.tif,/Users/jason/Desktop/OrganelleClassifyDataset/train/CellWall/zzc4_015_Cell_Wall_1.tif,d6ad20239edea265
train,CellWall,CellWall/zzc4_016_Cell_Wall_1.tif,/Users/jason/Desktop/OrganelleClassifyDataset/train/CellWall/zzc4_016_Cell_Wall_1.tif,dc96b3877c21cd48
train,CellWall,CellWall/zzc4_016_Cell_Wall_2.tif,/Users/jason/Desktop/OrganelleClassifyDataset/train/CellWall/zzc4_016_Cell_Wall_2.tif,c08ed5fb19cc0bca
train,CellWall,CellWall/zzc4_016_Cell_Wall_3.tif,/Users/jason/Desktop/OrganelleClassifyDataset/train/CellWall/zzc4_016_Cell_Wall_3.tif,d1b6346b079199c7
train,CellWall,CellWall/zzc4_016_Cell_Wall_4.tif,/Users/jason/Desktop/OrganelleClassifyDataset/train/CellWall/zzc4_016_Cell_Wall_4.tif,8adf0726f6c24927
train,CellWall,CellWall/zzc4_016_Cell_Wall_5.tif,/Users/jason/Desktop/OrganelleClassifyDataset/train/CellWall/zzc4_016_Cell_Wall_5.tif,cb98f04d989b5f48
train,CellWall,CellWall/zzc4_018_Cell_Wall_1.tif,/Users/jason/Desktop/OrganelleClassifyDataset/train/CellWall/zzc4_018_Cell_Wall_1.tif,e1fce74944871cb8
train,CellWall,CellWall/zzc4_018_Cell_Wall_2.tif,/Users/jason/Desktop/OrganelleClassifyDataset/train/CellWall/zzc4_018_Cell_Wall_2.tif,c9d19a2bd16e625c
train,CellWall,CellWall/zzc4_018_Cell_Wall_3.tif,/Users/jason/Desktop/OrganelleClassifyDataset/train/CellWall/zzc4_018_Cell_Wall_3.tif,d8fcb45289f0e30d
train,CellWall,CellWall/zzc6_002_Cell_Wall_1.tif,/Users/jason/Desktop/OrganelleClassifyDataset/train/CellWall/zzc6_002_Cell_Wall_1.tif,d4c71a758f597206
train,CellWall,CellWall/zzc6_003_Cell_Wall_1.tif,/Users/jason/Desktop/OrganelleClassifyDataset/train/CellWall/zzc6_003_Cell_Wall_1.tif,e7b9e9c02392b307
train,CellWall,CellWall/zzc6_006_Cell_Wall_1.tif,/Users/jason/Desktop/OrganelleClassifyDataset/train/CellWall/zzc6_006_Cell_Wall_1.tif,9dbc6b021c70a7b9
train,CellWall,CellWall/zzc6_007_Cell_Wall_1.tif,/Users/jason/Desktop/OrganelleClassifyDataset/train/CellWall/zzc6_007_Cell_Wall_1.tif,893ad285bd1339a7
train,CellWall,CellWall/zzc6_009_Cell_Wall_2.tif,/Users/jason/Desktop/OrganelleClassifyDataset/train/CellWall/zzc6_009_Cell_Wall_2.tif,d08c0feacccf8b1a
train,CellWall,CellWall/zzc6_009_Cell_Wall_3.tif,/Users/jason/Desktop/OrganelleClassifyDataset/train/CellWall/zzc6_009_Cell_Wall_3.tif,81d6e8db522d529b
train,CellWall,CellWall/zzc6_009_Cell_Wall_4.tif,/Users/jason/Desktop/OrganelleClassifyDataset/train/CellWall/zzc6_009_Cell_Wall_4.tif,adf8cb3ce426072c
train,CellWall,CellWall/zzc7_010_Cell_Wall_1.tif,/Users/jason/Desktop/OrganelleClassifyDataset/train/CellWall/zzc7_010_Cell_Wall_1.tif,cdc85a17ade4aa13
train,CellWall,CellWall/zzc7_018_Cell_Wall_1.tif,/Users/jason/Desktop/OrganelleClassifyDataset/train/CellWall/zzc7_018_Cell_Wall_1.tif,e384b5302f2bec87
train,Chloroplast,Chloroplast/1.1_003_Chloroplast_1.tif,/Users/jason/Desktop/OrganelleClassifyDataset/train/Chloroplast/1.1_003_Chloroplast_1.tif,af87e24f850ccd98
train,Chloroplast,Chloroplast/1.1_003_Chloroplast_2.tif,/Users/jason/Desktop/OrganelleClassifyDataset/train/Chloroplast/1.1_003_Chloroplast_2.tif,bf2f95c2681f8641
train,Chloroplast,Chloroplast/1.1_003_Chloroplast_3.tif,/Users/jason/Desktop/OrganelleClassifyDataset/train/Chloroplast/1.1_003_Chloroplast_3.tif,9f38c823a3d67a91
train,Chloroplast,Chloroplast/1.1_008_Chloroplast_1.tif,/Users/jason/Desktop/OrganelleClassifyDataset/train/Chloroplast/1.1_008_Chloroplast_1.tif,ff30a0879a378c5a
train,Chloroplast,Chloroplast/1.1_008_Chloroplast_2.tif,/Users/jason/Desktop/OrganelleClassifyDataset/train/Chloroplast/1.1_008_Chloroplast_2.tif,da2d849ff5c0f248
train,Chloroplast,Chloroplast/1.1_008_Chloroplast_5.tif,/Users/jason/Desktop/OrganelleClassifyDataset/train/Chloroplast/1.1_008_Chloroplast_5.tif,aacfb5d3d7c08604
train,Chloroplast,Chloroplast/1.1_008_Chloroplast_6.tif,/Users/jason/Desktop/OrganelleClassifyDataset/train/Chloroplast/1.1_008_Chloroplast_6.tif,f346c41d9b34652d
train,Chloroplast,Chloroplast/1.1_008_Chloroplast_7.tif,/Users/jason/Desktop/OrganelleClassifyDataset/train/Chloroplast/1.1_008_Chloroplast_7.tif,aa36914bce2d1ee2
train,Chloroplast,Chloroplast/1.1_008_Chloroplast_9.tif,/Users/jason/Desktop/OrganelleClassifyDataset/train/Chloroplast/1.1_008_Chloroplast_9.tif,eae2d785b49ad20c
train,Chloroplast,Chloroplast/1.1_009_Chloroplast_6.tif,/Users/jason/Desktop/OrganelleClassifyDataset/train/Chloroplast/1.1_009_Chloroplast_6.tif,beb8c58c84792c3b
train,Chloroplast,Chloroplast/1.1_009_Chloroplast_7.tif,/Users/jason/Desktop/OrganelleClassifyDataset/train/Chloroplast/1.1_009_Chloroplast_7.tif,ff3ca0859e338c4a
train,Chloroplast,Chloroplast/2.1_002_Chloroplast_1.tif,/Users/jason/Desktop/OrganelleClassifyDataset/train/Chloroplast/2.1_002_Chloroplast_1.tif,f62d9a28f1c2e8b4
train,Chloroplast,Chloroplast/2.1_002_Chloroplast_3.tif,/Users/jason/Desktop/OrganelleClassifyDataset/train/Chloroplast/2.1_002_Chloroplast_3.tif,ba85d8149bed68d1
train,Chloroplast,Chloroplast/2.1_006_Chloroplast_1.tif,/Users/jason/Desktop/OrganelleClassifyDataset/train/Chloroplast/2.1_006_Chloroplast_1.tif,ff87c0608d63b86c
train,Chloroplast,Chloroplast/2.1_006_Chloroplast_2.tif,/Users/jason/Desktop/OrganelleClassifyDataset/train/Chloroplast/2.1_006_Chloroplast_2.tif,ab249537e6b91b12
train,Chloroplast,Chloroplast/2.1_008_Chloroplast_2.tif,/Users/jason/Desktop/OrganelleClassifyDataset/train/Chloroplast/2.1_008_Chloroplast_2.tif,df8dc86ea53082e9
train,Chloroplast,Chloroplast/2.1_008_Chloroplast_4.tif,/Users/jason/Desktop/OrganelleClassifyDataset/train/Chloroplast/2.1_008_Chloroplast_4.tif,ea3b9c67a9223265
train,Chloroplast,Chloroplast/2.1_011_Chloroplast_1.tif,/Users/jason/Desktop/OrganelleClassifyDataset/train/Chloroplast/2.1_011_Chloroplast_1.tif,ba62b931ee90c6b8
train,Chloroplast,Chloroplast/2.1_011_Chloroplast_3.tif,/Users/jason/Desktop/OrganelleClassifyDataset/train/Chloroplast/2.1_011_Chloroplast_3.tif,a60380ecd1ecdb75
train,Chloroplast,Chloroplast/2.1_014_Chloroplast_1.tif,/Users/jason/Desktop/OrganelleClassifyDataset/train/Chloroplast/2.1_014_Chloroplast_1.tif,eaeb263c9336648c
train,Chloroplast,Chloroplast/2.1_014_Chloroplast_2.tif,/Users/jason/Desktop/OrganelleClassifyDataset/train/Chloroplast/2.1_014_Chloroplast_2.tif,a260875bd66cca3e
train,Chloroplast,Chloroplast/2.1_014_Chloroplast_3.tif,/Users/jason/Desktop/OrganelleClassifyDataset/train/Chloroplast/2.1_014_Chloroplast_3.tif,bb7ad824d9136649
train,Chloroplast,Chloroplast/2.1_014_Chloroplast_4.tif,/Users/jason/Desktop/OrganelleClassifyDataset/train/Chloroplast/2.1_014_Chloroplast_4.tif,aab95dc613e41974
train,Chloroplast,Chloroplast/2.1_014_Chloroplast_5.tif,/Users/jason/Desktop/OrganelleClassifyDataset/train/Chloroplast/2.1_014_Chloroplast_5.tif,fd51c08ccfa94ab8
train,Chloroplast,Chloroplast/2.1_015_Chloroplast_1.tif,/Users/jason/Desktop/OrganelleClassifyDataset/train/Chloroplast/2.1_015_Chloroplast_1.tif,fa42e459958e662d
train,Chloroplast,Chloroplast/2gill_002_Chloroplast_1.tif,/Users/jason/Desktop/OrganelleClassifyDataset/train/Chloroplast/2gill_002_Chloroplast_1.tif,ef3790d8c3881c67
train,Chloroplast,Chloroplast/2gill_002_Chloroplast_2.tif,/Users/jason/Desktop/OrganelleClassifyDataset/train/Chloroplast/2gill_002_Chloroplast_2.tif,aac0b434de8bc937
train,Chloroplast,Chloroplast/2gill_002_Chloroplast_3.tif,/Users/jason/Desktop/OrganelleClassifyDataset/train/Chloroplast/2gill_002_Chloroplast_3.tif,bbbfd0d0cac34905
train,Chloroplast,Chloroplast/2gill_002_Chloroplast_5.tif,/Users/jason/Desktop/OrganelleClassifyDataset/train/Chloroplast/2gill_002_Chloroplast_5.tif,faa0d592d61eaa58
train,Chloroplast,Chloroplast/2gill_005_Chloroplast_2.tif,/Users/jason/Desktop/OrganelleClassifyDataset/train/Chloroplast/2gill_005_Chloroplast_2.tif,e8f5b706a2b98cc1
train,Chloroplast,Chloroplast/2gill_009_Chloroplast_1.tif,/Users/jason/Desktop/OrganelleClassifyDataset/train/Chloroplast/2gill_009_Chloroplast_1.tif,ad91c069e763b07c
train,Chloroplast,Chloroplast/2gill_009_Chloroplast_10.tif,/Users/jason/Desktop/OrganelleClassifyDataset/train/Chloroplast/2gill_009_Chloroplast_10.tif,aa4a1739f0271fc5
train,Chloroplast,Chloroplast/2gill_009_Chloroplast_11.tif,/Users/jason/Desktop/OrganelleClassifyDataset/train/Chloroplast/2gill_009_Chloroplast_11.tif,fb60d027cb3a84f1
train,Chloroplast,Chloroplast/2gill_009_Chloroplast_12.tif,/Users/jason/Desktop/OrganelleClassifyDataset/train/Chloroplast/2gill_009_Chloroplast_12.tif,bedac96984646d49
train,Chloroplast,Chloroplast/2gill_009_Chloroplast_13.tif,/Users/jason/Desktop/OrganelleClassifyDataset/train/Chloroplast/2gill_009_Chloroplast_13.tif,b61681694eb72d53
train,Chloroplast,Chloroplast/2gill_009_Chloroplast_2.tif,/Users/jason/Desktop/OrganelleClassifyDataset/train/Chloroplast/2gill_009_Chloroplast_2.tif,fb408daf9a35d032
train,Chloroplast,Chloroplast/2gill_009_Chloroplast_4.tif,/Users/jason/Desktop/OrganelleClassifyDataset/train/Chloroplast/2gill_009_Chloroplast_4.tif,eef1859e915831c6
train,Chloroplast,Chloroplast/2gill_009_Chloroplast_5.tif,/Users/jason/Desktop/OrganelleClassifyDataset/train/Chloroplast/2gill_009_Chloroplast_5.tif,fe2191ccd361cc63
train,Chloroplast,Chloroplast/2gill_009_Chloroplast_6.tif,/Users/jason/Desktop/OrganelleClassifyDataset/train/Chloroplast/2gill_009_Chloroplast_6.tif,be1b904e8178cf71
train,Chloroplast,Chloroplast/2gill_009_Chloroplast_7.tif,/Users/jason/Desktop/OrganelleClassifyDataset/train/Chloroplast/2gill_009_Chloroplast_7.tif,fb66e40d93b40ce4
train,Chloroplast,Chloroplast/2gill_009_Chloroplast_9.tif,/Users/jason/Desktop/OrganelleClassifyDataset/train/Chloroplast/2gill_009_Chloroplast_9.tif,af9590cac7613cc6
train,Chloroplast,Chloroplast/2gill_012_Chloroplast_1.tif,/Users/jason/Desktop/OrganelleClassifyDataset/train/Chloroplast/2gill_012_Chloroplast_1.tif,ae95e1dcc6630d0e
train,Chloroplast,Chloroplast/2gill_012_Chloroplast_10.tif,/Users/jason/Desktop/OrganelleClassifyDataset/train/Chloroplast/2gill_012_Chloroplast_10.tif,8a35f1bcd6c37188
train,Chloroplast,Chloroplast/2gill_012_Chloroplast_2.tif,/Users/jason/Desktop/OrganelleClassifyDataset/train/Chloroplast/2gill_012_Chloroplast_2.tif,f819c368bc45b1d9
train,Chloroplast,Chloroplast/2gill_012_Chloroplast_3.tif,/Users/jason/Desktop/OrganelleClassifyDataset/train/Chloroplast/2gill_012_Chloroplast_3.tif,eecab123cfccc812
train,Chloroplast,Chloroplast/2gill_012_Chloroplast_6.tif,/Users/jason/Desktop/OrganelleClassifyDataset/train/Chloroplast/2gill_012_Chloroplast_6.tif,fc3a63b18c6233a9
train,Chloroplast,Chloroplast/2gill_012_Chloroplast_9.tif,/Users/jason/Desktop/OrganelleClassifyDataset/train/Chloroplast/2gill_012_Chloroplast_9.tif,fc65cb8a94190b6e
train,Chloroplast,Chloroplast/309c_002_Chloroplast_1.tif,/Users/jason/Desktop/OrganelleClassifyDataset/train/Chloroplast/309c_002_Chloroplast_1.tif,89c9538f1c7cf264
train,Chloroplast,Chloroplast/309c_002_Chloroplast_2.tif,/Users/jason/Desktop/OrganelleClassifyDataset/train/Chloroplast/309c_002_Chloroplast_2.tif,8f0cf63283cf8e4a
train,Chloroplast,Chloroplast/309c_002_Chloroplast_3.tif,/Users/jason/Desktop/OrganelleClassifyDataset/train/Chloroplast/309c_002_Chloroplast_3.tif,eb4a9624cc19e70f
train,Chloroplast,Chloroplast/309c_002_Chloroplast_4.tif,/Users/jason/Desktop/OrganelleClassifyDataset/train/Chloroplast/309c_002_Chloroplast_4.tif,de96b49c86f20569
train,Chloroplast,Chloroplast/309c_007_Chloroplast_2.tif,/Users/jason/Desktop/OrganelleClassifyDataset/train/Chloroplast/309c_007_Chloroplast_2.tif,f2bdc9609ccc9263
train,Chloroplast,Chloroplast/309c_009_Chloroplast_1.tif,/Users/jason/Desktop/OrganelleClassifyDataset/train/Chloroplast/309c_009_Chloroplast_1.tif,fe62e08db2b68932
train,Chloroplast,Chloroplast/309n_002_Chloroplast_2.tif,/Users/jason/Desktop/OrganelleClassifyDataset/train/Chloroplast/309n_002_Chloroplast_2.tif,e69484f734e333c1
train,Chloroplast,Chloroplast/309n_007_Chloroplast_1.tif,/Users/jason/Desktop/OrganelleClassifyDataset/train/Chloroplast/309n_007_Chloroplast_1.tif,bbe0842bdb36c41b
train,Chloroplast,Chloroplast/309n_009_Chloroplast_1.tif,/Users/jason/Desktop/OrganelleClassifyDataset/train/Chloroplast/309n_009_Chloroplast_1.tif,aa15c1f09ac3e1ed
train,Chloroplast,Chloroplast/309n_009_Chloroplast_2.tif,/Users/jason/Desktop/OrganelleClassifyDataset/train/Chloroplast/309n_009_Chloroplast_2.tif,e9875f18c0678739
train,Chloroplast,Chloroplast/309n_009_Chloroplast_4.tif,/Users/jason/Desktop/OrganelleClassifyDataset/train/Chloroplast/309n_009_Chloroplast_4.tif,cbc4b9d8e69930e4
train,Chloroplast,Chloroplast/309n_009_Chloroplast_7.tif,/Users/jason/Desktop/OrganelleClassifyDataset/train/Chloroplast/309n_009_Chloroplast_7.tif,8ff890a7ce18c719
train,Chloroplast,Chloroplast/309n_009_Chloroplast_8.tif,/Users/jason/Desktop/OrganelleClassifyDataset/train/Chloroplast/309n_009_Chloroplast_8.tif,bfb8905a8f493c46
train,Chloroplast,Chloroplast/309n_009_Chloroplast_9.tif,/Users/jason/Desktop/OrganelleClassifyDataset/train/Chloroplast/309n_009_Chloroplast_9.tif,fe0a913f87309635
train,Chloroplast,Chloroplast/379c_001_Chloroplast_10.tif,/Users/jason/Desktop/OrganelleClassifyDataset/train/Chloroplast/379c_001_Chloroplast_10.tif,eacbc48c3d919396
train,Chloroplast,Chloroplast/379c_001_Chloroplast_11.tif,/Users/jason/Desktop/OrganelleClassifyDataset/train/Chloroplast/379c_001_Chloroplast_11.tif,f7ca803db835ad28
train,Chloroplast,Chloroplast/379c_001_Chloroplast_12.tif,/Users/jason/Desktop/OrganelleClassifyDataset/train/Chloroplast/379c_001_Chloroplast_12.tif,af0cb0dbc8ccc731
train,Chloroplast,Chloroplast/379c_001_Chloroplast_13.tif,/Users/jason/Desktop/OrganelleClassifyDataset/train/Chloroplast/379c_001_Chloroplast_13.tif,bf5e85384bd08ccc
train,Chloroplast,Chloroplast/379c_001_Chloroplast_3.tif,/Users/jason/Desktop/OrganelleClassifyDataset/train/Chloroplast/379c_001_Chloroplast_3.tif,fe62e097a4d8872c
train,Chloroplast,Chloroplast/379c_001_Chloroplast_6.tif,/Users/jason/Desktop/OrganelleClassifyDataset/train/Chloroplast/379c_001_Chloroplast_6.tif,e8b6a3888f6389cd
train,Chloroplast,Chloroplast/379c_001_Chloroplast_7.tif,/Users/jason/Desktop/OrganelleClassifyDataset/train/Chloroplast/379c_001_Chloroplast_7.tif,fb95e06496c2996c
train,Chloroplast,Chloroplast/379c_001_Chloroplast_8.tif,/Users/jason/Desktop/OrganelleClassifyDataset/train/Chloroplast/379c_001_Chloroplast_8.tif,fb1d85709c5b8b48
train,Chloroplast,Chloroplast/379c_001_Chloroplast_9.tif,/Users/jason/Desktop/OrganelleClassifyDataset/train/Chloroplast/379c_001_Chloroplast_9.tif,ae9c7133cc8eca92
train,Chloroplast,Chloroplast/379c_002_Chloroplast_1.tif,/Users/jason/Desktop/OrganelleClassifyDataset/train/Chloroplast/379c_002_Chloroplast_1.tif,8f04b0fbd8ccc671
train,Chloroplast,Chloroplast/379c_012_Chloroplast_2.tif,/Users/jason/Desktop/OrganelleClassifyDataset/train/Chloroplast/379c_012_Chloroplast_2.tif,bb21f07a876438cd
train,Chloroplast,Chloroplast/379n_004_Chloroplast_1.tif,/Users/jason/Desktop/OrganelleClassifyDataset/train/Chloroplast/379n_004_Chloroplast_1.tif,aa9591cacd65d0e6
train,Chloroplast,Chloroplast/379n_009_Chloroplast_1.tif,/Users/jason/Desktop/OrganelleClassifyDataset/train/Chloroplast/379n_009_Chloroplast_1.tif,fec3841fd031c716
train,Chloroplast,Chloroplast/379n_009_Chloroplast_10.tif,/Users/jason/Desktop/OrganelleClassifyDataset/train/Chloroplast/379n_009_Chloroplast_10.tif,eafac594c4d59a12
train,Chloroplast,Chloroplast/379n_009_Chloroplast_2.tif,/Users/jason/Desktop/OrganelleClassifyDataset/train/Chloroplast/379n_009_Chloroplast_2.tif,e07fc5e8940d9a9c
train,Chloroplast,Chloroplast/379n_009_Chloroplast_3.tif,/Users/jason/Desktop/OrganelleClassifyDataset/train/Chloroplast/379n_009_Chloroplast_3.tif,ea3e8f67914c9249
train,Chloroplast,Chloroplast/379n_009_Chloroplast_6.tif,/Users/jason/Desktop/OrganelleClassifyDataset/train/Chloroplast/379n_009_Chloroplast_6.tif,fbf3c508960ad998
train,Chloroplast,Chloroplast/379n_009_Chloroplast_7.tif,/Users/jason/Desktop/OrganelleClassifyDataset/train/Chloroplast/379n_009_Chloroplast_7.tif,fb45e547862c9ab0
train,Chloroplast,Chloroplast/379n_009_Chloroplast_8.tif,/Users/jason/Desktop/OrganelleClassifyDataset/train/Chloroplast/379n_009_Chloroplast_8.tif,ba6bd274c9224c79
train,Chloroplast,Chloroplast/379n_009_Chloroplast_9.tif,/Users/jason/Desktop/OrganelleClassifyDataset/train/Chloroplast/379n_009_Chloroplast_9.tif,ea8d819c93f893b1
train,Chloroplast,Chloroplast/379n_010_Chloroplast_1.tif,/Users/jason/Desktop/OrganelleClassifyDataset/train/Chloroplast/379n_010_Chloroplast_1.tif,bee08a968499b3b6
train,Chloroplast,Chloroplast/3gill_007_Chloroplast_1.tif,/Users/jason/Desktop/OrganelleClassifyDataset/train/Chloroplast/3gill_007_Chloroplast_1.tif,ab4ad0ad9b349d32
train,Chloroplast,Chloroplast/3gill_007_Chloroplast_2.tif,/Users/jason/Desktop/OrganelleClassifyDataset/train/Chloroplast/3gill_007_Chloroplast_2.tif,fa42c02fd23f9a38
train,Chloroplast,Chloroplast/3gill_007_Chloroplast_4.tif,/Users/jason/Desktop/OrganelleClassifyDataset/train/Chloroplast/3gill_007_Chloroplast_4.tif,fae0cb96a41992b5
train,Chloroplast,Chloroplast/3gill_007_Chloroplast_5.tif,/Users/jason/Desktop/OrganelleClassifyDataset/train/Chloroplast/3gill_007_Chloroplast_5.tif,aa4095a7cf96cd98
train,Chloroplast,Chloroplast/3gill_010_Chloroplast_1.tif,/Users/jason/Desktop/OrganelleClassifyDataset/train/Chloroplast/3gill_010_Chloroplast_1.tif,be37cb69a4422359
train,Chloroplast,Chloroplast/3gill_010_Chloroplast_5.tif,/Users/jason/Desktop/OrganelleClassifyDataset/train/Chloroplast/3gill_010_Chloroplast_5.tif,fae0ca97c6dc8948
train,Chloroplast,Chloroplast/3gill_014_Chloroplast_1.tif,/Users/jason/Desktop/OrganelleClassifyDataset/train/Chloroplast/3gill_014_Chloroplast_1.tif,bdbd9ac0e14ce642
train,Chloroplast,Chloroplast/3gill_014_Chloroplast_2.tif,/Users/jason/Desktop/OrganelleClassifyDataset/train/Chloroplast/3gill_014_Chloroplast_2.tif,ee55c26a8d65146e
train,Chloroplast,Chloroplast/4gill_006_Chloroplast_1.tif,/Users/jason/Desktop/OrganelleClassifyDataset/train/Chloroplast/4gill_006_Chloroplast_1.tif,bef09007da9fc898
train,Chloroplast,Chloroplast/4gill_008_Chloroplast_2.tif,/Users/jason/Desktop/OrganelleClassifyDataset/train/Chloroplast/4gill_008_Chloroplast_2.tif,bf608197c29e9c4b
train,Chloroplast,Chloroplast/4gill_014_Chloroplast_1.tif,/Users/jason/Desktop/OrganelleClassifyDataset/train/Chloroplast/4gill_014_Chloroplast_1.tif,b86ac39eac19f330
train,Chloroplast,Chloroplast/4gill_014_Chloroplast_2.tif,/Users/jason/Desktop/OrganelleClassifyDataset/train/Chloroplast/4gill_014_Chloroplast_2.tif,bd41c5bfcc18f20c
train,Chloroplast,Chloroplast/5gill_003_Chloroplast_1.tif,/Users/jason/Desktop/OrganelleClassifyDataset/train/Chloroplast/5gill_003_Chloroplast_1.tif,fed0b027c61b988e
train,Chloroplast,Chloroplast/5gill_003_Chloroplast_2.tif,/Users/jason/Desktop/OrganelleClassifyDataset/train/Chloroplast/5gill_003_Chloroplast_2.tif,afee80b0d91255e9
train,Chloroplast,Chloroplast/5gill_003_Chloroplast_3.tif,/Users/jason/Desktop/OrganelleClassifyDataset/train/Chloroplast/5gill_003_Chloroplast_3.tif,edca9db087a4a8a5
train,Chloroplast,Chloroplast/5gill_003_Chloroplast_4.tif,/Users/jason/Desktop/OrganelleClassifyDataset/train/Chloroplast/5gill_003_Chloroplast_4.tif,a0a0d7dfcaece424
train,Chloroplast,Chloroplast/6gill_002_Chloroplast_1.tif,/Users/jason/Desktop/OrganelleClassifyDataset/train/Chloroplast/6gill_002_Chloroplast_1.tif,bf36d0c88566c56a
train,Chloroplast,Chloroplast/6gill_002_Chloroplast_3.tif,/Users/jason/Desktop/OrganelleClassifyDataset/train/Chloroplast/6gill_002_Chloroplast_3.tif,bf9f814ac431d2c9
train,Chloroplast,Chloroplast/6gill_002_Chloroplast_4.tif,/Users/jason/Desktop/OrganelleClassifyDataset/train/Chloroplast/6gill_002_Chloroplast_4.tif,ea71c197b4ab2394
train,Chloroplast,Chloroplast/6gill_002_Chloroplast_5.tif,/Users/jason/Desktop/OrganelleClassifyDataset/train/Chloroplast/6gill_002_Chloroplast_5.tif,bab4c4e89ec3994c
train,Chloroplast,Chloroplast/6gill_002_Chloroplast_7.tif,/Users/jason/Desktop/OrganelleClassifyDataset/train/Chloroplast/6gill_002_Chloroplast_7.tif,ff03811f9a3c9d30
train,Chloroplast,Chloroplast/6gill_006_Chloroplast_2.tif,/Users/jason/Desktop/OrganelleClassifyDataset/train/Chloroplast/6gill_006_Chloroplast_2.tif,fb42e41d9a348bb1
train,Chloroplast,Chloroplast/6gill_008_Chloroplast_2.tif,/Users/jason/Desktop/OrganelleClassifyDataset/train/Chloroplast/6gill_008_Chloroplast_2.tif,f4cbda94ab94126a
train,Chloroplast,Chloroplast/6gill_011_Chloroplast_2.tif,/Users/jason/Desktop/OrganelleClassifyDataset/train/Chloroplast/6gill_011_Chloroplast_2.tif,ab60f4cfc6b1a4c4
train,Chloroplast,Chloroplast/6gill_011_Chloroplast_3.tif,/Users/jason/Desktop/OrganelleClassifyDataset/train/Chloroplast/6gill_011_Chloroplast_3.tif,fc37a19886659996
train,Chloroplast,Chloroplast/6gill_012_Chloroplast_2.tif,/Users/jason/Desktop/OrganelleClassifyDataset/train/Chloroplast/6gill_012_Chloroplast_2.tif,fa84e5139a5ccd31
train,Chloroplast,Chloroplast/6gill_012_Chloroplast_3.tif,/Users/jason/Desktop/OrganelleClassifyDataset/train/Chloroplast/6gill_012_Chloroplast_3.tif,a969cb3b66ec7022
train,Chloroplast,Chloroplast/6gill_013_Chloroplast_2.tif,/Users/jason/Desktop/OrganelleClassifyDataset/train/Chloroplast/6gill_013_Chloroplast_2.tif,afc892853b70c33e
train,Chloroplast,Chloroplast/HNNA_001_Chloroplast_10.tif,/Users/jason/Desktop/OrganelleClassifyDataset/train/Chloroplast/HNNA_001_Chloroplast_10.tif,d97427e8c61bd90c
train,Chloroplast,Chloroplast/HNNA_001_Chloroplast_12.tif,/Users/jason/Desktop/OrganelleClassifyDataset/train/Chloroplast/HNNA_001_Chloroplast_12.tif,eaf8732e8c296dc0
train,Chloroplast,Chloroplast/HNNA_001_Chloroplast_3.tif,/Users/jason/Desktop/OrganelleClassifyDataset/train/Chloroplast/HNNA_001_Chloroplast_3.tif,e516d247c3392cc7
train,Chloroplast,Chloroplast/HNNA_001_Chloroplast_6.tif,/Users/jason/Desktop/OrganelleClassifyDataset/train/Chloroplast/HNNA_001_Chloroplast_6.tif,bafe2464999d3234
train,Chloroplast,Chloroplast/HNNA_001_Chloroplast_8.tif,/Users/jason/Desktop/OrganelleClassifyDataset/train/Chloroplast/HNNA_001_Chloroplast_8.tif,a70cf9b0c58c39d3
train,Chloroplast,Chloroplast/HNNA_001_Chloroplast_9.tif,/Users/jason/Desktop/OrganelleClassifyDataset/train/Chloroplast/HNNA_001_Chloroplast_9.tif,abbcb4339159c8ca
train,Chloroplast,Chloroplast/HNWT_005_Chloroplast_1.tif,/Users/jason/Desktop/OrganelleClassifyDataset/train/Chloroplast/HNWT_005_Chloroplast_1.tif,bab5d0d8c9486de4
train,Chloroplast,Chloroplast/HNWT_006_Chloroplast_1.tif,/Users/jason/Desktop/OrganelleClassifyDataset/train/Chloroplast/HNWT_006_Chloroplast_1.tif,edcad01dc132cd9a
train,Chloroplast,Chloroplast/HNWT_006_Chloroplast_11.tif,/Users/jason/Desktop/OrganelleClassifyDataset/train/Chloroplast/HNWT_006_Chloroplast_11.tif,ffe483b79c9c1030
train,Chloroplast,Chloroplast/HNWT_006_Chloroplast_2.tif,/Users/jason/Desktop/OrganelleClassifyDataset/train/Chloroplast/HNWT_006_Chloroplast_2.tif,cfce889fb8b09087
train,Chloroplast,Chloroplast/LNA1_004_Chloroplast_1.tif,/Users/jason/Desktop/OrganelleClassifyDataset/train/Chloroplast/LNA1_004_Chloroplast_1.tif,ecc1c08f8db98eb8
train,Chloroplast,Chloroplast/LNA1_004_Chloroplast_2.tif,/Users/jason/Desktop/OrganelleClassifyDataset/train/Chloroplast/LNA1_004_Chloroplast_2.tif,a9c59a956dd166b0
train,Chloroplast,Chloroplast/LNA1_004_Chloroplast_4.tif,/Users/jason/Desktop/OrganelleClassifyDataset/train/Chloroplast/LNA1_004_Chloroplast_4.tif,aa92d0caeaebc8e1
train,Chloroplast,Chloroplast/LNA1_004_Chloroplast_5.tif,/Users/jason/Desktop/OrganelleClassifyDataset/train/Chloroplast/LNA1_004_Chloroplast_5.tif,b0f4bc4c63596e92
train,Chloroplast,Chloroplast/LNA1_007_Chloroplast_1.tif,/Users/jason/Desktop/OrganelleClassifyDataset/train/Chloroplast/LNA1_007_Chloroplast_1.tif,aa4af337c018b573
train,Chloroplast,Chloroplast/LNNA_002_Chloroplast_1.tif,/Users/jason/Desktop/OrganelleClassifyDataset/train/Chloroplast/LNNA_002_Chloroplast_1.tif,eac2ed27c0bdc990
train,Chloroplast,Chloroplast/LNNA_004_Chloroplast_10.tif,/Users/jason/Desktop/OrganelleClassifyDataset/train/Chloroplast/LNNA_004_Chloroplast_10.tif,eaca9535f024ed19
train,Chloroplast,Chloroplast/LNNA_004_Chloroplast_11.tif,/Users/jason/Desktop/OrganelleClassifyDataset/train/Chloroplast/LNNA_004_Chloroplast_11.tif,fdcac4a593939c24
train,Chloroplast,Chloroplast/LNNA_004_Chloroplast_14.tif,/Users/jason/Desktop/OrganelleClassifyDataset/train/Chloroplast/LNNA_004_Chloroplast_14.tif,ea20d11b36cf3b46
train,Chloroplast,Chloroplast/LNNA_004_Chloroplast_15.tif,/Users/jason/Desktop/OrganelleClassifyDataset/train/Chloroplast/LNNA_004_Chloroplast_15.tif,ea1ec4d34847696d
train,Chloroplast,Chloroplast/LNNA_004_Chloroplast_16.tif,/Users/jason/Desktop/OrganelleClassifyDataset/train/Chloroplast/LNNA_004_Chloroplast_16.tif,bd219734da12eb13
train,Chloroplast,Chloroplast/LNNA_004_Chloroplast_4.tif,/Users/jason/Desktop/OrganelleClassifyDataset/train/Chloroplast/LNNA_004_Chloroplast_4.tif,b592c0cfe164e2f2
train,Chloroplast,Chloroplast/LNNA_004_Chloroplast_6.tif,/Users/jason/Desktop/OrganelleClassifyDataset/train/Chloroplast/LNNA_004_Chloroplast_6.tif,fff090a58393858b
train,Chloroplast,Chloroplast/LNNA_006_Chloroplast_1.tif,/Users/jason/Desktop/OrganelleClassifyDataset/train/Chloroplast/LNNA_006_Chloroplast_1.tif,bf7f80a48982bcc3
train,Chloroplast,Chloroplast/LNNA_006_Chloroplast_16.tif,/Users/jason/Desktop/OrganelleClassifyDataset/train/Chloroplast/LNNA_006_Chloroplast_16.tif,eb1585f09aea89cc
train,Chloroplast,Chloroplast/LNNA_006_Chloroplast_2.tif,/Users/jason/Desktop/OrganelleClassifyDataset/train/Chloroplast/LNNA_006_Chloroplast_2.tif,ffa5c0d282d8c3cc
train,Chloroplast,Chloroplast/LNNA_006_Chloroplast_3.tif,/Users/jason/Desktop/OrganelleClassifyDataset/train/Chloroplast/LNNA_006_Chloroplast_3.tif,bf6a9195605c873c
train,Chloroplast,Chloroplast/LNNA_006_Chloroplast_6.tif,/Users/jason/Desktop/OrganelleClassifyDataset/train/Chloroplast/LNNA_006_Chloroplast_6.tif,bab28051876b1cef
train,Chloroplast,Chloroplast/LNNA_006_Chloroplast_9.tif,/Users/jason/Desktop/OrganelleClassifyDataset/train/Chloroplast/LNNA_006_Chloroplast_9.tif,a2bcc743a0e7f0d2
train,Chloroplast,Chloroplast/LNWT_004_Chloroplast_1.tif,/Users/jason/Desktop/OrganelleClassifyDataset/train/Chloroplast/LNWT_004_Chloroplast_1.tif,e327d0fa06c0b9a7
train,Chloroplast,Chloroplast/LNWT_006_Chloroplast_1.tif,/Users/jason/Desktop/OrganelleClassifyDataset/train/Chloroplast/LNWT_006_Chloroplast_1.tif,ff6af2708c613342
train,Chloroplast,Chloroplast/LNWT_006_Chloroplast_2.tif,/Users/jason/Desktop/OrganelleClassifyDataset/train/Chloroplast/LNWT_006_Chloroplast_2.tif,af42b6ce9823ce38
train,Chloroplast,Chloroplast/M8-1_003_Chloroplast_1.tif,/Users/jason/Desktop/OrganelleClassifyDataset/train/Chloroplast/M8-1_003_Chloroplast_1.tif,ff589140c927c9b3
train,Chloroplast,Chloroplast/M8-1_003_Chloroplast_2.tif,/Users/jason/Desktop/OrganelleClassifyDataset/train/Chloroplast/M8-1_003_Chloroplast_2.tif,aab594c28b68db8b
train,Chloroplast,Chloroplast/M8-1_003_Chloroplast_3.tif,/Users/jason/Desktop/OrganelleClassifyDataset/train/Chloroplast/M8-1_003_Chloroplast_3.tif,fe1d94e892c1d8a5
train,Chloroplast,Chloroplast/M8-1_003_Chloroplast_6.tif,/Users/jason/Desktop/OrganelleClassifyDataset/train/Chloroplast/M8-1_003_Chloroplast_6.tif,fd02e085c1d3d6ec
train,Chloroplast,Chloroplast/M8-1_003_Chloroplast_7.tif,/Users/jason/Desktop/OrganelleClassifyDataset/train/Chloroplast/M8-1_003_Chloroplast_7.tif,ff8ae1b1c3858e18
train,Chloroplast,Chloroplast/M8-1_006_Chloroplast_1.tif,/Users/jason/Desktop/OrganelleClassifyDataset/train/Chloroplast/M8-1_006_Chloroplast_1.tif,fa25d57491e2b0c9
train,Chloroplast,Chloroplast/M8-1_006_Chloroplast_2.tif,/Users/jason/Desktop/OrganelleClassifyDataset/train/Chloroplast/M8-1_006_Chloroplast_2.tif,bbb4c44416d35a5b
train,Chloroplast,Chloroplast/M8-1_006_Chloroplast_3.tif,/Users/jason/Desktop/OrganelleClassifyDataset/train/Chloroplast/M8-1_006_Chloroplast_3.tif,fd87822c8e05b8f9
train,Chloroplast,Chloroplast/M8-1_006_Chloroplast_4.tif,/Users/jason/Desktop/OrganelleClassifyDataset/train/Chloroplast/M8-1_006_Chloroplast_4.tif,ff41d058c3738355
train,Chloroplast,Chloroplast/M8_014_Chloroplast_1.tif,/Users/jason/Desktop/OrganelleClassifyDataset/train/Chloroplast/M8_014_Chloroplast_1.tif,ea42c50d873d9bb1
train,Chloroplast,Chloroplast/M8_014_Chloroplast_3.tif,/Users/jason/Desktop/OrganelleClassifyDataset/train/Chloroplast/M8_014_Chloroplast_3.tif,ebe1c503c7199e68
train,Chloroplast,Chloroplast/M8_014_Chloroplast_4.tif,/Users/jason/Desktop/OrganelleClassifyDataset/train/Chloroplast/M8_014_Chloroplast_4.tif,ab95b45ad0c8c9cd
train,Chloroplast,Chloroplast/M8_014_Chloroplast_7.tif,/Users/jason/Desktop/OrganelleClassifyDataset/train/Chloroplast/M8_014_Chloroplast_7.tif,aa95d2c9cb0f6c92
train,Chloroplast,Chloroplast/M8_014_Chloroplast_8.tif,/Users/jason/Desktop/OrganelleClassifyDataset/train/Chloroplast/M8_014_Chloroplast_8.tif,fe3fa1c094cb914a
train,Chloroplast,Chloroplast/M8_016_Chloroplast_1.tif,/Users/jason/Desktop/OrganelleClassifyDataset/train/Chloroplast/M8_016_Chloroplast_1.tif,ba449539f027873e
train,Chloroplast,Chloroplast/M9-1_002_Chloroplast_1.tif,/Users/jason/Desktop/OrganelleClassifyDataset/train/Chloroplast/M9-1_002_Chloroplast_1.tif,ab4790bc9fc6c491
train,Chloroplast,Chloroplast/M9-1_002_Chloroplast_4.tif,/Users/jason/Desktop/OrganelleClassifyDataset/train/Chloroplast/M9-1_002_Chloroplast_4.tif,f565caca25954a6a
train,Chloroplast,Chloroplast/M9-1_005_Chloroplast_1.tif,/Users/jason/Desktop/OrganelleClassifyDataset/train/Chloroplast/M9-1_005_Chloroplast_1.tif,eee8d031cf8ecc18
train,Chloroplast,Chloroplast/M9-1_005_Chloroplast_2.tif,/Users/jason/Desktop/OrganelleClassifyDataset/train/Chloroplast/M9-1_005_Chloroplast_2.tif,aa639c9db3e62123
train,Chloroplast,Chloroplast/M9-1_005_Chloroplast_3.tif,/Users/jason/Desktop/OrganelleClassifyDataset/train/Chloroplast/M9-1_005_Chloroplast_3.tif,af6edb30cc2b04a9
train,Chloroplast,Chloroplast/M9-1_005_Chloroplast_4.tif,/Users/jason/Desktop/OrganelleClassifyDataset/train/Chloroplast/M9-1_005_Chloroplast_4.tif,ddf166c2ddcc3220
train,Chloroplast,Chloroplast/M9-1_007_Chloroplast_1.tif,/Users/jason/Desktop/OrganelleClassifyDataset/train/Chloroplast/M9-1_007_Chloroplast_1.tif,ff78b026ce997102
train,Chloroplast,Chloroplast/M9-1_007_Chloroplast_2.tif,/Users/jason/Desktop/OrganelleClassifyDataset/train/Chloroplast/M9-1_007_Chloroplast_2.tif,be62c434cc9ac78d
train,Chloroplast,Chloroplast/M9-1_010_Chloroplast_1.tif,/Users/jason/Desktop/OrganelleClassifyDataset/train/Chloroplast/M9-1_010_Chloroplast_1.tif,ea4a873df0329b34
train,Chloroplast,Chloroplast/cjy-2_002_Chloroplast_2.tif,/Users/jason/Desktop/OrganelleClassifyDataset/train/Chloroplast/cjy-2_002_Chloroplast_2.tif,a5419586de9ee81b
train,Chloroplast,Chloroplast/cjy-2_002_Chloroplast_3.tif,/Users/jason/Desktop/OrganelleClassifyDataset/train/Chloroplast/cjy-2_002_Chloroplast_3.tif,f1c78fb8b122ae48
train,Chloroplast,Chloroplast/cjy-2_005_Chloroplast_1.tif,/Users/jason/Desktop/OrganelleClassifyDataset/train/Chloroplast/cjy-2_005_Chloroplast_1.tif,baa1d50cc23b893f
train,Chloroplast,Chloroplast/cjy-2_005_Chloroplast_2.tif,/Users/jason/Desktop/OrganelleClassifyDataset/train/Chloroplast/cjy-2_005_Chloroplast_2.tif,ee019be01973d2dc
train,Chloroplast,Chloroplast/cjy-2_009_Chloroplast_2.tif,/Users/jason/Desktop/OrganelleClassifyDataset/train/Chloroplast/cjy-2_009_Chloroplast_2.tif,88489335e726fd39
train,Chloroplast,Chloroplast/cjy-2_009_Chloroplast_6.tif,/Users/jason/Desktop/OrganelleClassifyDataset/train/Chloroplast/cjy-2_009_Chloroplast_6.tif,8a8caa95e347d1d5
train,Chloroplast,Chloroplast/cjy-2_012_Chloroplast_1.tif,/Users/jason/Desktop/OrganelleClassifyDataset/train/Chloroplast/cjy-2_012_Chloroplast_1.tif,a990de23e3f98cc4
train,Chloroplast,Chloroplast/cjy-2_012_Chloroplast_3.tif,/Users/jason/Desktop/OrganelleClassifyDataset/train/Chloroplast/cjy-2_012_Chloroplast_3.tif,fa389dc6a389a896
train,Chloroplast,Chloroplast/cjy-2_013_Chloroplast_3.tif,/Users/jason/Desktop/OrganelleClassifyDataset/train/Chloroplast/cjy-2_013_Chloroplast_3.tif,813f9645b4ca669b
train,Chloroplast,Chloroplast/cjy-2_013_Chloroplast_5.tif,/Users/jason/Desktop/OrganelleClassifyDataset/train/Chloroplast/cjy-2_013_Chloroplast_5.tif,a472efe8e5c899c0
train,Chloroplast,Chloroplast/cjy-2_013_Chloroplast_6.tif,/Users/jason/Desktop/OrganelleClassifyDataset/train/Chloroplast/cjy-2_013_Chloroplast_6.tif,c0c18b3ef56d8a6c
train,Chloroplast,Chloroplast/m-2_004_Chloroplast_11.tif,/Users/jason/Desktop/OrganelleClassifyDataset/train/Chloroplast/m-2_004_Chloroplast_11.tif,fbc0c4ce9d9b9230
train,Chloroplast,Chloroplast/m-2_004_Chloroplast_12.tif,/Users/jason/Desktop/OrganelleClassifyDataset/train/Chloroplast/m-2_004_Chloroplast_12.tif,f9e8e6e680899993
train,Chloroplast,Chloroplast/m-2_004_Chloroplast_13.tif,/Users/jason/Desktop/OrganelleClassifyDataset/train/Chloroplast/m-2_004_Chloroplast_13.tif,aeead1ad88181d73
train,Chloroplast,Chloroplast/m-2_004_Chloroplast_14.tif,/Users/jason/Desktop/OrganelleClassifyDataset/train/Chloroplast/m-2_004_Chloroplast_14.tif,bebf918441b32a8b
train,Chloroplast,Chloroplast/m-2_004_Chloroplast_2.tif,/Users/jason/Desktop/OrganelleClassifyDataset/train/Chloroplast/m-2_004_Chloroplast_2.tif,a5928ac8cee7f170
train,Chloroplast,Chloroplast/m-2_004_Chloroplast_4.tif,/Users/jason/Desktop/OrganelleClassifyDataset/train/Chloroplast/m-2_004_Chloroplast_4.tif,ab5e443c05f88fa9
train,Chloroplast,Chloroplast/m-2_004_Chloroplast_6.tif,/Users/jason/Desktop/OrganelleClassifyDataset/train/Chloroplast/m-2_004_Chloroplast_6.tif,ea35c22a8d2dd45e
train,Chloroplast,Chloroplast/m-2_004_Chloroplast_9.tif,/Users/jason/Desktop/OrganelleClassifyDataset/train/Chloroplast/m-2_004_Chloroplast_9.tif,be489133e69cdc8c
train,Chloroplast,Chloroplast/m-2_005_Chloroplast_1.tif,/Users/jason/Desktop/OrganelleClassifyDataset/train/Chloroplast/m-2_005_Chloroplast_1.tif,89bbe6e682919999
train,Chloroplast,Chloroplast/m-2_005_Chloroplast_2.tif,/Users/jason/Desktop/OrganelleClassifyDataset/train/Chloroplast/m-2_005_Chloroplast_2.tif,a9d9e6c4c48d9b32
train,Chloroplast,Chloroplast/m-3_002_Chloroplast_1.tif,/Users/jason/Desktop/OrganelleClassifyDataset/train/Chloroplast/m-3_002_Chloroplast_1.tif,fea8f4a1c4878297
train,Chloroplast,Chloroplast/m-3_004_Chloroplast_3.tif,/Users/jason/Desktop/OrganelleClassifyDataset/train/Chloroplast/m-3_004_Chloroplast_3.tif,a9a7a8b6945296ea
train,Chloroplast,Chloroplast/m-3_004_Chloroplast_4.tif,/Users/jason/Desktop/OrganelleClassifyDataset/train/Chloroplast/m-3_004_Chloroplast_4.tif,aaf5a11495d8f43a
train,Chloroplast,Chloroplast/m-3_004_Chloroplast_5.tif,/Users/jason/Desktop/OrganelleClassifyDataset/train/Chloroplast/m-3_004_Chloroplast_5.tif,aa57b542956b160f
train,Chloroplast,Chloroplast/m-3_004_Chloroplast_7.tif,/Users/jason/Desktop/OrganelleClassifyDataset/train/Chloroplast/m-3_004_Chloroplast_7.tif,fb03e80bf00bf03e
train,Chloroplast,Chloroplast/m-3_004_Chloroplast_8.tif,/Users/jason/Desktop/OrganelleClassifyDataset/train/Chloroplast/m-3_004_Chloroplast_8.tif,faefe0e08382870f
train,Chloroplast,Chloroplast/m-3_004_Chloroplast_9.tif,/Users/jason/Desktop/OrganelleClassifyDataset/train/Chloroplast/m-3_004_Chloroplast_9.tif,ab28f13dc33d0175
train,Chloroplast,Chloroplast/m-7_002_Chloroplast_1.tif,/Users/jason/Desktop/OrganelleClassifyDataset/train/Chloroplast/m-7_002_Chloroplast_1.tif,a0b59ecad1dc8719
train,Chloroplast,Chloroplast/m-7_002_Chloroplast_2.tif,/Users/jason/Desktop/OrganelleClassifyDataset/train/Chloroplast/m-7_002_Chloroplast_2.tif,ae14d5388ac4f7c5
train,Chloroplast,Chloroplast/m-7_004_Chloroplast_1.tif,/Users/jason/Desktop/OrganelleClassifyDataset/train/Chloroplast/m-7_004_Chloroplast_1.tif,a915d466ba8be1ca
train,Chloroplast,Chloroplast/m-7_007_Chloroplast_1.tif,/Users/jason/Desktop/OrganelleClassifyDataset/train/Chloroplast/m-7_007_Chloroplast_1.tif,f8c09676f40b9999
train,Chloroplast,Chloroplast/m-7_007_Chloroplast_2.tif,/Users/jason/Desktop/OrganelleClassifyDataset/train/Chloroplast/m-7_007_Chloroplast_2.tif,bdbcdf2ee0508c44
train,Chloroplast,Chloroplast/qm-2_024_Chloroplast_1.tif,/Users/jason/Desktop/OrganelleClassifyDataset/train/Chloroplast/qm-2_024_Chloroplast_1.tif,ff1d8a61b05a31d8
train,Chloroplast,Chloroplast/qm-2_026_Chloroplast_2.tif,/Users/jason/Desktop/OrganelleClassifyDataset/train/Chloroplast/qm-2_026_Chloroplast_2.tif,f0b08f4bc04ce6e7
train,Chloroplast,Chloroplast/qm1_015_Chloroplast_2.tif,/Users/jason/Desktop/OrganelleClassifyDataset/train/Chloroplast/qm1_015_Chloroplast_2.tif,832590daedd2b969
train,Chloroplast,Chloroplast/swccLong day_002_Chloroplast_2.tif,/Users/jason/Desktop/OrganelleClassifyDataset/train/Chloroplast/swccLong day_002_Chloroplast_2.tif,ff9f8241ec46805e
train,Chloroplast,Chloroplast/swccday neutral_002_Chloroplast_1.tif,/Users/jason/Desktop/OrganelleClassifyDataset/train/Chloroplast/swccday neutral_002_Chloroplast_1.tif,eb379269bcd88c03
train,Chloroplast,Chloroplast/swccday neutral_003_Chloroplast_1.tif,/Users/jason/Desktop/OrganelleClassifyDataset/train/Chloroplast/swccday neutral_003_Chloroplast_1.tif,a525430be3f3cae8
train,Chloroplast,Chloroplast/swccday neutral_005_Chloroplast_4.tif,/Users/jason/Desktop/OrganelleClassifyDataset/train/Chloroplast/swccday neutral_005_Chloroplast_4.tif,bbbcc4d2cb691606
train,Chloroplast,Chloroplast/swccday neutral_007_Chloroplast_3.tif,/Users/jason/Desktop/OrganelleClassifyDataset/train/Chloroplast/swccday neutral_007_Chloroplast_3.tif,bd869a45a3d0e4ce
train,Chloroplast,Chloroplast/swccday neutral_009_Chloroplast_2.tif,/Users/jason/Desktop/OrganelleClassifyDataset/train/Chloroplast/swccday neutral_009_Chloroplast_2.tif,ba8dd8d2e80dd623
train,Chloroplast,Chloroplast/swccshort day_003_Chloroplast_2.tif,/Users/jason/Desktop/OrganelleClassifyDataset/train/Chloroplast/swccshort day_003_Chloroplast_2.tif,fe1480f896d3934d
train,Chloroplast,Chloroplast/swccshort day_006_Chloroplast_2.tif,/Users/jason/Desktop/OrganelleClassifyDataset/train/Chloroplast/swccshort day_006_Chloroplast_2.tif,b0aff4e093e09e89
train,Chloroplast,Chloroplast/swccshort day_006_Chloroplast_3.tif,/Users/jason/Desktop/OrganelleClassifyDataset/train/Chloroplast/swccshort day_006_Chloroplast_3.tif,aa45b838dccec761
train,Chloroplast,Chloroplast/swccshort day_007_Chloroplast_1.tif,/Users/jason/Desktop/OrganelleClassifyDataset/train/Chloroplast/swccshort day_007_Chloroplast_1.tif,966d9285f7c2e186
train,Chloroplast,Chloroplast/swccshort day_007_Chloroplast_2.tif,/Users/jason/Desktop/OrganelleClassifyDataset/train/Chloroplast/swccshort day_007_Chloroplast_2.tif,ff109f72986398c1
train,Chloroplast,Chloroplast/swccshort day_010_Chloroplast_2.tif,/Users/jason/Desktop/OrganelleClassifyDataset/train/Chloroplast/swccshort day_010_Chloroplast_2.tif,aab588709cee9b0e
train,Chloroplast,Chloroplast/wanke-1_002_Chloroplast_1.tif,/Users/jason/Desktop/OrganelleClassifyDataset/train/Chloroplast/wanke-1_002_Chloroplast_1.tif,be1f8358cc66b251
train,Chloroplast,Chloroplast/wanke-1_005_Chloroplast_1.tif,/Users/jason/Desktop/OrganelleClassifyDataset/train/Chloroplast/wanke-1_005_Chloroplast_1.tif,f64dc99685389b62
train,Chloroplast,Chloroplast/wanke-1_010_Chloroplast_1.tif,/Users/jason/Desktop/OrganelleClassifyDataset/train/Chloroplast/wanke-1_010_Chloroplast_1.tif,bab5e072894d8673
train,Chloroplast,Chloroplast/wanke-1_014_Chloroplast_1.tif,/Users/jason/Desktop/OrganelleClassifyDataset/train/Chloroplast/wanke-1_014_Chloroplast_1.tif,ede8b085cf3898b2
train,Chloroplast,Chloroplast/wbb-1_003_Chloroplast_1.tif,/Users/jason/Desktop/OrganelleClassifyDataset/train/Chloroplast/wbb-1_003_Chloroplast_1.tif,ec80e40dae7e7471
train,Chloroplast,Chloroplast/wbb-1_004_Chloroplast_1.tif,/Users/jason/Desktop/OrganelleClassifyDataset/train/Chloroplast/wbb-1_004_Chloroplast_1.tif,ab7bd561c034cb32
train,Chloroplast,Chloroplast/wbb-1_005_Chloroplast_1.tif,/Users/jason/Desktop/OrganelleClassifyDataset/train/Chloroplast/wbb-1_005_Chloroplast_1.tif,bf1f80129728dbe1
train,Chloroplast,Chloroplast/wbb-1_010_Chloroplast_1.tif,/Users/jason/Desktop/OrganelleClassifyDataset/train/Chloroplast/wbb-1_010_Chloroplast_1.tif,fa25c0b483e29ecb
train,Chloroplast,Chloroplast/wbb-3_001_Chloroplast_1.tif,/Users/jason/Desktop/OrganelleClassifyDataset/train/Chloroplast/wbb-3_001_Chloroplast_1.tif,eaeac0bda949a385
train,Chloroplast,Chloroplast/wbb-3_001_Chloroplast_3.tif,/Users/jason/Desktop/OrganelleClassifyDataset/train/Chloroplast/wbb-3_001_Chloroplast_3.tif,aab190d2dd47a9c6
train,Chloroplast,Chloroplast/wbb-3_004_Chloroplast_1.tif,/Users/jason/Desktop/OrganelleClassifyDataset/train/Chloroplast/wbb-3_004_Chloroplast_1.tif,af6bd004ce9ad698
train,Chloroplast,Chloroplast/wbb-3_006_Chloroplast_1.tif,/Users/jason/Desktop/OrganelleClassifyDataset/train/Chloroplast/wbb-3_006_Chloroplast_1.tif,ff75a127c12d8125
train,Chloroplast,Chloroplast/wbb-3_006_Chloroplast_2.tif,/Users/jason/Desktop/OrganelleClassifyDataset/train/Chloroplast/wbb-3_006_Chloroplast_2.tif,fa5d843b95a38724
train,Chloroplast,Chloroplast/wbb-3_009_Chloroplast_1.tif,/Users/jason/Desktop/OrganelleClassifyDataset/train/Chloroplast/wbb-3_009_Chloroplast_1.tif,aea894a5d0b6cb9a
train,Chloroplast,Chloroplast/zb1_004_Chloroplast_1.tif,/Users/jason/Desktop/OrganelleClassifyDataset/train/Chloroplast/zb1_004_Chloroplast_1.tif,ad8bd29585c87e45
train,Chloroplast,Chloroplast/zb1_004_Chloroplast_2.tif,/Users/jason/Desktop/OrganelleClassifyDataset/train/Chloroplast/zb1_004_Chloroplast_2.tif,aa5a9235bfb48427
train,Chloroplast,Chloroplast/zb1_004_Chloroplast_3.tif,/Users/jason/Desktop/OrganelleClassifyDataset/train/Chloroplast/zb1_004_Chloroplast_3.tif,fec183858e5e583c
train,Chloroplast,Chloroplast/zb1_006_Chloroplast_2.tif,/Users/jason/Desktop/OrganelleClassifyDataset/train/Chloroplast/zb1_006_Chloroplast_2.tif,be3c806adfa05f84
train,Chloroplast,Chloroplast/zb1_007_Chloroplast_2.tif,/Users/jason/Desktop/OrganelleClassifyDataset/train/Chloroplast/zb1_007_Chloroplast_2.tif,b895caece6e261a1
train,Chloroplast,Chloroplast/zb1_025_Chloroplast_1.tif,/Users/jason/Desktop/OrganelleClassifyDataset/train/Chloroplast/zb1_025_Chloroplast_1.tif,fa35c6f090c29bcc
train,Chloroplast,Chloroplast/zb1_026_Chloroplast_2.tif,/Users/jason/Desktop/OrganelleClassifyDataset/train/Chloroplast/zb1_026_Chloroplast_2.tif,c225d4ca85dadd9a
train,Chloroplast,Chloroplast/zb1_026_Chloroplast_4.tif,/Users/jason/Desktop/OrganelleClassifyDataset/train/Chloroplast/zb1_026_Chloroplast_4.tif,fd1d85609f47207c
train,Chloroplast,Chloroplast/zb1_027_Chloroplast_2.tif,/Users/jason/Desktop/OrganelleClassifyDataset/train/Chloroplast/zb1_027_Chloroplast_2.tif,99f5a642a38a669b
train,Chloroplast,Chloroplast/zb2_006_Chloroplast_1.tif,/Users/jason/Desktop/OrganelleClassifyDataset/train/Chloroplast/zb2_006_Chloroplast_1.tif,a8e0b044d3cbcbcf
train,Chloroplast,Chloroplast/zb2_006_Chloroplast_2.tif,/Users/jason/Desktop/OrganelleClassifyDataset/train/Chloroplast/zb2_006_Chloroplast_2.tif,aab5d58ad29b8949
train,Chloroplast,Chloroplast/zb2_022_Chloroplast_2.tif,/Users/jason/Desktop/OrganelleClassifyDataset/train/Chloroplast/zb2_022_Chloroplast_2.tif,ffc08587d89cd0b1
train,Chloroplast,Chloroplast/zb2_022_Chloroplast_3.tif,/Users/jason/Desktop/OrganelleClassifyDataset/train/Chloroplast/zb2_022_Chloroplast_3.tif,ecd0818fde9498b3
train,Chloroplast,Chloroplast/zb2_023_Chloroplast_1.tif,/Users/jason/Desktop/OrganelleClassifyDataset/train/Chloroplast/zb2_023_Chloroplast_1.tif,afa4b0d2d0c0cfcd
train,Chloroplast,Chloroplast/zb2_023_Chloroplast_2.tif,/Users/jason/Desktop/OrganelleClassifyDataset/train/Chloroplast/zb2_023_Chloroplast_2.tif,aaf0b182c5cdca5d
train,Chloroplast,Chloroplast/zb2_025_Chloroplast_1.tif,/Users/jason/Desktop/OrganelleClassifyDataset/train/Chloroplast/zb2_025_Chloroplast_1.tif,fa35c02096e0f7cb
train,Chloroplast,Chloroplast/zb2_025_Chloroplast_2.tif,/Users/jason/Desktop/OrganelleClassifyDataset/train/Chloroplast/zb2_025_Chloroplast_2.tif,f80ff5788f618825
train,ER,ER/#3--6800X--0002_ER_1.tif,/Users/jason/Desktop/OrganelleClassifyDataset/train/ER/#3--6800X--0002_ER_1.tif,eabfd3081ce39429
train,ER,ER/#3-CHMP4B-NC--9300X--0025_ER_1.tif,/Users/jason/Desktop/OrganelleClassifyDataset/train/ER/#3-CHMP4B-NC--9300X--0025_ER_1.tif,f82e3cf4f4c10d38
train,ER,ER/10-N--23000X--0017_ER_2.tif,/Users/jason/Desktop/OrganelleClassifyDataset/train/ER/10-N--23000X--0017_ER_2.tif,ae09b5af0a55c972
train,ER,ER/10-SI--23000X--0015_ER_1.tif,/Users/jason/Desktop/OrganelleClassifyDataset/train/ER/10-SI--23000X--0015_ER_1.tif,9370cf75b44505b5
train,ER,ER/10-SI--23000X--0023_ER_1.tif,/Users/jason/Desktop/OrganelleClassifyDataset/train/ER/10-SI--23000X--0023_ER_1.tif,d22d575b1fd1a02a
train,ER,ER/10-SI--23000X--0023_ER_2.tif,/Users/jason/Desktop/OrganelleClassifyDataset/train/ER/10-SI--23000X--0023_ER_2.tif,bae794e5903bac11
train,ER,ER/10-SI--23000X--0042_ER_1.tif,/Users/jason/Desktop/OrganelleClassifyDataset/train/ER/10-SI--23000X--0042_ER_1.tif,ca8f32342e55b52e
train,ER,ER/2+--30000X--0012_ER_1.tif,/Users/jason/Desktop/OrganelleClassifyDataset/train/ER/2+--30000X--0012_ER_1.tif,9de659568b2bc0d1
train,ER,ER/2+--30000X--0012_ER_2.tif,/Users/jason/Desktop/OrganelleClassifyDataset/train/ER/2+--30000X--0012_ER_2.tif,d76a19b1e70e5b02
train,ER,ER/2+--30000X--0013_ER_1.tif,/Users/jason/Desktop/OrganelleClassifyDataset/train/ER/2+--30000X--0013_ER_1.tif,8ef1945eaf225265
train,ER,ER/2+--30000X--0013_ER_2.tif,/Users/jason/Desktop/OrganelleClassifyDataset/train/ER/2+--30000X--0013_ER_2.tif,d9e0d2b03c3e3e58
train,ER,ER/2+--30000X--0015_ER_1.tif,/Users/jason/Desktop/OrganelleClassifyDataset/train/ER/2+--30000X--0015_ER_1.tif,b64cacc1ed037969
train,ER,ER/2+--30000X--0016_ER_1.tif,/Users/jason/Desktop/OrganelleClassifyDataset/train/ER/2+--30000X--0016_ER_1.tif,d452b9ad94ebc921
train,ER,ER/2+--30000X--0019_ER_1.tif,/Users/jason/Desktop/OrganelleClassifyDataset/train/ER/2+--30000X--0019_ER_1.tif,d7c122c8348d8ff9
train,ER,ER/2+--30000X--0019_ER_2.tif,/Users/jason/Desktop/OrganelleClassifyDataset/train/ER/2+--30000X--0019_ER_2.tif,84d8fe21c6866bd3
train,ER,ER/2+--30000X--0020_ER_1.tif,/Users/jason/Desktop/OrganelleClassifyDataset/train/ER/2+--30000X--0020_ER_1.tif,98ee1b86c3639789
train,ER,ER/2+--30000X--0020_ER_2.tif,/Users/jason/Desktop/OrganelleClassifyDataset/train/ER/2+--30000X--0020_ER_2.tif,bd111f27331a3d07
train,ER,ER/2+--30000X--0020_ER_3.tif,/Users/jason/Desktop/OrganelleClassifyDataset/train/ER/2+--30000X--0020_ER_3.tif,d4003a5cecee4737
train,ER,ER/2+--30000X--0021_ER_1.tif,/Users/jason/Desktop/OrganelleClassifyDataset/train/ER/2+--30000X--0021_ER_1.tif,ad359dc726b164c4
train,ER,ER/2+--30000X--0023_ER_2.tif,/Users/jason/Desktop/OrganelleClassifyDataset/train/ER/2+--30000X--0023_ER_2.tif,b00c0f3a38bbbeb8
train,ER,ER/2+--30000X--0025_ER_1.tif,/Users/jason/Desktop/OrganelleClassifyDataset/train/ER/2+--30000X--0025_ER_1.tif,e191e54d5f319466
train,ER,ER/2+--30000X--0025_ER_2.tif,/Users/jason/Desktop/OrganelleClassifyDataset/train/ER/2+--30000X--0025_ER_2.tif,b69e6738b06cb158
train,ER,ER/2+--30000X--0025_ER_3.tif,/Users/jason/Desktop/OrganelleClassifyDataset/train/ER/2+--30000X--0025_ER_3.tif,e07f86b8b511ec64
train,ER,ER/2+--6800X--0002_ER_1.tif,/Users/jason/Desktop/OrganelleClassifyDataset/train/ER/2+--6800X--0002_ER_1.tif,cb39b96c9248c38f
train,ER,ER/2+--6800X--0002_ER_2.tif,/Users/jason/Desktop/OrganelleClassifyDataset/train/ER/2+--6800X--0002_ER_2.tif,eda50a61b18c5d3e
train,ER,ER/2+--6800X--0002_ER_3.tif,/Users/jason/Desktop/OrganelleClassifyDataset/train/ER/2+--6800X--0002_ER_3.tif,8959bbc68c53b654
train,ER,ER/2+--6800X--0002_ER_5.tif,/Users/jason/Desktop/OrganelleClassifyDataset/train/ER/2+--6800X--0002_ER_5.tif,d5152ae6c1515b3d
train,ER,ER/2+--6800X--0002_ER_6.tif,/Users/jason/Desktop/OrganelleClassifyDataset/train/ER/2+--6800X--0002_ER_6.tif,cb4d1776e6067c03
train,ER,ER/2+--6800X--0003_ER_1.tif,/Users/jason/Desktop/OrganelleClassifyDataset/train/ER/2+--6800X--0003_ER_1.tif,a350272bb7352376
train,ER,ER/2+--6800X--0003_ER_3.tif,/Users/jason/Desktop/OrganelleClassifyDataset/train/ER/2+--6800X--0003_ER_3.tif,d58bcc9c92a47c4b
train,ER,ER/2+--6800X--0003_ER_4.tif,/Users/jason/Desktop/OrganelleClassifyDataset/train/ER/2+--6800X--0003_ER_4.tif,a670c31ea9e233ba
train,ER,ER/2+--6800X--0003_ER_6.tif,/Users/jason/Desktop/OrganelleClassifyDataset/train/ER/2+--6800X--0003_ER_6.tif,b51f27bb007cea50
train,ER,ER/2+--6800X--0003_ER_7.tif,/Users/jason/Desktop/OrganelleClassifyDataset/train/ER/2+--6800X--0003_ER_7.tif,f3ecc183de3260ca
train,ER,ER/2+--6800X--0004_ER_1.tif,/Users/jason/Desktop/OrganelleClassifyDataset/train/ER/2+--6800X--0004_ER_1.tif,be05de0c2e57a03b
train,ER,ER/2+--6800X--0004_ER_2.tif,/Users/jason/Desktop/OrganelleClassifyDataset/train/ER/2+--6800X--0004_ER_2.tif,b68b658c9fc1a28b
train,ER,ER/2+--6800X--0004_ER_3.tif,/Users/jason/Desktop/OrganelleClassifyDataset/train/ER/2+--6800X--0004_ER_3.tif,d2ab58f1eab42b12
train,ER,ER/2+--6800X--0006_ER_1.tif,/Users/jason/Desktop/OrganelleClassifyDataset/train/ER/2+--6800X--0006_ER_1.tif,f40d154b8d4d4e9e
train,ER,ER/2+--6800X--0006_ER_2.tif,/Users/jason/Desktop/OrganelleClassifyDataset/train/ER/2+--6800X--0006_ER_2.tif,b02361faf83b964a
train,ER,ER/2+--6800X--0006_ER_4.tif,/Users/jason/Desktop/OrganelleClassifyDataset/train/ER/2+--6800X--0006_ER_4.tif,d75e5052da51d954
train,ER,ER/2+--6800X--0006_ER_5.tif,/Users/jason/Desktop/OrganelleClassifyDataset/train/ER/2+--6800X--0006_ER_5.tif,f20ff5101fc0a4fa
train,ER,ER/2+--6800X--0006_ER_6.tif,/Users/jason/Desktop/OrganelleClassifyDataset/train/ER/2+--6800X--0006_ER_6.tif,d65b9cb49349ed20
train,ER,ER/2+--6800X--0006_ER_7.tif,/Users/jason/Desktop/OrganelleClassifyDataset/train/ER/2+--6800X--0006_ER_7.tif,d6568c6459b9065f
train,ER,ER/2+--6800X--0006_ER_8.tif,/Users/jason/Desktop/OrganelleClassifyDataset/train/ER/2+--6800X--0006_ER_8.tif,a3060d1bb1e7e1cd
train,ER,ER/2+--6800X--0007_ER_1.tif,/Users/jason/Desktop/OrganelleClassifyDataset/train/ER/2+--6800X--0007_ER_1.tif,f0cf32c7501cce35
train,ER,ER/2+--6800X--0007_ER_2.tif,/Users/jason/Desktop/OrganelleClassifyDataset/train/ER/2+--6800X--0007_ER_2.tif,b0c835eab319e81f
train,ER,ER/2+--6800X--0009_ER_1.tif,/Users/jason/Desktop/OrganelleClassifyDataset/train/ER/2+--6800X--0009_ER_1.tif,d5c52ac835cd8579
train,ER,ER/2+--6800X--0009_ER_3.tif,/Users/jason/Desktop/OrganelleClassifyDataset/train/ER/2+--6800X--0009_ER_3.tif,956fc155cf98e224
train,ER,ER/2+--6800X--0010_ER_1.tif,/Users/jason/Desktop/OrganelleClassifyDataset/train/ER/2+--6800X--0010_ER_1.tif,803cfe273e5e0596
train,ER,ER/2+--6800X--0010_ER_2.tif,/Users/jason/Desktop/OrganelleClassifyDataset/train/ER/2+--6800X--0010_ER_2.tif,bf088f4ea2b6584d
train,ER,ER/2+--6800X--0010_ER_3.tif,/Users/jason/Desktop/OrganelleClassifyDataset/train/ER/2+--6800X--0010_ER_3.tif,8c16fc6f21773826
train,ER,ER/2+--6800X--0010_ER_5.tif,/Users/jason/Desktop/OrganelleClassifyDataset/train/ER/2+--6800X--0010_ER_5.tif,8705bffce8c015ca
train,ER,ER/2+--6800X--0011_ER_1.tif,/Users/jason/Desktop/OrganelleClassifyDataset/train/ER/2+--6800X--0011_ER_1.tif,ba3494cb49148efb
train,ER,ER/2+--6800X--0011_ER_2.tif,/Users/jason/Desktop/OrganelleClassifyDataset/train/ER/2+--6800X--0011_ER_2.tif,fed64e5a104946d5
train,ER,ER/2--30000X--0015_ER_2.tif,/Users/jason/Desktop/OrganelleClassifyDataset/train/ER/2--30000X--0015_ER_2.tif,8e8cdba46794a956
train,ER,ER/2--30000X--0015_ER_3.tif,/Users/jason/Desktop/OrganelleClassifyDataset/train/ER/2--30000X--0015_ER_3.tif,ef1988f29e14ccd4
train,ER,ER/2--30000X--0017_ER_1.tif,/Users/jason/Desktop/OrganelleClassifyDataset/train/ER/2--30000X--0017_ER_1.tif,f54f864a84e8e4d6
train,ER,ER/2--30000X--0017_ER_2.tif,/Users/jason/Desktop/OrganelleClassifyDataset/train/ER/2--30000X--0017_ER_2.tif,ed165a7b0ebc81c4
train,ER,ER/2--30000X--0019_ER_1.tif,/Users/jason/Desktop/OrganelleClassifyDataset/train/ER/2--30000X--0019_ER_1.tif,f4a214fd8b48ef12
train,ER,ER/2--30000X--0020_ER_1.tif,/Users/jason/Desktop/OrganelleClassifyDataset/train/ER/2--30000X--0020_ER_1.tif,a27a0af693b193e2
train,ER,ER/2--30000X--0021_ER_1.tif,/Users/jason/Desktop/OrganelleClassifyDataset/train/ER/2--30000X--0021_ER_1.tif,ea4c720cf69a0b79
train,ER,ER/2--30000X--0021_ER_2.tif,/Users/jason/Desktop/OrganelleClassifyDataset/train/ER/2--30000X--0021_ER_2.tif,98c12c0efb365b99
train,ER,ER/2MM--30000X--0004_ER_1.tif,/Users/jason/Desktop/OrganelleClassifyDataset/train/ER/2MM--30000X--0004_ER_1.tif,9d3553c1ed263239
train,ER,ER/2MM--9300X--0001_ER_1.tif,/Users/jason/Desktop/OrganelleClassifyDataset/train/ER/2MM--9300X--0001_ER_1.tif,d0686cf269f4c26b
train,ER,ER/3--6800X--0004_ER_3.tif,/Users/jason/Desktop/OrganelleClassifyDataset/train/ER/3--6800X--0004_ER_3.tif,ee4f405a1ca776b0
train,ER,ER/3--6800X--0004_ER_5.tif,/Users/jason/Desktop/OrganelleClassifyDataset/train/ER/3--6800X--0004_ER_5.tif,db8e5962246b52b6
train,ER,ER/3--6800X--0005_ER_1.tif,/Users/jason/Desktop/OrganelleClassifyDataset/train/ER/3--6800X--0005_ER_1.tif,d4efade23ad010c5
train,ER,ER/3--6800X--0005_ER_2.tif,/Users/jason/Desktop/OrganelleClassifyDataset/train/ER/3--6800X--0005_ER_2.tif,c716d5f4b84d6161
train,ER,ER/3--6800X--0006_ER_1.tif,/Users/jason/Desktop/OrganelleClassifyDataset/train/ER/3--6800X--0006_ER_1.tif,9bd8fca6415d6708
train,ER,ER/3--6800X--0006_ER_2.tif,/Users/jason/Desktop/OrganelleClassifyDataset/train/ER/3--6800X--0006_ER_2.tif,be0d72863d65c9a2
train,ER,ER/3--6800X--0006_ER_4.tif,/Users/jason/Desktop/OrganelleClassifyDataset/train/ER/3--6800X--0006_ER_4.tif,ec68dcc87c978362
train,ER,ER/3--6800X--0006_ER_5.tif,/Users/jason/Desktop/OrganelleClassifyDataset/train/ER/3--6800X--0006_ER_5.tif,baf88d9ac9037166
train,ER,ER/3--6800X--0007_ER_1.tif,/Users/jason/Desktop/OrganelleClassifyDataset/train/ER/3--6800X--0007_ER_1.tif,abf88b11be01936d
train,ER,ER/3--6800X--0007_ER_2.tif,/Users/jason/Desktop/OrganelleClassifyDataset/train/ER/3--6800X--0007_ER_2.tif,feffee9022a24026
train,ER,ER/3--6800X--0007_ER_3.tif,/Users/jason/Desktop/OrganelleClassifyDataset/train/ER/3--6800X--0007_ER_3.tif,bb1d1e4f058a13a7
train,ER,ER/3--6800X--0007_ER_4.tif,/Users/jason/Desktop/OrganelleClassifyDataset/train/ER/3--6800X--0007_ER_4.tif,8a5a4e84b56566de
train,ER,ER/3--6800X--0007_ER_5.tif,/Users/jason/Desktop/OrganelleClassifyDataset/train/ER/3--6800X--0007_ER_5.tif,a51f9a0fec281f58
train,ER,ER/3W-CD4-10nmGR1--13000X--0003_ER_1.tif,/Users/jason/Desktop/OrganelleClassifyDataset/train/ER/3W-CD4-10nmGR1--13000X--0003_ER_1.tif,a13c63688c63baf5
train,ER,ER/3W-CD4-10nmGR1--30000X--0046_ER_1.tif,/Users/jason/Desktop/OrganelleClassifyDataset/train/ER/3W-CD4-10nmGR1--30000X--0046_ER_1.tif,d3aa55b445f51594
train,ER,ER/3W-CD4-10nmGR1--30000X--0046_ER_2.tif,/Users/jason/Desktop/OrganelleClassifyDataset/train/ER/3W-CD4-10nmGR1--30000X--0046_ER_2.tif,d6aba952a5752a94
train,ER,ER/3W-CD4-10nmGR1--30000X--0060_ER_1.tif,/Users/jason/Desktop/OrganelleClassifyDataset/train/ER/3W-CD4-10nmGR1--30000X--0060_ER_1.tif,a2a8b3bdad959415
train,ER,ER/3W-CD4-10nmGR1--30000X--0111_ER_1.tif,/Users/jason/Desktop/OrganelleClassifyDataset/train/ER/3W-CD4-10nmGR1--30000X--0111_ER_1.tif,b23763c7908463f9
train,ER,ER/3W-CD4-10nmGR1--30000X--0117_ER_1.tif,/Users/jason/Desktop/OrganelleClassifyDataset/train/ER/3W-CD4-10nmGR1--30000X--0117_ER_1.tif,f2c30cbce7d07348
train,ER,ER/3W-CD4-10nmGR1--30000X--0129_ER_1.tif,/Users/jason/Desktop/OrganelleClassifyDataset/train/ER/3W-CD4-10nmGR1--30000X--0129_ER_1.tif,9d7143da86d6949c
train,ER,ER/3W-CD4-10nmGR1--30000X--0185_ER_1.tif,/Users/jason/Desktop/OrganelleClassifyDataset/train/ER/3W-CD4-10nmGR1--30000X--0185_ER_1.tif,a19821133b978f3f
train,ER,ER/3W-CD4-10nm_GR-1--13000X--0001_ER_1.tif,/Users/jason/Desktop/OrganelleClassifyDataset/train/ER/3W-CD4-10nm_GR-1--13000X--0001_ER_1.tif,d606e30cf13f4374
train,ER,ER/3W-CD4-10nm_GR-1--13000X--0003_ER_1.tif,/Users/jason/Desktop/OrganelleClassifyDataset/train/ER/3W-CD4-10nm_GR-1--13000X--0003_ER_1.tif,dd2b5f406c4cdc86
train,ER,ER/3W-CD4-10nm_GR-1--13000X--0007_ER_1.tif,/Users/jason/Desktop/OrganelleClassifyDataset/train/ER/3W-CD4-10nm_GR-1--13000X--0007_ER_1.tif,d21134a6ad2363fb
train,ER,ER/3W-CD4-10nm_GR-1--13000X--0007_ER_2.tif,/Users/jason/Desktop/OrganelleClassifyDataset/train/ER/3W-CD4-10nm_GR-1--13000X--0007_ER_2.tif,b8c710e338ce3f85
train,ER,ER/3W-CD4-10nm_GR-1--30000X--0016_ER_1.tif,/Users/jason/Desktop/OrganelleClassifyDataset/train/ER/3W-CD4-10nm_GR-1--30000X--0016_ER_1.tif,b34e994f4879d14c
train,ER,ER/3W-CD4-10nm_GR-1--30000X--0023_ER_1.tif,/Users/jason/Desktop/OrganelleClassifyDataset/train/ER/3W-CD4-10nm_GR-1--30000X--0023_ER_1.tif,d5a2c9421f2fd2d1
train,ER,ER/3W-CD4-10nm_GR-1--30000X--0023_ER_2.tif,/Users/jason/Desktop/OrganelleClassifyDataset/train/ER/3W-CD4-10nm_GR-1--30000X--0023_ER_2.tif,b037323e36cd650d
train,ER,ER/3W-CD4-10nm_GR-1--30000X--0031_ER_1.tif,/Users/jason/Desktop/OrganelleClassifyDataset/train/ER/3W-CD4-10nm_GR-1--30000X--0031_ER_1.tif,e8b30c1ab6893ee5
train,ER,ER/3W-CD4-10nm_GR-1--30000X--0033_ER_2.tif,/Users/jason/Desktop/OrganelleClassifyDataset/train/ER/3W-CD4-10nm_GR-1--30000X--0033_ER_2.tif,d1dbb612a33d0c63
train,ER,ER/3W-CD4-10nm_GR-1--30000X--0035_ER_1.tif,/Users/jason/Desktop/OrganelleClassifyDataset/train/ER/3W-CD4-10nm_GR-1--30000X--0035_ER_1.tif,8cf109c69f27d15c
train,ER,ER/3W-CD4-10nm_GR-1--30000X--0049_ER_1.tif,/Users/jason/Desktop/OrganelleClassifyDataset/train/ER/3W-CD4-10nm_GR-1--30000X--0049_ER_1.tif,9a9fcee330582dc2
train,ER,ER/3W-CD4-10nm_GR-1--30000X--0051_ER_1.tif,/Users/jason/Desktop/OrganelleClassifyDataset/train/ER/3W-CD4-10nm_GR-1--30000X--0051_ER_1.tif,c20725a6ad6a72db
train,ER,ER/3W-CD4-Ctrl2--13000X--0002_ER_1.tif,/Users/jason/Desktop/OrganelleClassifyDataset/train/ER/3W-CD4-Ctrl2--13000X--0002_ER_1.tif,bf5caa56a356a111
train,ER,ER/3W-CD4-Ctrl2--13000X--0002_ER_2.tif,/Users/jason/Desktop/OrganelleClassifyDataset/train/ER/3W-CD4-Ctrl2--13000X--0002_ER_2.tif,d072ba4a4b961dcd
train,ER,ER/3W-CD4-Ctrl2--13000X--0002_ER_3.tif,/Users/jason/Desktop/OrganelleClassifyDataset/train/ER/3W-CD4-Ctrl2--13000X--0002_ER_3.tif,ffff540803972c90
train,ER,ER/3W-CD4-Ctrl2--13000X--0003_ER_1.tif,/Users/jason/Desktop/OrganelleClassifyDataset/train/ER/3W-CD4-Ctrl2--13000X--0003_ER_1.tif,889743e7bbe8a603
train,ER,ER/3W-CD4-Ctrl2--13000X--0009_ER_2.tif,/Users/jason/Desktop/OrganelleClassifyDataset/train/ER/3W-CD4-Ctrl2--13000X--0009_ER_2.tif,d256adc11fa134e6
train,ER,ER/3W-CD4-Ctrl2--13000X--0009_ER_3.tif,/Users/jason/Desktop/OrganelleClassifyDataset/train/ER/3W-CD4-Ctrl2--13000X--0009_ER_3.tif,f860d2b431ca6fc6
train,ER,ER/3W-CD4-Ctrl2--13000X--0009_ER_4.tif,/Users/jason/Desktop/OrganelleClassifyDataset/train/ER/3W-CD4-Ctrl2--13000X--0009_ER_4.tif,aac05c8eeb1c62f9
train,ER,ER/3W-CD4-Ctrl2--13000X--0019_ER_1.tif,/Users/jason/Desktop/OrganelleClassifyDataset/train/ER/3W-CD4-Ctrl2--13000X--0019_ER_1.tif,f0a4835babe469b8
train,ER,ER/3W-CD4-Ctrl2--13000X--0134_ER_2.tif,/Users/jason/Desktop/OrganelleClassifyDataset/train/ER/3W-CD4-Ctrl2--13000X--0134_ER_2.tif,fba356b24a9242cb
train,ER,ER/3W-CD4-Ctrl2--30000X--0021_ER_1.tif,/Users/jason/Desktop/OrganelleClassifyDataset/train/ER/3W-CD4-Ctrl2--30000X--0021_ER_1.tif,fffc01038789d09e
train,ER,ER/3W-CD4-Ctrl2--30000X--0025_ER_1.tif,/Users/jason/Desktop/OrganelleClassifyDataset/train/ER/3W-CD4-Ctrl2--30000X--0025_ER_1.tif,9f4a0e51539aa56d
train,ER,ER/3W-CD4-Ctrl2--30000X--0025_ER_2.tif,/Users/jason/Desktop/OrganelleClassifyDataset/train/ER/3W-CD4-Ctrl2--30000X--0025_ER_2.tif,820f5b09a53f393d
train,ER,ER/3W-CD4-Ctrl2--30000X--0025_ER_3.tif,/Users/jason/Desktop/OrganelleClassifyDataset/train/ER/3W-CD4-Ctrl2--30000X--0025_ER_3.tif,f1a9980c4e8f4b73
train,ER,ER/3W-CD4-Ctrl2--30000X--0031_ER_1.tif,/Users/jason/Desktop/OrganelleClassifyDataset/train/ER/3W-CD4-Ctrl2--30000X--0031_ER_1.tif,cf9741603159ec9e
train,ER,ER/3W-CD4-Ctrl2--30000X--0047_ER_1.tif,/Users/jason/Desktop/OrganelleClassifyDataset/train/ER/3W-CD4-Ctrl2--30000X--0047_ER_1.tif,f918e13c93f81cc3
train,ER,ER/3W-CD4-Ctrl2--30000X--0091_ER_1.tif,/Users/jason/Desktop/OrganelleClassifyDataset/train/ER/3W-CD4-Ctrl2--30000X--0091_ER_1.tif,db695e3424e838b3
train,ER,ER/3W-CD4-Ctrl2--30000X--0107_ER_1.tif,/Users/jason/Desktop/OrganelleClassifyDataset/train/ER/3W-CD4-Ctrl2--30000X--0107_ER_1.tif,80fe43408cfad9ee
train,ER,ER/3W-CD4-Ctrl2--30000X--0111_ER_1.tif,/Users/jason/Desktop/OrganelleClassifyDataset/train/ER/3W-CD4-Ctrl2--30000X--0111_ER_1.tif,f9e946b016a5ca65
train,ER,ER/3W-CD4-Ctrl2--30000X--0141_ER_1.tif,/Users/jason/Desktop/OrganelleClassifyDataset/train/ER/3W-CD4-Ctrl2--30000X--0141_ER_1.tif,aaea8aabfa228935
train,ER,ER/3W-CD4-Ctrl2--30000X--0179_ER_1.tif,/Users/jason/Desktop/OrganelleClassifyDataset/train/ER/3W-CD4-Ctrl2--30000X--0179_ER_1.tif,ceb459a6698b3cc1
train,ER,ER/3W-CD4-Ctrl2--30000X--0189_ER_1.tif,/Users/jason/Desktop/OrganelleClassifyDataset/train/ER/3W-CD4-Ctrl2--30000X--0189_ER_1.tif,aac915c526cf2eca
train,ER,ER/3W-CD4-Ctrl2--30000X--0192_ER_1.tif,/Users/jason/Desktop/OrganelleClassifyDataset/train/ER/3W-CD4-Ctrl2--30000X--0192_ER_1.tif,8f1a1e3e72e46c29
train,ER,ER/3W-CD4-Ctrl2--30000X--0192_ER_2.tif,/Users/jason/Desktop/OrganelleClassifyDataset/train/ER/3W-CD4-Ctrl2--30000X--0192_ER_2.tif,80affe138f88ce86
train,ER,ER/3W-CD4-Ctrl2--30000X--0192_ER_3.tif,/Users/jason/Desktop/OrganelleClassifyDataset/train/ER/3W-CD4-Ctrl2--30000X--0192_ER_3.tif,8f85720c8470fd9f
train,ER,ER/3W-CD4-Ctrl2--30000X--0192_ER_4.tif,/Users/jason/Desktop/OrganelleClassifyDataset/train/ER/3W-CD4-Ctrl2--30000X--0192_ER_4.tif,8d0d3270c49bcb9f
train,ER,ER/3W-CD4-Ctrl3--30000X--0033_ER_1.tif,/Users/jason/Desktop/OrganelleClassifyDataset/train/ER/3W-CD4-Ctrl3--30000X--0033_ER_1.tif,b4110d469b00ffbf
train,ER,ER/3W-CD4-Ctrl3--30000X--0054_ER_1.tif,/Users/jason/Desktop/OrganelleClassifyDataset/train/ER/3W-CD4-Ctrl3--30000X--0054_ER_1.tif,f77fdef8e0b80000
train,ER,ER/3W-CD4-Ctrl3--30000X--0064_ER_1.tif,/Users/jason/Desktop/OrganelleClassifyDataset/train/ER/3W-CD4-Ctrl3--30000X--0064_ER_1.tif,e0ca9817d36c6d93
train,ER,ER/3W-CD4-Ctrl3--30000X--0071_ER_1.tif,/Users/jason/Desktop/OrganelleClassifyDataset/train/ER/3W-CD4-Ctrl3--30000X--0071_ER_1.tif,e8754c65366b30da
train,ER,ER/3W-CD4-Ctrl3--30000X--0088_ER_1.tif,/Users/jason/Desktop/OrganelleClassifyDataset/train/ER/3W-CD4-Ctrl3--30000X--0088_ER_1.tif,ca5352d7e5a7a023
train,ER,ER/3W-CD4-Ctrl3--30000X--0090_ER_1.tif,/Users/jason/Desktop/OrganelleClassifyDataset/train/ER/3W-CD4-Ctrl3--30000X--0090_ER_1.tif,cd951aeb40e0f1e9
train,ER,ER/3W-CD4-Ctrl3--30000X--0090_ER_3.tif,/Users/jason/Desktop/OrganelleClassifyDataset/train/ER/3W-CD4-Ctrl3--30000X--0090_ER_3.tif,ca5a4252d745b787
train,ER,ER/4--30000X--0016_ER_1.tif,/Users/jason/Desktop/OrganelleClassifyDataset/train/ER/4--30000X--0016_ER_1.tif,bbea90354ac2bb32
train,ER,ER/4--30000X--0016_ER_2.tif,/Users/jason/Desktop/OrganelleClassifyDataset/train/ER/4--30000X--0016_ER_2.tif,d825f78624f189dc
train,ER,ER/4--30000X--0016_ER_3.tif,/Users/jason/Desktop/OrganelleClassifyDataset/train/ER/4--30000X--0016_ER_3.tif,9fc978e9d235a20c
train,ER,ER/4--6800X--0004_ER_1.tif,/Users/jason/Desktop/OrganelleClassifyDataset/train/ER/4--6800X--0004_ER_1.tif,d3ea902d4ad2bd1c
train,ER,ER/4--6800X--0004_ER_2.tif,/Users/jason/Desktop/OrganelleClassifyDataset/train/ER/4--6800X--0004_ER_2.tif,9bb4db9048add28e
train,ER,ER/4--6800X--0004_ER_3.tif,/Users/jason/Desktop/OrganelleClassifyDataset/train/ER/4--6800X--0004_ER_3.tif,890b16f15e9b6d89
train,ER,ER/4--6800X--0006_ER_1.tif,/Users/jason/Desktop/OrganelleClassifyDataset/train/ER/4--6800X--0006_ER_1.tif,907dfd80e6b4c856
train,ER,ER/4--6800X--0007_ER_1.tif,/Users/jason/Desktop/OrganelleClassifyDataset/train/ER/4--6800X--0007_ER_1.tif,87f19ff069943119
train,ER,ER/4--6800X--0008_ER_1.tif,/Users/jason/Desktop/OrganelleClassifyDataset/train/ER/4--6800X--0008_ER_1.tif,c354c66a3f8dc668
train,ER,ER/5.7W+1--30000X--0012_ER_1.tif,/Users/jason/Desktop/OrganelleClassifyDataset/train/ER/5.7W+1--30000X--0012_ER_1.tif,8c690ce67367e88e
train,ER,ER/5.7W+1--30000X--0012_ER_2.tif,/Users/jason/Desktop/OrganelleClassifyDataset/train/ER/5.7W+1--30000X--0012_ER_2.tif,e2790a602f47acbe
train,ER,ER/5.7w-1--30000X--0024_ER_2.tif,/Users/jason/Desktop/OrganelleClassifyDataset/train/ER/5.7w-1--30000X--0024_ER_2.tif,bc464b16e89abcc9
train,ER,ER/5.7w-1--30000X--0024_ER_3.tif,/Users/jason/Desktop/OrganelleClassifyDataset/train/ER/5.7w-1--30000X--0024_ER_3.tif,da0d8e1e599a9ce8
train,ER,ER/52-WT--18500X--0058_ER_1.tif,/Users/jason/Desktop/OrganelleClassifyDataset/train/ER/52-WT--18500X--0058_ER_1.tif,cc841e1067dcedea
train,ER,ER/52-WT--18500X--0061_ER_2.tif,/Users/jason/Desktop/OrganelleClassifyDataset/train/ER/52-WT--18500X--0061_ER_2.tif,ed0fcac6161c5c6c
train,ER,ER/52-WT--18500X--0070_ER_1.tif,/Users/jason/Desktop/OrganelleClassifyDataset/train/ER/52-WT--18500X--0070_ER_1.tif,8d885f300c1f757e
train,ER,ER/52-WT--18500X--0075_ER_1.tif,/Users/jason/Desktop/OrganelleClassifyDataset/train/ER/52-WT--18500X--0075_ER_1.tif,f0fba126f621670c
train,ER,ER/52-WT--18500X--0075_ER_2.tif,/Users/jason/Desktop/OrganelleClassifyDataset/train/ER/52-WT--18500X--0075_ER_2.tif,83fcf803f0e01ee6
train,ER,ER/52-WT--18500X--0077_ER_1.tif,/Users/jason/Desktop/OrganelleClassifyDataset/train/ER/52-WT--18500X--0077_ER_1.tif,e076794c26cda4c7
train,ER,ER/52-WT--18500X--0079_ER_1.tif,/Users/jason/Desktop/OrganelleClassifyDataset/train/ER/52-WT--18500X--0079_ER_1.tif,f190d8bccf7c2446
train,ER,ER/52-WT--18500X--0082_ER_1.tif,/Users/jason/Desktop/OrganelleClassifyDataset/train/ER/52-WT--18500X--0082_ER_1.tif,e1b8c743e8ca64d9
train,ER,ER/52-WT--18500X--0090_ER_1.tif,/Users/jason/Desktop/OrganelleClassifyDataset/train/ER/52-WT--18500X--0090_ER_1.tif,8334fd9117a3653c
train,ER,ER/52-WT--18500X--0090_ER_2.tif,/Users/jason/Desktop/OrganelleClassifyDataset/train/ER/52-WT--18500X--0090_ER_2.tif,971f1b2b2ae06c2b
train,ER,ER/52-WT--18500X--0096_ER_1.tif,/Users/jason/Desktop/OrganelleClassifyDataset/train/ER/52-WT--18500X--0096_ER_1.tif,850dc879eb5255a7
train,ER,ER/52-WT--18500X--0100_ER_1.tif,/Users/jason/Desktop/OrganelleClassifyDataset/train/ER/52-WT--18500X--0100_ER_1.tif,d0695fa13c5c461f
train,ER,ER/52-WT--18500X--0100_ER_2.tif,/Users/jason/Desktop/OrganelleClassifyDataset/train/ER/52-WT--18500X--0100_ER_2.tif,a5d426864cd6ecf1
train,ER,ER/52-WT--18500X--0105_ER_1.tif,/Users/jason/Desktop/OrganelleClassifyDataset/train/ER/52-WT--18500X--0105_ER_1.tif,e259b7e561721ac1
train,ER,ER/52-WT--18500X--0105_ER_2.tif,/Users/jason/Desktop/OrganelleClassifyDataset/train/ER/52-WT--18500X--0105_ER_2.tif,c2ada9ff90cf6012
train,ER,ER/52-WT--18500X--0107_ER_1.tif,/Users/jason/Desktop/OrganelleClassifyDataset/train/ER/52-WT--18500X--0107_ER_1.tif,e2764b0782e955e6
train,ER,ER/52-WT--18500X--0116_ER_1.tif,/Users/jason/Desktop/OrganelleClassifyDataset/train/ER/52-WT--18500X--0116_ER_1.tif,967fd0d87b50189a
train,ER,ER/52-WT--18500X--0122_ER_1.tif,/Users/jason/Desktop/OrganelleClassifyDataset/train/ER/52-WT--18500X--0122_ER_1.tif,f98d1ce94c63e134
train,ER,ER/52-WT--18500X--0216_ER_1.tif,/Users/jason/Desktop/OrganelleClassifyDataset/train/ER/52-WT--18500X--0216_ER_1.tif,e74d58e0d135a671
train,ER,ER/58-WT--18500X--0018_ER_1.tif,/Users/jason/Desktop/OrganelleClassifyDataset/train/ER/58-WT--18500X--0018_ER_1.tif,9faae6023a21dd59
train,ER,ER/58-WT--18500X--0027_ER_1.tif,/Users/jason/Desktop/OrganelleClassifyDataset/train/ER/58-WT--18500X--0027_ER_1.tif,b528ec059a1d9db3
train,ER,ER/58-WT--18500X--0064_ER_1.tif,/Users/jason/Desktop/OrganelleClassifyDataset/train/ER/58-WT--18500X--0064_ER_1.tif,bd61bc302daf8607
train,ER,ER/61--23000X--0012_ER_1.tif,/Users/jason/Desktop/OrganelleClassifyDataset/train/ER/61--23000X--0012_ER_1.tif,ad449b32251f1b76
train,ER,ER/63--23000X--0013_ER_1.tif,/Users/jason/Desktop/OrganelleClassifyDataset/train/ER/63--23000X--0013_ER_1.tif,eb7a49f84ce1830d
train,ER,ER/64--23000X--0003_ER_1.tif,/Users/jason/Desktop/OrganelleClassifyDataset/train/ER/64--23000X--0003_ER_1.tif,d3738aac94b0a5ae
train,ER,ER/70--23000X--0004_ER_1.tif,/Users/jason/Desktop/OrganelleClassifyDataset/train/ER/70--23000X--0004_ER_1.tif,87f316cf10f01ce9
train,ER,ER/70-WT--18500X--0003_ER_1.tif,/Users/jason/Desktop/OrganelleClassifyDataset/train/ER/70-WT--18500X--0003_ER_1.tif,80879f3ba24e953d
train,ER,ER/70-WT--18500X--0007_ER_2.tif,/Users/jason/Desktop/OrganelleClassifyDataset/train/ER/70-WT--18500X--0007_ER_2.tif,9a1aca7c0f976199
train,ER,ER/70-WT--18500X--0011_ER_1.tif,/Users/jason/Desktop/OrganelleClassifyDataset/train/ER/70-WT--18500X--0011_ER_1.tif,ef400359ed2e1f98
train,ER,ER/70-WT--18500X--0036_ER_1.tif,/Users/jason/Desktop/OrganelleClassifyDataset/train/ER/70-WT--18500X--0036_ER_1.tif,be668d11ae997720
train,ER,ER/70-WT--18500X--0058_ER_1.tif,/Users/jason/Desktop/OrganelleClassifyDataset/train/ER/70-WT--18500X--0058_ER_1.tif,e6bf1046a30d89f5
train,ER,ER/70-WT--18500X--0091_ER_1.tif,/Users/jason/Desktop/OrganelleClassifyDataset/train/ER/70-WT--18500X--0091_ER_1.tif,f6a61775cc183368
train,ER,ER/70-WT--18500X--0099_ER_1.tif,/Users/jason/Desktop/OrganelleClassifyDataset/train/ER/70-WT--18500X--0099_ER_1.tif,816ab131fc999f31
train,ER,ER/74-HO--18500X--0076_ER_1.tif,/Users/jason/Desktop/OrganelleClassifyDataset/train/ER/74-HO--18500X--0076_ER_1.tif,9cd7cba65301f81c
train,ER,ER/78-HO--18500X--0076_ER_1.tif,/Users/jason/Desktop/OrganelleClassifyDataset/train/ER/78-HO--18500X--0076_ER_1.tif,c4b3fc74a1936645
train,ER,ER/DRUG--30000X--0016_ER_1.tif,/Users/jason/Desktop/OrganelleClassifyDataset/train/ER/DRUG--30000X--0016_ER_1.tif,b7cdd4b895910f44
train,ER,ER/DRUG--30000X--0018_ER_1.tif,/Users/jason/Desktop/OrganelleClassifyDataset/train/ER/DRUG--30000X--0018_ER_1.tif,cbe58ff45146188d
train,ER,ER/KO--30000X--0035_ER_1.tif,/Users/jason/Desktop/OrganelleClassifyDataset/train/ER/KO--30000X--0035_ER_1.tif,eb91ed3364831c96
train,ER,ER/KO--30000X--0036_ER_1.tif,/Users/jason/Desktop/OrganelleClassifyDataset/train/ER/KO--30000X--0036_ER_1.tif,be72c31cbcc4b41c
train,ER,ER/KO--30000X--0036_ER_2.tif,/Users/jason/Desktop/OrganelleClassifyDataset/train/ER/KO--30000X--0036_ER_2.tif,bb925a1969d97168
train,ER,ER/KO--6800X--0004_ER_1.tif,/Users/jason/Desktop/OrganelleClassifyDataset/train/ER/KO--6800X--0004_ER_1.tif,86ec1b377035e163
train,ER,ER/LA+1170--30000X--0013_ER_1.tif,/Users/jason/Desktop/OrganelleClassifyDataset/train/ER/LA+1170--30000X--0013_ER_1.tif,ab6ae66a66a6a50a
train,ER,ER/LA+1170--30000X--0019_ER_1.tif,/Users/jason/Desktop/OrganelleClassifyDataset/train/ER/LA+1170--30000X--0019_ER_1.tif,de45f09dcca4e688
train,ER,ER/LA--30000X--0010_ER_1.tif,/Users/jason/Desktop/OrganelleClassifyDataset/train/ER/LA--30000X--0010_ER_1.tif,ef2d6a4b1290dc36
train,ER,ER/LA--30000X--0011_ER_1.tif,/Users/jason/Desktop/OrganelleClassifyDataset/train/ER/LA--30000X--0011_ER_1.tif,81ffee04ff812815
train,ER,ER/LA--30000X--0049_ER_1.tif,/Users/jason/Desktop/OrganelleClassifyDataset/train/ER/LA--30000X--0049_ER_1.tif,b405df30e40f4abb
train,ER,ER/LA--30000X--0069_ER_1.tif,/Users/jason/Desktop/OrganelleClassifyDataset/train/ER/LA--30000X--0069_ER_1.tif,a8048af7d7d018fe
train,ER,ER/LA--6800X--0003_ER_1.tif,/Users/jason/Desktop/OrganelleClassifyDataset/train/ER/LA--6800X--0003_ER_1.tif,b9645316b9909e9d
train,ER,ER/LA--6800X--0009_ER_2.tif,/Users/jason/Desktop/OrganelleClassifyDataset/train/ER/LA--6800X--0009_ER_2.tif,bfd0011de38de447
train,ER,ER/M1_2-2--6800X--0002_ER_1.tif,/Users/jason/Desktop/OrganelleClassifyDataset/train/ER/M1_2-2--6800X--0002_ER_1.tif,afc2e69a30a58e27
train,ER,ER/MUT3--23000X--0014_ER_1.tif,/Users/jason/Desktop/OrganelleClassifyDataset/train/ER/MUT3--23000X--0014_ER_1.tif,8e4cf74eb8935c50
train,ER,ER/MUT3--23000X--0018_ER_1.tif,/Users/jason/Desktop/OrganelleClassifyDataset/train/ER/MUT3--23000X--0018_ER_1.tif,bb23e017b821674f
train,ER,ER/MUT3--23000X--0021_ER_1.tif,/Users/jason/Desktop/OrganelleClassifyDataset/train/ER/MUT3--23000X--0021_ER_1.tif,cc21ac4ec7d6e259
train,ER,ER/NC+--18500X--0029_ER_1.tif,/Users/jason/Desktop/OrganelleClassifyDataset/train/ER/NC+--18500X--0029_ER_1.tif,97d26071b8cd6791
train,ER,ER/NC--30000X--0017_ER_1.tif,/Users/jason/Desktop/OrganelleClassifyDataset/train/ER/NC--30000X--0017_ER_1.tif,e3349b64c660f31e
train,ER,ER/ONC_0DAY_2--23000X--0005_ER_1.tif,/Users/jason/Desktop/OrganelleClassifyDataset/train/ER/ONC_0DAY_2--23000X--0005_ER_1.tif,e274076e0a8aed9b
train,ER,ER/PG3--9300X--0008_ER_1.tif,/Users/jason/Desktop/OrganelleClassifyDataset/train/ER/PG3--9300X--0008_ER_1.tif,b52ad3c348b2a679
train,ER,ER/PG3--9300X--0008_ER_2.tif,/Users/jason/Desktop/OrganelleClassifyDataset/train/ER/PG3--9300X--0008_ER_2.tif,ad5f68bf50f02066
train,ER,ER/PS-50--23000X--0023_ER_1.tif,/Users/jason/Desktop/OrganelleClassifyDataset/train/ER/PS-50--23000X--0023_ER_1.tif,b0c6774720772b8b
train,ER,ER/PS-50--6800X--0004_ER_1.tif,/Users/jason/Desktop/OrganelleClassifyDataset/train/ER/PS-50--6800X--0004_ER_1.tif,df14045555a8f3da
train,ER,ER/PS-50--6800X--0004_ER_2.tif,/Users/jason/Desktop/OrganelleClassifyDataset/train/ER/PS-50--6800X--0004_ER_2.tif,fe27cf8343e145c0
train,ER,ER/PS-50SI--23000X--0031_ER_1.tif,/Users/jason/Desktop/OrganelleClassifyDataset/train/ER/PS-50SI--23000X--0031_ER_1.tif,e476d9edf14508c1
train,ER,ER/PS-50SI--6800X--0006_ER_1.tif,/Users/jason/Desktop/OrganelleClassifyDataset/train/ER/PS-50SI--6800X--0006_ER_1.tif,f31cc2aa8ba94ad5
train,ER,ER/PS-50SI--6800X--0009_ER_1.tif,/Users/jason/Desktop/OrganelleClassifyDataset/train/ER/PS-50SI--6800X--0009_ER_1.tif,a67817314ed8ff08
train,ER,ER/PS-N--23000X--0036_ER_1.tif,/Users/jason/Desktop/OrganelleClassifyDataset/train/ER/PS-N--23000X--0036_ER_1.tif,e987390a14251f7f
train,ER,ER/PS-N--23000X--0038_ER_1.tif,/Users/jason/Desktop/OrganelleClassifyDataset/train/ER/PS-N--23000X--0038_ER_1.tif,e26944408ea6bbbf
train,ER,ER/PS-SI--23000X--0035_ER_1.tif,/Users/jason/Desktop/OrganelleClassifyDataset/train/ER/PS-SI--23000X--0035_ER_1.tif,a358d055cc79e6cc
train,ER,ER/PS-SI--23000X--0035_ER_2.tif,/Users/jason/Desktop/OrganelleClassifyDataset/train/ER/PS-SI--23000X--0035_ER_2.tif,a2d89e22b38b4c7b
train,ER,ER/k+1--30000X--0019_ER_1.tif,/Users/jason/Desktop/OrganelleClassifyDataset/train/ER/k+1--30000X--0019_ER_1.tif,d4d31ce73334d00f
train,ER,ER/k+1--30000X--0020_ER_1.tif,/Users/jason/Desktop/OrganelleClassifyDataset/train/ER/k+1--30000X--0020_ER_1.tif,d1aa32548dd1e6ce
train,ER,ER/k+1--30000X--0024_ER_1.tif,/Users/jason/Desktop/OrganelleClassifyDataset/train/ER/k+1--30000X--0024_ER_1.tif,f782b17f0f01807e
train,ER,ER/k+1--30000X--0026_ER_1.tif,/Users/jason/Desktop/OrganelleClassifyDataset/train/ER/k+1--30000X--0026_ER_1.tif,9d23ae8c9d034e9e
train,ER,ER/k+1--6800X--0009_ER_1.tif,/Users/jason/Desktop/OrganelleClassifyDataset/train/ER/k+1--6800X--0009_ER_1.tif,b24c9c55a749573a
train,ER,ER/k+1--6800X--0009_ER_2.tif,/Users/jason/Desktop/OrganelleClassifyDataset/train/ER/k+1--6800X--0009_ER_2.tif,8b071ffcfe986088
train,ER,ER/k+1--6800X--0009_ER_4.tif,/Users/jason/Desktop/OrganelleClassifyDataset/train/ER/k+1--6800X--0009_ER_4.tif,cea5cbc1e1caa153
train,ER,ER/k+1--6800X--0011_ER_1.tif,/Users/jason/Desktop/OrganelleClassifyDataset/train/ER/k+1--6800X--0011_ER_1.tif,d21532764e4ce59e
train,ER,ER/k+1--6800X--0011_ER_2.tif,/Users/jason/Desktop/OrganelleClassifyDataset/train/ER/k+1--6800X--0011_ER_2.tif,be5f932021ce259b
train,ER,ER/k+1--6800X--0011_ER_3.tif,/Users/jason/Desktop/OrganelleClassifyDataset/train/ER/k+1--6800X--0011_ER_3.tif,b6361bf98ccc83a8
train,ER,ER/k+2--6800X--0001_ER_1.tif,/Users/jason/Desktop/OrganelleClassifyDataset/train/ER/k+2--6800X--0001_ER_1.tif,a85ab97ab16a511b
train,ER,ER/k+2--6800X--0009_ER_1.tif,/Users/jason/Desktop/OrganelleClassifyDataset/train/ER/k+2--6800X--0009_ER_1.tif,871f5a378316a659
train,ER,ER/ko--6800X--0006_ER_1.tif,/Users/jason/Desktop/OrganelleClassifyDataset/train/ER/ko--6800X--0006_ER_1.tif,c5a9adfb41523296
train,ER,ER/ko--6800X--0006_ER_2.tif,/Users/jason/Desktop/OrganelleClassifyDataset/train/ER/ko--6800X--0006_ER_2.tif,b8317c9c385a9d72
train,ER,ER/ko--6800X--0006_ER_3.tif,/Users/jason/Desktop/OrganelleClassifyDataset/train/ER/ko--6800X--0006_ER_3.tif,e8e51bd398cc609e
train,ER,ER/kw10-1--13000X--0084_ER_1.tif,/Users/jason/Desktop/OrganelleClassifyDataset/train/ER/kw10-1--13000X--0084_ER_1.tif,a2a712635f0f487d
train,ER,ER/kw10-1--13000X--0084_ER_2.tif,/Users/jason/Desktop/OrganelleClassifyDataset/train/ER/kw10-1--13000X--0084_ER_2.tif,b21c228ade2b66be
train,ER,ER/kw10-1--13000X--0084_ER_4.tif,/Users/jason/Desktop/OrganelleClassifyDataset/train/ER/kw10-1--13000X--0084_ER_4.tif,eec56f9d8a981845
train,ER,ER/kw10-1--13000X--0085_ER_1.tif,/Users/jason/Desktop/OrganelleClassifyDataset/train/ER/kw10-1--13000X--0085_ER_1.tif,c7ef6b206b123233
train,ER,ER/kw10-1--13000X--0086_ER_1.tif,/Users/jason/Desktop/OrganelleClassifyDataset/train/ER/kw10-1--13000X--0086_ER_1.tif,db3d10bc82c3b8ce
train,ER,ER/kw10-1--13000X--0086_ER_2.tif,/Users/jason/Desktop/OrganelleClassifyDataset/train/ER/kw10-1--13000X--0086_ER_2.tif,86998dbd3df26098
train,ER,ER/kw10-4--13000X--0061_ER_1.tif,/Users/jason/Desktop/OrganelleClassifyDataset/train/ER/kw10-4--13000X--0061_ER_1.tif,f74c195728e8b583
train,ER,ER/kw10-4--13000X--0070_ER_1.tif,/Users/jason/Desktop/OrganelleClassifyDataset/train/ER/kw10-4--13000X--0070_ER_1.tif,bff843874c9c0e13
train,ER,ER/kw10-4--13000X--0071_ER_1.tif,/Users/jason/Desktop/OrganelleClassifyDataset/train/ER/kw10-4--13000X--0071_ER_1.tif,86d2cb6c74c3358e
train,ER,ER/kw10-6--13000X--0083_ER_1.tif,/Users/jason/Desktop/OrganelleClassifyDataset/train/ER/kw10-6--13000X--0083_ER_1.tif,b27c16223b8bec4b
train,ER,ER/kw10-7--13000X--0096_ER_1.tif,/Users/jason/Desktop/OrganelleClassifyDataset/train/ER/kw10-7--13000X--0096_ER_1.tif,f4d8cb991c730b26
train,ER,ER/l--9300X--0013_ER_1.tif,/Users/jason/Desktop/OrganelleClassifyDataset/train/ER/l--9300X--0013_ER_1.tif,c74a1997f1f0f406
train,ER,ER/l--9300X--0013_ER_3.tif,/Users/jason/Desktop/OrganelleClassifyDataset/train/ER/l--9300X--0013_ER_3.tif,fcdfebb83243c010
train,ER,ER/l--9300X--0015_ER_1.tif,/Users/jason/Desktop/OrganelleClassifyDataset/train/ER/l--9300X--0015_ER_1.tif,e11c768704efde84
train,ER,ER/l--9300X--0015_ER_2.tif,/Users/jason/Desktop/OrganelleClassifyDataset/train/ER/l--9300X--0015_ER_2.tif,a6ae904ee97099bc
train,ER,ER/l--9300X--0033_ER_1.tif,/Users/jason/Desktop/OrganelleClassifyDataset/train/ER/l--9300X--0033_ER_1.tif,fc0fc078aba1e568
train,Golgi,Golgi/#3--23000X--0026_Golgi_1.tif,/Users/jason/Desktop/OrganelleClassifyDataset/train/Golgi/#3--23000X--0026_Golgi_1.tif,ca73ce59ce278115
train,Golgi,Golgi/#3--23000X--0031_Golgi_1.tif,/Users/jason/Desktop/OrganelleClassifyDataset/train/Golgi/#3--23000X--0031_Golgi_1.tif,b7c8849e529659c7
train,Golgi,Golgi/#3--23000X--0035_Golgi_1.tif,/Users/jason/Desktop/OrganelleClassifyDataset/train/Golgi/#3--23000X--0035_Golgi_1.tif,bb9bd929c4bc42b0
train,Golgi,Golgi/#3--23000X--0048_Golgi_1.tif,/Users/jason/Desktop/OrganelleClassifyDataset/train/Golgi/#3--23000X--0048_Golgi_1.tif,c11bcb3359634d66
train,Golgi,Golgi/#3--23000X--0065_Golgi_1.tif,/Users/jason/Desktop/OrganelleClassifyDataset/train/Golgi/#3--23000X--0065_Golgi_1.tif,f0b25469ef1e1a92
train,Golgi,Golgi/#3--23000X--0090_Golgi_1.tif,/Users/jason/Desktop/OrganelleClassifyDataset/train/Golgi/#3--23000X--0090_Golgi_1.tif,f62b8e55a73cc501
train,Golgi,Golgi/#3--6800X--0002_Golgi_1.tif,/Users/jason/Desktop/OrganelleClassifyDataset/train/Golgi/#3--6800X--0002_Golgi_1.tif,e130d718e1d553ba
train,Golgi,Golgi/#3--6800X--0005_Golgi_1.tif,/Users/jason/Desktop/OrganelleClassifyDataset/train/Golgi/#3--6800X--0005_Golgi_1.tif,9912e7320b137ee6
train,Golgi,Golgi/#3--6800X--0008_Golgi_1.tif,/Users/jason/Desktop/OrganelleClassifyDataset/train/Golgi/#3--6800X--0008_Golgi_1.tif,f31cea6229e13e92
train,Golgi,Golgi/#3--6800X--0010_Golgi_1.tif,/Users/jason/Desktop/OrganelleClassifyDataset/train/Golgi/#3--6800X--0010_Golgi_1.tif,e727372b8a393a06
train,Golgi,Golgi/#3--6800X--0020_Golgi_1.tif,/Users/jason/Desktop/OrganelleClassifyDataset/train/Golgi/#3--6800X--0020_Golgi_1.tif,c53d5a902e5ea547
train,Golgi,Golgi/#3--6800X--0020_Golgi_2.tif,/Users/jason/Desktop/OrganelleClassifyDataset/train/Golgi/#3--6800X--0020_Golgi_2.tif,f279cc7dd400a44f
train,Golgi,Golgi/#4-CHMP4B-MYH6-CKO--9300X--0052_Golgi_1.tif,/Users/jason/Desktop/OrganelleClassifyDataset/train/Golgi/#4-CHMP4B-MYH6-CKO--9300X--0052_Golgi_1.tif,bb148290f4b35e97
train,Golgi,Golgi/#54--23000X--0020_Golgi_1.tif,/Users/jason/Desktop/OrganelleClassifyDataset/train/Golgi/#54--23000X--0020_Golgi_1.tif,b3bc98b892846bb6
train,Golgi,Golgi/#54--23000X--0028_Golgi_1.tif,/Users/jason/Desktop/OrganelleClassifyDataset/train/Golgi/#54--23000X--0028_Golgi_1.tif,ad56c07f1c399991
train,Golgi,Golgi/#54--23000X--0060_Golgi_1.tif,/Users/jason/Desktop/OrganelleClassifyDataset/train/Golgi/#54--23000X--0060_Golgi_1.tif,a2c8d58f6230d5eb
train,Golgi,Golgi/#54--23000X--0075_Golgi_1.tif,/Users/jason/Desktop/OrganelleClassifyDataset/train/Golgi/#54--23000X--0075_Golgi_1.tif,eef0c01da92b0779
train,Golgi,Golgi/#54--6800X--0008_Golgi_1.tif,/Users/jason/Desktop/OrganelleClassifyDataset/train/Golgi/#54--6800X--0008_Golgi_1.tif,ece18b5f8fa30905
train,Golgi,Golgi/#54--6800X--0012_Golgi_2.tif,/Users/jason/Desktop/OrganelleClassifyDataset/train/Golgi/#54--6800X--0012_Golgi_2.tif,f0638f7dd8264f10
train,Golgi,Golgi/#56--23000X--0022_Golgi_1.tif,/Users/jason/Desktop/OrganelleClassifyDataset/train/Golgi/#56--23000X--0022_Golgi_1.tif,b164069cf3ccac3b
train,Golgi,Golgi/#56--23000X--0053_Golgi_1.tif,/Users/jason/Desktop/OrganelleClassifyDataset/train/Golgi/#56--23000X--0053_Golgi_1.tif,ce408f47994ec63b
train,Golgi,Golgi/#56--23000X--0074_Golgi_1.tif,/Users/jason/Desktop/OrganelleClassifyDataset/train/Golgi/#56--23000X--0074_Golgi_1.tif,e449d6c949363fd0
train,Golgi,Golgi/#56--23000X--0080_Golgi_1.tif,/Users/jason/Desktop/OrganelleClassifyDataset/train/Golgi/#56--23000X--0080_Golgi_1.tif,da29ab041fbe7832
train,Golgi,Golgi/#56--23000X--0089_Golgi_1.tif,/Users/jason/Desktop/OrganelleClassifyDataset/train/Golgi/#56--23000X--0089_Golgi_1.tif,a9d51a1d1d3a75c1
train,Golgi,Golgi/#56--6800X--0066_Golgi_1.tif,/Users/jason/Desktop/OrganelleClassifyDataset/train/Golgi/#56--6800X--0066_Golgi_1.tif,f4684f25bde86225
train,Golgi,Golgi/1--30000X--0007_Golgi_1.tif,/Users/jason/Desktop/OrganelleClassifyDataset/train/Golgi/1--30000X--0007_Golgi_1.tif,cc029a7ded3b8e18
train,Golgi,Golgi/1-11000X--0017_Golgi_2.tif,/Users/jason/Desktop/OrganelleClassifyDataset/train/Golgi/1-11000X--0017_Golgi_2.tif,b9dc02edaf08f415
train,Golgi,Golgi/1-11000X--0027_Golgi_2.tif,/Users/jason/Desktop/OrganelleClassifyDataset/train/Golgi/1-11000X--0027_Golgi_2.tif,810f49b077e54df1
train,Golgi,Golgi/1-1shiyan--23000X--0021_Golgi_1.tif,/Users/jason/Desktop/OrganelleClassifyDataset/train/Golgi/1-1shiyan--23000X--0021_Golgi_1.tif,d5021f51156afd0f
train,Golgi,Golgi/1-1shiyan--23000X--0021_Golgi_2.tif,/Users/jason/Desktop/OrganelleClassifyDataset/train/Golgi/1-1shiyan--23000X--0021_Golgi_2.tif,ad7551d51e50c674
train,Golgi,Golgi/1-1shiyan--6800X--0004_Golgi_1.tif,/Users/jason/Desktop/OrganelleClassifyDataset/train/Golgi/1-1shiyan--6800X--0004_Golgi_1.tif,981d3733b6472d0d
train,Golgi,Golgi/1-1shiyan--6800X--0009_Golgi_1.tif,/Users/jason/Desktop/OrganelleClassifyDataset/train/Golgi/1-1shiyan--6800X--0009_Golgi_1.tif,d0073ef7033f42e1
train,Golgi,Golgi/1-2-hsfnc_lJ--23000X--0023_Golgi_1.tif,/Users/jason/Desktop/OrganelleClassifyDataset/train/Golgi/1-2-hsfnc_lJ--23000X--0023_Golgi_1.tif,82aa39d11ece6f31
train,Golgi,Golgi/1-2-hsfnc_lJ--6800X--0001_Golgi_1.tif,/Users/jason/Desktop/OrganelleClassifyDataset/train/Golgi/1-2-hsfnc_lJ--6800X--0001_Golgi_1.tif,af608da18fb6c48b
train,Golgi,Golgi/1-2-hsfnc_lJ--6800X--0004_Golgi_1.tif,/Users/jason/Desktop/OrganelleClassifyDataset/train/Golgi/1-2-hsfnc_lJ--6800X--0004_Golgi_1.tif,e497c0e981a3d997
train,Golgi,Golgi/1-2-hsfnc_lJ--6800X--0006_Golgi_1.tif,/Users/jason/Desktop/OrganelleClassifyDataset/train/Golgi/1-2-hsfnc_lJ--6800X--0006_Golgi_1.tif,fb91274deaa802f4
train,Golgi,Golgi/1-2-hsfnc_lJ--6800X--0010_Golgi_1.tif,/Users/jason/Desktop/OrganelleClassifyDataset/train/Golgi/1-2-hsfnc_lJ--6800X--0010_Golgi_1.tif,919167e67f899990
train,Golgi,Golgi/2--30000X--0020_Golgi_1.tif,/Users/jason/Desktop/OrganelleClassifyDataset/train/Golgi/2--30000X--0020_Golgi_1.tif,8b10f4df8726c393
train,Golgi,Golgi/37--23000X--0002_Golgi_6.tif,/Users/jason/Desktop/OrganelleClassifyDataset/train/Golgi/37--23000X--0002_Golgi_6.tif,91eff8160e734a38
train,Golgi,Golgi/39--9300X--0003_Golgi_1.tif,/Users/jason/Desktop/OrganelleClassifyDataset/train/Golgi/39--9300X--0003_Golgi_1.tif,ad4d3d769152e852
train,Golgi,Golgi/3W-CD4-Ctrl3--30000X--0060_Golgi_1.tif,/Users/jason/Desktop/OrganelleClassifyDataset/train/Golgi/3W-CD4-Ctrl3--30000X--0060_Golgi_1.tif,86f96de69238c643
train,Golgi,Golgi/3W-CD4-Ctrl3--30000X--0083_Golgi_1.tif,/Users/jason/Desktop/OrganelleClassifyDataset/train/Golgi/3W-CD4-Ctrl3--30000X--0083_Golgi_1.tif,91ffce247c097071
train,Golgi,Golgi/3W-CD4-Ctrl3--30000X--0085_Golgi_1.tif,/Users/jason/Desktop/OrganelleClassifyDataset/train/Golgi/3W-CD4-Ctrl3--30000X--0085_Golgi_1.tif,9b70b0c341df4b9a
train,Golgi,Golgi/40--23000X--0011_Golgi_2.tif,/Users/jason/Desktop/OrganelleClassifyDataset/train/Golgi/40--23000X--0011_Golgi_2.tif,8854ddfb2236703d
train,Golgi,Golgi/40--9300X--0002_Golgi_1.tif,/Users/jason/Desktop/OrganelleClassifyDataset/train/Golgi/40--9300X--0002_Golgi_1.tif,92210f56eae7715a
train,Golgi,Golgi/40--9300X--0002_Golgi_2.tif,/Users/jason/Desktop/OrganelleClassifyDataset/train/Golgi/40--9300X--0002_Golgi_2.tif,c11d5f134de129c7
train,Golgi,Golgi/41--9300X--0005_Golgi_1.tif,/Users/jason/Desktop/OrganelleClassifyDataset/train/Golgi/41--9300X--0005_Golgi_1.tif,ad55a69ca30cd32d
train,Golgi,Golgi/41--9300X--0005_Golgi_2.tif,/Users/jason/Desktop/OrganelleClassifyDataset/train/Golgi/41--9300X--0005_Golgi_2.tif,bf914caee00f7074
train,Golgi,Golgi/42--23000X--0018_Golgi_1.tif,/Users/jason/Desktop/OrganelleClassifyDataset/train/Golgi/42--23000X--0018_Golgi_1.tif,a03e47cebd3244cd
train,Golgi,Golgi/42--6800X--0008_Golgi_1.tif,/Users/jason/Desktop/OrganelleClassifyDataset/train/Golgi/42--6800X--0008_Golgi_1.tif,903f14fa9e9d6b80
train,Golgi,Golgi/42--6800X--0008_Golgi_2.tif,/Users/jason/Desktop/OrganelleClassifyDataset/train/Golgi/42--6800X--0008_Golgi_2.tif,e86109676fd694d2
train,Golgi,Golgi/42--9300X--0008_Golgi_1.tif,/Users/jason/Desktop/OrganelleClassifyDataset/train/Golgi/42--9300X--0008_Golgi_1.tif,9e39ca8e7116c27c
train,Golgi,Golgi/43--30000X--0006_Golgi_1.tif,/Users/jason/Desktop/OrganelleClassifyDataset/train/Golgi/43--30000X--0006_Golgi_1.tif,bb608f1d9813ba47
train,Golgi,Golgi/43--6800X--0003_Golgi_1.tif,/Users/jason/Desktop/OrganelleClassifyDataset/train/Golgi/43--6800X--0003_Golgi_1.tif,9a70da1db0a1a3e7
train,Golgi,Golgi/43--6800X--0003_Golgi_2.tif,/Users/jason/Desktop/OrganelleClassifyDataset/train/Golgi/43--6800X--0003_Golgi_2.tif,88189cfcf9f124ec
train,Golgi,Golgi/43--6800X--0009_Golgi_1.tif,/Users/jason/Desktop/OrganelleClassifyDataset/train/Golgi/43--6800X--0009_Golgi_1.tif,8ee9da0f452794c6
train,Golgi,Golgi/43--6800X--0009_Golgi_2.tif,/Users/jason/Desktop/OrganelleClassifyDataset/train/Golgi/43--6800X--0009_Golgi_2.tif,b1e19a1f0790f0e7
train,Golgi,Golgi/43--6800X--0009_Golgi_3.tif,/Users/jason/Desktop/OrganelleClassifyDataset/train/Golgi/43--6800X--0009_Golgi_3.tif,a4f293844ae3a3db
train,Golgi,Golgi/43--6800X--0009_Golgi_4.tif,/Users/jason/Desktop/OrganelleClassifyDataset/train/Golgi/43--6800X--0009_Golgi_4.tif,ec979e6d33a8c428
train,Golgi,Golgi/43--9300X--0002_Golgi_1.tif,/Users/jason/Desktop/OrganelleClassifyDataset/train/Golgi/43--9300X--0002_Golgi_1.tif,da7ac982eacca16c
train,Golgi,Golgi/43--9300X--0002_Golgi_2.tif,/Users/jason/Desktop/OrganelleClassifyDataset/train/Golgi/43--9300X--0002_Golgi_2.tif,bb459bc9f0ca68a2
train,Golgi,Golgi/43--9300X--0006_Golgi_1.tif,/Users/jason/Desktop/OrganelleClassifyDataset/train/Golgi/43--9300X--0006_Golgi_1.tif,c918df5974909cd5
train,Golgi,Golgi/44--23000X--0003_Golgi_1.tif,/Users/jason/Desktop/OrganelleClassifyDataset/train/Golgi/44--23000X--0003_Golgi_1.tif,be3f9f3831001cda
train,Golgi,Golgi/44--23000X--0015_Golgi_2.tif,/Users/jason/Desktop/OrganelleClassifyDataset/train/Golgi/44--23000X--0015_Golgi_2.tif,8a033f1fcf945958
train,Golgi,Golgi/44--23000X--0017_Golgi_2.tif,/Users/jason/Desktop/OrganelleClassifyDataset/train/Golgi/44--23000X--0017_Golgi_2.tif,8647dedc3a3a3431
train,Golgi,Golgi/44--23000X--0022_Golgi_1.tif,/Users/jason/Desktop/OrganelleClassifyDataset/train/Golgi/44--23000X--0022_Golgi_1.tif,b4140fce92f3f1a8
train,Golgi,Golgi/44--6800X--0002_Golgi_1.tif,/Users/jason/Desktop/OrganelleClassifyDataset/train/Golgi/44--6800X--0002_Golgi_1.tif,b179f87811039e5d
train,Golgi,Golgi/45--23000X--0014_Golgi_2.tif,/Users/jason/Desktop/OrganelleClassifyDataset/train/Golgi/45--23000X--0014_Golgi_2.tif,80d1f7d4d0c95177
train,Golgi,Golgi/45--23000X--0014_Golgi_3.tif,/Users/jason/Desktop/OrganelleClassifyDataset/train/Golgi/45--23000X--0014_Golgi_3.tif,f7719b1ba8c0c534
train,Golgi,Golgi/45--9300X--0003_Golgi_1.tif,/Users/jason/Desktop/OrganelleClassifyDataset/train/Golgi/45--9300X--0003_Golgi_1.tif,e8f3c1d670fa8e08
train,Golgi,Golgi/45--9300X--0003_Golgi_2.tif,/Users/jason/Desktop/OrganelleClassifyDataset/train/Golgi/45--9300X--0003_Golgi_2.tif,a305855499e63fb9
train,Golgi,Golgi/45--9300X--0004_Golgi_1.tif,/Users/jason/Desktop/OrganelleClassifyDataset/train/Golgi/45--9300X--0004_Golgi_1.tif,f734f4a131354f0c
train,Golgi,Golgi/45--9300X--0006_Golgi_1.tif,/Users/jason/Desktop/OrganelleClassifyDataset/train/Golgi/45--9300X--0006_Golgi_1.tif,e9c4b67dd9f10403
train,Golgi,Golgi/45--9300X--0007_Golgi_1.tif,/Users/jason/Desktop/OrganelleClassifyDataset/train/Golgi/45--9300X--0007_Golgi_1.tif,9002fb52dae1ecda
train,Golgi,Golgi/45--9300X--0007_Golgi_3.tif,/Users/jason/Desktop/OrganelleClassifyDataset/train/Golgi/45--9300X--0007_Golgi_3.tif,e4c6b436d2cccb26
train,Golgi,Golgi/46--6800X--0001_Golgi_1.tif,/Users/jason/Desktop/OrganelleClassifyDataset/train/Golgi/46--6800X--0001_Golgi_1.tif,88f218c016f3fb57
train,Golgi,Golgi/46--6800X--0001_Golgi_3.tif,/Users/jason/Desktop/OrganelleClassifyDataset/train/Golgi/46--6800X--0001_Golgi_3.tif,8074097c8da7d3fa
train,Golgi,Golgi/46--6800X--0001_Golgi_4.tif,/Users/jason/Desktop/OrganelleClassifyDataset/train/Golgi/46--6800X--0001_Golgi_4.tif,fa5a4e27a234abe0
train,Golgi,Golgi/46--6800X--0003_Golgi_1.tif,/Users/jason/Desktop/OrganelleClassifyDataset/train/Golgi/46--6800X--0003_Golgi_1.tif,9236cdc5b8388ed3
train,Golgi,Golgi/46--6800X--0003_Golgi_2.tif,/Users/jason/Desktop/OrganelleClassifyDataset/train/Golgi/46--6800X--0003_Golgi_2.tif,ae2fd723e14cb610
train,Golgi,Golgi/46--6800X--0003_Golgi_3.tif,/Users/jason/Desktop/OrganelleClassifyDataset/train/Golgi/46--6800X--0003_Golgi_3.tif,ec9aa1594970bba5
train,Golgi,Golgi/46--6800X--0006_Golgi_1.tif,/Users/jason/Desktop/OrganelleClassifyDataset/train/Golgi/46--6800X--0006_Golgi_1.tif,a31786786dfa10b5
train,Golgi,Golgi/46--6800X--0008_Golgi_1.tif,/Users/jason/Desktop/OrganelleClassifyDataset/train/Golgi/46--6800X--0008_Golgi_1.tif,a025d64b43f8fccc
train,Golgi,Golgi/46--6800X--0008_Golgi_2.tif,/Users/jason/Desktop/OrganelleClassifyDataset/train/Golgi/46--6800X--0008_Golgi_2.tif,a6349bf94467183d
train,Golgi,Golgi/46--6800X--0010_Golgi_1.tif,/Users/jason/Desktop/OrganelleClassifyDataset/train/Golgi/46--6800X--0010_Golgi_1.tif,ee41d968aa55a1ad
train,Golgi,Golgi/47--23000X--0011_Golgi_1.tif,/Users/jason/Desktop/OrganelleClassifyDataset/train/Golgi/47--23000X--0011_Golgi_1.tif,a54ffc7085262cbc
train,Golgi,Golgi/47--23000X--0013_Golgi_1.tif,/Users/jason/Desktop/OrganelleClassifyDataset/train/Golgi/47--23000X--0013_Golgi_1.tif,ef6280630ded338d
train,Golgi,Golgi/47--23000X--0013_Golgi_2.tif,/Users/jason/Desktop/OrganelleClassifyDataset/train/Golgi/47--23000X--0013_Golgi_2.tif,846a9cb5a895ceb3
train,Golgi,Golgi/47--23000X--0018_Golgi_1.tif,/Users/jason/Desktop/OrganelleClassifyDataset/train/Golgi/47--23000X--0018_Golgi_1.tif,ba0ef2cd2cc3f00b
train,Golgi,Golgi/47--23000X--0019_Golgi_1.tif,/Users/jason/Desktop/OrganelleClassifyDataset/train/Golgi/47--23000X--0019_Golgi_1.tif,dd5f5ac2344dc1c2
train,Golgi,Golgi/47--23000X--0020_Golgi_1.tif,/Users/jason/Desktop/OrganelleClassifyDataset/train/Golgi/47--23000X--0020_Golgi_1.tif,a8b490cc57e9ae3a
train,Golgi,Golgi/47--30000X--0030_Golgi_1.tif,/Users/jason/Desktop/OrganelleClassifyDataset/train/Golgi/47--30000X--0030_Golgi_1.tif,a81a3d1e37176993
train,Golgi,Golgi/47--30000X--0030_Golgi_2.tif,/Users/jason/Desktop/OrganelleClassifyDataset/train/Golgi/47--30000X--0030_Golgi_2.tif,dd21dfd0455939c2
train,Golgi,Golgi/47--30000X--0030_Golgi_3.tif,/Users/jason/Desktop/OrganelleClassifyDataset/train/Golgi/47--30000X--0030_Golgi_3.tif,f9c0b5483e5761b8
train,Golgi,Golgi/47--30000X--0030_Golgi_4.tif,/Users/jason/Desktop/OrganelleClassifyDataset/train/Golgi/47--30000X--0030_Golgi_4.tif,a39291af0e3e1d8b
train,Golgi,Golgi/47--30000X--0031_Golgi_1.tif,/Users/jason/Desktop/OrganelleClassifyDataset/train/Golgi/47--30000X--0031_Golgi_1.tif,d8ad92368c1cdbe2
train,Golgi,Golgi/47--30000X--0031_Golgi_2.tif,/Users/jason/Desktop/OrganelleClassifyDataset/train/Golgi/47--30000X--0031_Golgi_2.tif,f6f4848359886797
train,Golgi,Golgi/47--30000X--0031_Golgi_3.tif,/Users/jason/Desktop/OrganelleClassifyDataset/train/Golgi/47--30000X--0031_Golgi_3.tif,f1589737cc8922cd
train,Golgi,Golgi/47--30000X--0031_Golgi_5.tif,/Users/jason/Desktop/OrganelleClassifyDataset/train/Golgi/47--30000X--0031_Golgi_5.tif,bc63ce5b8979804b
train,Golgi,Golgi/47--6800X--0007_Golgi_1.tif,/Users/jason/Desktop/OrganelleClassifyDataset/train/Golgi/47--6800X--0007_Golgi_1.tif,e75695617e06aa98
train,Golgi,Golgi/47--6800X--0014_Golgi_1.tif,/Users/jason/Desktop/OrganelleClassifyDataset/train/Golgi/47--6800X--0014_Golgi_1.tif,ae5825983f132f69
train,Golgi,Golgi/47--6800X--0014_Golgi_2.tif,/Users/jason/Desktop/OrganelleClassifyDataset/train/Golgi/47--6800X--0014_Golgi_2.tif,fc21dfe4c1396894
train,Golgi,Golgi/47--6800X--0014_Golgi_3.tif,/Users/jason/Desktop/OrganelleClassifyDataset/train/Golgi/47--6800X--0014_Golgi_3.tif,f3c3370db0c113d9
train,Golgi,Golgi/47--6800X--0015_Golgi_1.tif,/Users/jason/Desktop/OrganelleClassifyDataset/train/Golgi/47--6800X--0015_Golgi_1.tif,e9845ab3de1cd982
train,Golgi,Golgi/47--6800X--0015_Golgi_2.tif,/Users/jason/Desktop/OrganelleClassifyDataset/train/Golgi/47--6800X--0015_Golgi_2.tif,a7009a52b7eef1c2
train,Golgi,Golgi/47--6800X--0015_Golgi_3.tif,/Users/jason/Desktop/OrganelleClassifyDataset/train/Golgi/47--6800X--0015_Golgi_3.tif,a4e584d7584f2ed8
train,Golgi,Golgi/47--9300X--0001_Golgi_1.tif,/Users/jason/Desktop/OrganelleClassifyDataset/train/Golgi/47--9300X--0001_Golgi_1.tif,a5479f78842b6a95
train,Golgi,Golgi/47--9300X--0002_Golgi_1.tif,/Users/jason/Desktop/OrganelleClassifyDataset/train/Golgi/47--9300X--0002_Golgi_1.tif,c48509bdba13b6e3
train,Golgi,Golgi/47--9300X--0005_Golgi_1.tif,/Users/jason/Desktop/OrganelleClassifyDataset/train/Golgi/47--9300X--0005_Golgi_1.tif,e1d8956742c15fa9
train,Golgi,Golgi/47--9300X--0008_Golgi_1.tif,/Users/jason/Desktop/OrganelleClassifyDataset/train/Golgi/47--9300X--0008_Golgi_1.tif,811fe5b5408ebfc8
train,Golgi,Golgi/47--9300X--0008_Golgi_2.tif,/Users/jason/Desktop/OrganelleClassifyDataset/train/Golgi/47--9300X--0008_Golgi_2.tif,c67c4b24cea59939
train,Golgi,Golgi/47--9300X--0008_Golgi_3.tif,/Users/jason/Desktop/OrganelleClassifyDataset/train/Golgi/47--9300X--0008_Golgi_3.tif,c9586aa00dcb2ff5
train,Golgi,Golgi/47--9300X--0008_Golgi_4.tif,/Users/jason/Desktop/OrganelleClassifyDataset/train/Golgi/47--9300X--0008_Golgi_4.tif,d4237a66af594287
train,Golgi,Golgi/47--9300X--0008_Golgi_5.tif,/Users/jason/Desktop/OrganelleClassifyDataset/train/Golgi/47--9300X--0008_Golgi_5.tif,fb0ce0bd861541fa
train,Golgi,Golgi/48--9300X--0005_Golgi_1.tif,/Users/jason/Desktop/OrganelleClassifyDataset/train/Golgi/48--9300X--0005_Golgi_1.tif,f0a7d699892c6393
train,Golgi,Golgi/48--9300X--0015_Golgi_1.tif,/Users/jason/Desktop/OrganelleClassifyDataset/train/Golgi/48--9300X--0015_Golgi_1.tif,8cf0c68f20fbe3d0
train,Golgi,Golgi/48--9300X--0016_Golgi_1.tif,/Users/jason/Desktop/OrganelleClassifyDataset/train/Golgi/48--9300X--0016_Golgi_1.tif,aa3f8a1f582e87a4
train,Golgi,Golgi/49--9300X--0001_Golgi_2.tif,/Users/jason/Desktop/OrganelleClassifyDataset/train/Golgi/49--9300X--0001_Golgi_2.tif,f4539fc9c4d0491e
train,Golgi,Golgi/49--9300X--0005_Golgi_1.tif,/Users/jason/Desktop/OrganelleClassifyDataset/train/Golgi/49--9300X--0005_Golgi_1.tif,e85d037d14ebe84a
train,Golgi,Golgi/49--9300X--0005_Golgi_2.tif,/Users/jason/Desktop/OrganelleClassifyDataset/train/Golgi/49--9300X--0005_Golgi_2.tif,f86803463b99d91f
train,Golgi,Golgi/4MM--9300X--0006_Golgi_1.tif,/Users/jason/Desktop/OrganelleClassifyDataset/train/Golgi/4MM--9300X--0006_Golgi_1.tif,e5d082cd9a9265e7
train,Golgi,Golgi/5--9300X--0007_Golgi_1.tif,/Users/jason/Desktop/OrganelleClassifyDataset/train/Golgi/5--9300X--0007_Golgi_1.tif,8a226908fead33dd
train,Golgi,Golgi/5.7K+1--6800X--0001_Golgi_1.tif,/Users/jason/Desktop/OrganelleClassifyDataset/train/Golgi/5.7K+1--6800X--0001_Golgi_1.tif,fb03f81f81b28f09
train,Golgi,Golgi/5.7K+1--6800X--0001_Golgi_2.tif,/Users/jason/Desktop/OrganelleClassifyDataset/train/Golgi/5.7K+1--6800X--0001_Golgi_2.tif,d462c2cbe926e699
train,Golgi,Golgi/5.7K+1--6800X--0003_Golgi_1.tif,/Users/jason/Desktop/OrganelleClassifyDataset/train/Golgi/5.7K+1--6800X--0003_Golgi_1.tif,d2fda42627b4a616
train,Golgi,Golgi/5.7K-1--6800X--0001_Golgi_1.tif,/Users/jason/Desktop/OrganelleClassifyDataset/train/Golgi/5.7K-1--6800X--0001_Golgi_1.tif,d4d8aac54aa2e755
train,Golgi,Golgi/5.7W+1--6800X--0001_Golgi_1.tif,/Users/jason/Desktop/OrganelleClassifyDataset/train/Golgi/5.7W+1--6800X--0001_Golgi_1.tif,b40a95e6afdd1a22
train,Golgi,Golgi/5.7W+1--6800X--0006_Golgi_1.tif,/Users/jason/Desktop/OrganelleClassifyDataset/train/Golgi/5.7W+1--6800X--0006_Golgi_1.tif,a9575576aa4449ab
train,Golgi,Golgi/5.7W+1--6800X--0010_Golgi_1.tif,/Users/jason/Desktop/OrganelleClassifyDataset/train/Golgi/5.7W+1--6800X--0010_Golgi_1.tif,bb0fc21c758c30cf
train,Golgi,Golgi/5.7w-1--6800X--0004_Golgi_1.tif,/Users/jason/Desktop/OrganelleClassifyDataset/train/Golgi/5.7w-1--6800X--0004_Golgi_1.tif,99f00d9277915a6b
train,Golgi,Golgi/50--23000X--0007_Golgi_1.tif,/Users/jason/Desktop/OrganelleClassifyDataset/train/Golgi/50--23000X--0007_Golgi_1.tif,876888d7d9281ff4
train,Golgi,Golgi/52-WT--18500X--0134_Golgi_1.tif,/Users/jason/Desktop/OrganelleClassifyDataset/train/Golgi/52-WT--18500X--0134_Golgi_1.tif,ad0296e9cce0a7f1
train,Golgi,Golgi/52-WT--18500X--0183_Golgi_1.tif,/Users/jason/Desktop/OrganelleClassifyDataset/train/Golgi/52-WT--18500X--0183_Golgi_1.tif,e4165b45f368057d
train,Golgi,Golgi/52-WT--18500X--0199_Golgi_1.tif,/Users/jason/Desktop/OrganelleClassifyDataset/train/Golgi/52-WT--18500X--0199_Golgi_1.tif,a8ce978ebd324f10
train,Golgi,Golgi/52-WT--18500X--0199_Golgi_2.tif,/Users/jason/Desktop/OrganelleClassifyDataset/train/Golgi/52-WT--18500X--0199_Golgi_2.tif,ca59d8a5bfa7820c
train,Golgi,Golgi/52-WT--18500X--0222_Golgi_1.tif,/Users/jason/Desktop/OrganelleClassifyDataset/train/Golgi/52-WT--18500X--0222_Golgi_1.tif,ee31f807f5a0a1b1
train,Golgi,Golgi/52-WT--18500X--0241_Golgi_1.tif,/Users/jason/Desktop/OrganelleClassifyDataset/train/Golgi/52-WT--18500X--0241_Golgi_1.tif,a500c3daea5fb499
train,Golgi,Golgi/58-WT--18500X--0028_Golgi_1.tif,/Users/jason/Desktop/OrganelleClassifyDataset/train/Golgi/58-WT--18500X--0028_Golgi_1.tif,b7f4f26290c51ec1
train,Golgi,Golgi/58-WT--18500X--0030_Golgi_1.tif,/Users/jason/Desktop/OrganelleClassifyDataset/train/Golgi/58-WT--18500X--0030_Golgi_1.tif,a167d0b6d61a5b0e
train,Golgi,Golgi/58-WT--18500X--0031_Golgi_1.tif,/Users/jason/Desktop/OrganelleClassifyDataset/train/Golgi/58-WT--18500X--0031_Golgi_1.tif,bc44d6e5033b583b
train,Golgi,Golgi/58-WT--18500X--0058_Golgi_1.tif,/Users/jason/Desktop/OrganelleClassifyDataset/train/Golgi/58-WT--18500X--0058_Golgi_1.tif,a183cacb5c8d4be5
train,Golgi,Golgi/58-WT--18500X--0064_Golgi_1.tif,/Users/jason/Desktop/OrganelleClassifyDataset/train/Golgi/58-WT--18500X--0064_Golgi_1.tif,94b7c111996c3f93
train,Golgi,Golgi/58-WT--18500X--0089_Golgi_1.tif,/Users/jason/Desktop/OrganelleClassifyDataset/train/Golgi/58-WT--18500X--0089_Golgi_1.tif,b76783f4941a5e18
train,Golgi,Golgi/58-WT--18500X--0089_Golgi_2.tif,/Users/jason/Desktop/OrganelleClassifyDataset/train/Golgi/58-WT--18500X--0089_Golgi_2.tif,96bbcd40ef61125a
train,Golgi,Golgi/64--23000X--0009_Golgi_1.tif,/Users/jason/Desktop/OrganelleClassifyDataset/train/Golgi/64--23000X--0009_Golgi_1.tif,ab26b49bcd4d6416
train,Golgi,Golgi/64--23000X--0011_Golgi_1.tif,/Users/jason/Desktop/OrganelleClassifyDataset/train/Golgi/64--23000X--0011_Golgi_1.tif,f308f7fa66632430
train,Golgi,Golgi/6W-10NM-GR1--30000X--0152_Golgi_1.tif,/Users/jason/Desktop/OrganelleClassifyDataset/train/Golgi/6W-10NM-GR1--30000X--0152_Golgi_1.tif,d71588d45cd55b34
train,Golgi,Golgi/6W-10NM-GR1--30000X--0167_Golgi_1.tif,/Users/jason/Desktop/OrganelleClassifyDataset/train/Golgi/6W-10NM-GR1--30000X--0167_Golgi_1.tif,b652c3c5727ad1d0
train,Golgi,Golgi/6W-10nm_GR-2--13000X--0006_Golgi_1.tif,/Users/jason/Desktop/OrganelleClassifyDataset/train/Golgi/6W-10nm_GR-2--13000X--0006_Golgi_1.tif,b45f0b2daf021f4a
train,Golgi,Golgi/6W-10nm_GR-2--13000X--0009_Golgi_1.tif,/Users/jason/Desktop/OrganelleClassifyDataset/train/Golgi/6W-10nm_GR-2--13000X--0009_Golgi_1.tif,f3492ee167b00eb2
train,Golgi,Golgi/6W-10nm_GR-2--13000X--0012_Golgi_1.tif,/Users/jason/Desktop/OrganelleClassifyDataset/train/Golgi/6W-10nm_GR-2--13000X--0012_Golgi_1.tif,94bd55d9e3c0321e
train,Golgi,Golgi/6W-10nm_GR-2--13000X--0014_Golgi_1.tif,/Users/jason/Desktop/OrganelleClassifyDataset/train/Golgi/6W-10nm_GR-2--13000X--0014_Golgi_1.tif,b06d0d099f1317f6
train,Golgi,Golgi/6W-10nm_GR-2--13000X--0016_Golgi_1.tif,/Users/jason/Desktop/OrganelleClassifyDataset/train/Golgi/6W-10nm_GR-2--13000X--0016_Golgi_1.tif,d4a4763cab0bcd89
train,Golgi,Golgi/6W-10nm_GR-2--13000X--0043_Golgi_1.tif,/Users/jason/Desktop/OrganelleClassifyDataset/train/Golgi/6W-10nm_GR-2--13000X--0043_Golgi_1.tif,b23928bb613496f9
train,Golgi,Golgi/6W-10nm_GR-2--30000X--0048_Golgi_1.tif,/Users/jason/Desktop/OrganelleClassifyDataset/train/Golgi/6W-10nm_GR-2--30000X--0048_Golgi_1.tif,91907c8ecc66dfa2
train,Golgi,Golgi/6W-10nm_GR-2--30000X--0056_Golgi_1.tif,/Users/jason/Desktop/OrganelleClassifyDataset/train/Golgi/6W-10nm_GR-2--30000X--0056_Golgi_1.tif,a88ebbdf60c0b0e3
train,Golgi,Golgi/6W-10nm_GR-2--30000X--0077_Golgi_1.tif,/Users/jason/Desktop/OrganelleClassifyDataset/train/Golgi/6W-10nm_GR-2--30000X--0077_Golgi_1.tif,b4575a6aada19127
train,Golgi,Golgi/6W-10nm_GR-2--30000X--0077_Golgi_3.tif,/Users/jason/Desktop/OrganelleClassifyDataset/train/Golgi/6W-10nm_GR-2--30000X--0077_Golgi_3.tif,c10dfb264e5f464c
train,Golgi,Golgi/6W-10nm_GR-2--30000X--0088_Golgi_1.tif,/Users/jason/Desktop/OrganelleClassifyDataset/train/Golgi/6W-10nm_GR-2--30000X--0088_Golgi_1.tif,f849266924bca6f3
train,Golgi,Golgi/6W-10nm_GR-2--30000X--0104_Golgi_1.tif,/Users/jason/Desktop/OrganelleClassifyDataset/train/Golgi/6W-10nm_GR-2--30000X--0104_Golgi_1.tif,d7ab22170bac345b
train,Golgi,Golgi/6W-10nm_GR-2--30000X--0202_Golgi_1.tif,/Users/jason/Desktop/OrganelleClassifyDataset/train/Golgi/6W-10nm_GR-2--30000X--0202_Golgi_1.tif,e26ed2b9cd922629
train,Golgi,Golgi/6W-10nm_GR-2--30000X--0243_Golgi_1.tif,/Users/jason/Desktop/OrganelleClassifyDataset/train/Golgi/6W-10nm_GR-2--30000X--0243_Golgi_1.tif,d38d378a34325bd8
train,Golgi,Golgi/6W-10nm_GR-2--30000X--0250_Golgi_1.tif,/Users/jason/Desktop/OrganelleClassifyDataset/train/Golgi/6W-10nm_GR-2--30000X--0250_Golgi_1.tif,827f28bd99713c32
train,Golgi,Golgi/6W-CD4-Ctrl2--13000X--0033_Golgi_1.tif,/Users/jason/Desktop/OrganelleClassifyDataset/train/Golgi/6W-CD4-Ctrl2--13000X--0033_Golgi_1.tif,b9470cec3813791f
train,Golgi,Golgi/6W-CD4-Ctrl2--30000X--0088_Golgi_2.tif,/Users/jason/Desktop/OrganelleClassifyDataset/train/Golgi/6W-CD4-Ctrl2--30000X--0088_Golgi_2.tif,c29f1360f8c7ae64
train,Golgi,Golgi/6W-CD4-Ctrl2--30000X--0147_Golgi_1.tif,/Users/jason/Desktop/OrganelleClassifyDataset/train/Golgi/6W-CD4-Ctrl2--30000X--0147_Golgi_1.tif,a11448ecfaf8ae96
train,Golgi,Golgi/6W-CD4-Ctrl2--30000X--0176_Golgi_1.tif,/Users/jason/Desktop/OrganelleClassifyDataset/train/Golgi/6W-CD4-Ctrl2--30000X--0176_Golgi_1.tif,92cf0e877365c7c0
train,Golgi,Golgi/6W-CD4-Ctrl2--30000X--0178_Golgi_1.tif,/Users/jason/Desktop/OrganelleClassifyDataset/train/Golgi/6W-CD4-Ctrl2--30000X--0178_Golgi_1.tif,9534317d2a691bea
train,Golgi,Golgi/6W-CD4-Ctrl2--30000X--0189_Golgi_1.tif,/Users/jason/Desktop/OrganelleClassifyDataset/train/Golgi/6W-CD4-Ctrl2--30000X--0189_Golgi_1.tif,d5dc325a51987356
train,Golgi,Golgi/6W-CD4-Ctrl2--30000X--0224_Golgi_1.tif,/Users/jason/Desktop/OrganelleClassifyDataset/train/Golgi/6W-CD4-Ctrl2--30000X--0224_Golgi_1.tif,bb06ce76191c307d
train,Golgi,Golgi/6W-CD4-Ctrl2--30000X--0238_Golgi_2.tif,/Users/jason/Desktop/OrganelleClassifyDataset/train/Golgi/6W-CD4-Ctrl2--30000X--0238_Golgi_2.tif,c083ceb775495ab2
train,Golgi,Golgi/6W-CD4-Ctrl2--30000X--0250_Golgi_1.tif,/Users/jason/Desktop/OrganelleClassifyDataset/train/Golgi/6W-CD4-Ctrl2--30000X--0250_Golgi_1.tif,f2d670c17ca598a6
train,Golgi,Golgi/6W-Ctrl1--30000X--0072_Golgi_1.tif,/Users/jason/Desktop/OrganelleClassifyDataset/train/Golgi/6W-Ctrl1--30000X--0072_Golgi_1.tif,8bd8698d24d45bab
train,Golgi,Golgi/70-WT--18500X--0009_Golgi_1.tif,/Users/jason/Desktop/OrganelleClassifyDataset/train/Golgi/70-WT--18500X--0009_Golgi_1.tif,a3db380c25b9cc2f
train,Golgi,Golgi/70-WT--18500X--0012_Golgi_1.tif,/Users/jason/Desktop/OrganelleClassifyDataset/train/Golgi/70-WT--18500X--0012_Golgi_1.tif,d29d81aa5f95245b
train,Golgi,Golgi/70-WT--18500X--0037_Golgi_1.tif,/Users/jason/Desktop/OrganelleClassifyDataset/train/Golgi/70-WT--18500X--0037_Golgi_1.tif,a5e4872fd939140f
train,Golgi,Golgi/70-WT--18500X--0047_Golgi_1.tif,/Users/jason/Desktop/OrganelleClassifyDataset/train/Golgi/70-WT--18500X--0047_Golgi_1.tif,89570581bae9c7ab
train,Golgi,Golgi/70-WT--18500X--0049_Golgi_1.tif,/Users/jason/Desktop/OrganelleClassifyDataset/train/Golgi/70-WT--18500X--0049_Golgi_1.tif,f2541b01f59b692b
train,Golgi,Golgi/70-WT--18500X--0067_Golgi_1.tif,/Users/jason/Desktop/OrganelleClassifyDataset/train/Golgi/70-WT--18500X--0067_Golgi_1.tif,f18ef48dfcc208e4
train,Golgi,Golgi/70-WT--18500X--0069_Golgi_1.tif,/Users/jason/Desktop/OrganelleClassifyDataset/train/Golgi/70-WT--18500X--0069_Golgi_1.tif,82d332f92d858ce7
train,Golgi,Golgi/70-WT--18500X--0069_Golgi_2.tif,/Users/jason/Desktop/OrganelleClassifyDataset/train/Golgi/70-WT--18500X--0069_Golgi_2.tif,949cdb4ac614b6d3
train,Golgi,Golgi/70-WT--18500X--0069_Golgi_3.tif,/Users/jason/Desktop/OrganelleClassifyDataset/train/Golgi/70-WT--18500X--0069_Golgi_3.tif,bfd090d482fb18f4
train,Golgi,Golgi/70-WT--18500X--0073_Golgi_1.tif,/Users/jason/Desktop/OrganelleClassifyDataset/train/Golgi/70-WT--18500X--0073_Golgi_1.tif,fc9c4c18775d9889
train,Golgi,Golgi/70-WT--18500X--0081_Golgi_1.tif,/Users/jason/Desktop/OrganelleClassifyDataset/train/Golgi/70-WT--18500X--0081_Golgi_1.tif,ef0fc1582bcfc064
train,Golgi,Golgi/70-WT--18500X--0083_Golgi_1.tif,/Users/jason/Desktop/OrganelleClassifyDataset/train/Golgi/70-WT--18500X--0083_Golgi_1.tif,a76fec17a6465421
train,Golgi,Golgi/70-WT--18500X--0110_Golgi_1.tif,/Users/jason/Desktop/OrganelleClassifyDataset/train/Golgi/70-WT--18500X--0110_Golgi_1.tif,e8f68e1f15067991
train,Golgi,Golgi/79-2--30000X--0020_Golgi_1.tif,/Users/jason/Desktop/OrganelleClassifyDataset/train/Golgi/79-2--30000X--0020_Golgi_1.tif,bb1ec4c11ac5e61b
train,Golgi,Golgi/79-2--30000X--0020_Golgi_2.tif,/Users/jason/Desktop/OrganelleClassifyDataset/train/Golgi/79-2--30000X--0020_Golgi_2.tif,b0184f098cf05ffd
train,Golgi,Golgi/D3--23000X--0016_Golgi_2.tif,/Users/jason/Desktop/OrganelleClassifyDataset/train/Golgi/D3--23000X--0016_Golgi_2.tif,a26ddb670f932944
train,Golgi,Golgi/ISO-3--30000X--0012_Golgi_1.tif,/Users/jason/Desktop/OrganelleClassifyDataset/train/Golgi/ISO-3--30000X--0012_Golgi_1.tif,d26b4b98390d1bb6
train,Golgi,Golgi/ISO-3--30000X--0025_Golgi_1.tif,/Users/jason/Desktop/OrganelleClassifyDataset/train/Golgi/ISO-3--30000X--0025_Golgi_1.tif,b09bc5393865d399
train,Golgi,Golgi/ISO-3--30000X--0042_Golgi_2.tif,/Users/jason/Desktop/OrganelleClassifyDataset/train/Golgi/ISO-3--30000X--0042_Golgi_2.tif,bca0ce2398cd175b
train,Golgi,Golgi/ISO-3--30000X--0064_Golgi_1.tif,/Users/jason/Desktop/OrganelleClassifyDataset/train/Golgi/ISO-3--30000X--0064_Golgi_1.tif,a9c3ca2bb8b1a723
train,Golgi,Golgi/ISO-3--9300X--0062_Golgi_2.tif,/Users/jason/Desktop/OrganelleClassifyDataset/train/Golgi/ISO-3--9300X--0062_Golgi_2.tif,a54b892df8b9a349
train,Golgi,Golgi/ISO-3--9300X--0062_Golgi_3.tif,/Users/jason/Desktop/OrganelleClassifyDataset/train/Golgi/ISO-3--9300X--0062_Golgi_3.tif,b3c4cdc210b7ab36
train,Golgi,Golgi/LA--30000X--0045_Golgi_1.tif,/Users/jason/Desktop/OrganelleClassifyDataset/train/Golgi/LA--30000X--0045_Golgi_1.tif,af1fe181f6c14352
train,Golgi,Golgi/LA--30000X--0045_Golgi_2.tif,/Users/jason/Desktop/OrganelleClassifyDataset/train/Golgi/LA--30000X--0045_Golgi_2.tif,f057d981e406f43b
train,Golgi,Golgi/NC--18500X--0012_Golgi_1.tif,/Users/jason/Desktop/OrganelleClassifyDataset/train/Golgi/NC--18500X--0012_Golgi_1.tif,c2b2994d50f19cb7
train,Golgi,Golgi/NC--18500X--0012_Golgi_2.tif,/Users/jason/Desktop/OrganelleClassifyDataset/train/Golgi/NC--18500X--0012_Golgi_2.tif,f59b7a09b64225c6
train,Golgi,Golgi/PS-N--23000X--0026_Golgi_1.tif,/Users/jason/Desktop/OrganelleClassifyDataset/train/Golgi/PS-N--23000X--0026_Golgi_1.tif,bf71d2e646513c84
train,Golgi,Golgi/kw10-4--13000X--0063_Golgi_1.tif,/Users/jason/Desktop/OrganelleClassifyDataset/train/Golgi/kw10-4--13000X--0063_Golgi_1.tif,e8ab83f2a1d483a7
train,Golgi,Golgi/kw10-4--13000X--0101_Golgi_2.tif,/Users/jason/Desktop/OrganelleClassifyDataset/train/Golgi/kw10-4--13000X--0101_Golgi_2.tif,f38c86ddeab5a440
train,Golgi,Golgi/kw10-4--13000X--0104_Golgi_1.tif,/Users/jason/Desktop/OrganelleClassifyDataset/train/Golgi/kw10-4--13000X--0104_Golgi_1.tif,e83fd14c6be430e8
train,Golgi,Golgi/kw10-4--13000X--0104_Golgi_2.tif,/Users/jason/Desktop/OrganelleClassifyDataset/train/Golgi/kw10-4--13000X--0104_Golgi_2.tif,f552c1b66971f501
train,Golgi,Golgi/kw10-4--13000X--0104_Golgi_3.tif,/Users/jason/Desktop/OrganelleClassifyDataset/train/Golgi/kw10-4--13000X--0104_Golgi_3.tif,f9d0d3c82c26ae1e
train,Golgi,Golgi/kw10-4--13000X--0105_Golgi_1.tif,/Users/jason/Desktop/OrganelleClassifyDataset/train/Golgi/kw10-4--13000X--0105_Golgi_1.tif,aeb19bc0dce41327
train,Golgi,Golgi/kw10-4--13000X--0105_Golgi_2.tif,/Users/jason/Desktop/OrganelleClassifyDataset/train/Golgi/kw10-4--13000X--0105_Golgi_2.tif,c9b8d5492c666e8e
train,Golgi,Golgi/kw10-4--13000X--0106_Golgi_1.tif,/Users/jason/Desktop/OrganelleClassifyDataset/train/Golgi/kw10-4--13000X--0106_Golgi_1.tif,a5bcc8e6da27700b
train,Golgi,Golgi/kw10-4--13000X--0106_Golgi_2.tif,/Users/jason/Desktop/OrganelleClassifyDataset/train/Golgi/kw10-4--13000X--0106_Golgi_2.tif,89bb95c159676370
train,Golgi,Golgi/kw10-4--13000X--0107_Golgi_1.tif,/Users/jason/Desktop/OrganelleClassifyDataset/train/Golgi/kw10-4--13000X--0107_Golgi_1.tif,96c2dc4fd15aeb20
train,Golgi,Golgi/kw10-4--13000X--0107_Golgi_2.tif,/Users/jason/Desktop/OrganelleClassifyDataset/train/Golgi/kw10-4--13000X--0107_Golgi_2.tif,889c9dd5485d3573
train,Golgi,Golgi/kw10-4--13000X--0107_Golgi_3.tif,/Users/jason/Desktop/OrganelleClassifyDataset/train/Golgi/kw10-4--13000X--0107_Golgi_3.tif,a39c84c2cdf75d88
train,Golgi,Golgi/kw10-4--13000X--0109_Golgi_1.tif,/Users/jason/Desktop/OrganelleClassifyDataset/train/Golgi/kw10-4--13000X--0109_Golgi_1.tif,f05f284c2567bd2c
train,Golgi,Golgi/kw10-4--13000X--0110_Golgi_1.tif,/Users/jason/Desktop/OrganelleClassifyDataset/train/Golgi/kw10-4--13000X--0110_Golgi_1.tif,f017015a667eb768
train,Golgi,Golgi/kw10-4--13000X--0111_Golgi_1.tif,/Users/jason/Desktop/OrganelleClassifyDataset/train/Golgi/kw10-4--13000X--0111_Golgi_1.tif,809d77235c5d9a63
train,Golgi,Golgi/kw10-4--13000X--0116_Golgi_1.tif,/Users/jason/Desktop/OrganelleClassifyDataset/train/Golgi/kw10-4--13000X--0116_Golgi_1.tif,f4f2475126573748
train,Golgi,Golgi/kw10-4--13000X--0117_Golgi_1.tif,/Users/jason/Desktop/OrganelleClassifyDataset/train/Golgi/kw10-4--13000X--0117_Golgi_1.tif,f4f0e719bc261326
train,Golgi,Golgi/kw10-4--13000X--0124_Golgi_2.tif,/Users/jason/Desktop/OrganelleClassifyDataset/train/Golgi/kw10-4--13000X--0124_Golgi_2.tif,fcf2d128e0b65331
train,Golgi,Golgi/kw10-4--13000X--0124_Golgi_3.tif,/Users/jason/Desktop/OrganelleClassifyDataset/train/Golgi/kw10-4--13000X--0124_Golgi_3.tif,bce98d94f82e0956
train,Golgi,Golgi/kw10-4--13000X--0125_Golgi_1.tif,/Users/jason/Desktop/OrganelleClassifyDataset/train/Golgi/kw10-4--13000X--0125_Golgi_1.tif,fdcb85f5869c9c00
train,Golgi,Golgi/kw10-4--13000X--0125_Golgi_2.tif,/Users/jason/Desktop/OrganelleClassifyDataset/train/Golgi/kw10-4--13000X--0125_Golgi_2.tif,9cac84e68f6b9991
train,Golgi,Golgi/kw10-4--6800X--0040_Golgi_1.tif,/Users/jason/Desktop/OrganelleClassifyDataset/train/Golgi/kw10-4--6800X--0040_Golgi_1.tif,e4a782a3bc5abd50
train,Golgi,Golgi/kw10-4--6800X--0040_Golgi_2.tif,/Users/jason/Desktop/OrganelleClassifyDataset/train/Golgi/kw10-4--6800X--0040_Golgi_2.tif,f21eb3cdac41aca8
train,Golgi,Golgi/kw10-6--13000X--0119_Golgi_1.tif,/Users/jason/Desktop/OrganelleClassifyDataset/train/Golgi/kw10-6--13000X--0119_Golgi_1.tif,f3f2ade0cd0cd608
train,Golgi,Golgi/kw10-6--6800X--0004_Golgi_2.tif,/Users/jason/Desktop/OrganelleClassifyDataset/train/Golgi/kw10-6--6800X--0004_Golgi_2.tif,efc5943654614b9a
train,Golgi,Golgi/kw10-6--6800X--0004_Golgi_3.tif,/Users/jason/Desktop/OrganelleClassifyDataset/train/Golgi/kw10-6--6800X--0004_Golgi_3.tif,fad2cb85e203a30f
train,Golgi,Golgi/kw10-6--6800X--0014_Golgi_3.tif,/Users/jason/Desktop/OrganelleClassifyDataset/train/Golgi/kw10-6--6800X--0014_Golgi_3.tif,f959cd82c341a1af
train,Golgi,Golgi/kw10-6--6800X--0027_Golgi_3.tif,/Users/jason/Desktop/OrganelleClassifyDataset/train/Golgi/kw10-6--6800X--0027_Golgi_3.tif,e78795ac119ae29c
train,Golgi,Golgi/kw10-6--6800X--0027_Golgi_4.tif,/Users/jason/Desktop/OrganelleClassifyDataset/train/Golgi/kw10-6--6800X--0027_Golgi_4.tif,af19ccc751ec0e85
train,Golgi,Golgi/kw10-6--6800X--0027_Golgi_5.tif,/Users/jason/Desktop/OrganelleClassifyDataset/train/Golgi/kw10-6--6800X--0027_Golgi_5.tif,bcffd925c0f08270
train,Golgi,Golgi/kw10-7--6800X--0014_Golgi_2.tif,/Users/jason/Desktop/OrganelleClassifyDataset/train/Golgi/kw10-7--6800X--0014_Golgi_2.tif,cd26238c5f4dcc99
train,Golgi,Golgi/kw10-7--6800X--0041_Golgi_2.tif,/Users/jason/Desktop/OrganelleClassifyDataset/train/Golgi/kw10-7--6800X--0041_Golgi_2.tif,b45e59f0611a7b8a
train,Golgi,Golgi/wt--30000X--0017_Golgi_1.tif,/Users/jason/Desktop/OrganelleClassifyDataset/train/Golgi/wt--30000X--0017_Golgi_1.tif,aab452a3cd4eb8b1
train,Mito,Mito/#3--23000X--0025_Mito_1.tif,/Users/jason/Desktop/OrganelleClassifyDataset/train/Mito/#3--23000X--0025_Mito_1.tif,ea65d525d8b06d52
train,Mito,Mito/#3--23000X--0026_Mito_1.tif,/Users/jason/Desktop/OrganelleClassifyDataset/train/Mito/#3--23000X--0026_Mito_1.tif,faa8c101c4d4d7be
train,Mito,Mito/#3--23000X--0026_Mito_2.tif,/Users/jason/Desktop/OrganelleClassifyDataset/train/Mito/#3--23000X--0026_Mito_2.tif,ea65d525d1ba6870
train,Mito,Mito/#3--23000X--0030_Mito_1.tif,/Users/jason/Desktop/OrganelleClassifyDataset/train/Mito/#3--23000X--0030_Mito_1.tif,f81fd306e31a4738
train,Mito,Mito/#3--23000X--0039_Mito_1.tif,/Users/jason/Desktop/OrganelleClassifyDataset/train/Mito/#3--23000X--0039_Mito_1.tif,a3aac1ccc15dd86d
train,Mito,Mito/#3--23000X--0040_Mito_1.tif,/Users/jason/Desktop/OrganelleClassifyDataset/train/Mito/#3--23000X--0040_Mito_1.tif,88f09401c7f5cf3b
train,Mito,Mito/#3--23000X--0045_Mito_1.tif,/Users/jason/Desktop/OrganelleClassifyDataset/train/Mito/#3--23000X--0045_Mito_1.tif,c63bc4b033c639c7
train,Mito,Mito/#3--23000X--0047_Mito_1.tif,/Users/jason/Desktop/OrganelleClassifyDataset/train/Mito/#3--23000X--0047_Mito_1.tif,fe60e020d2bf893d
train,Mito,Mito/#3--23000X--0048_Mito_1.tif,/Users/jason/Desktop/OrganelleClassifyDataset/train/Mito/#3--23000X--0048_Mito_1.tif,9a6592a7dc966cd0
train,Mito,Mito/#3--23000X--0053_Mito_1.tif,/Users/jason/Desktop/OrganelleClassifyDataset/train/Mito/#3--23000X--0053_Mito_1.tif,fc60b0c8806aff4f
train,Mito,Mito/#3--23000X--0054_Mito_1.tif,/Users/jason/Desktop/OrganelleClassifyDataset/train/Mito/#3--23000X--0054_Mito_1.tif,feb0d4d898c1bf80
train,Mito,Mito/#3--23000X--0062_Mito_1.tif,/Users/jason/Desktop/OrganelleClassifyDataset/train/Mito/#3--23000X--0062_Mito_1.tif,ba02b5350f570de3
train,Mito,Mito/#3--23000X--0065_Mito_1.tif,/Users/jason/Desktop/OrganelleClassifyDataset/train/Mito/#3--23000X--0065_Mito_1.tif,ad02b5b552ad5a8b
train,Mito,Mito/#3--23000X--0072_Mito_1.tif,/Users/jason/Desktop/OrganelleClassifyDataset/train/Mito/#3--23000X--0072_Mito_1.tif,a0033d9b1ff44ed2
train,Mito,Mito/#3--23000X--0074_Mito_1.tif,/Users/jason/Desktop/OrganelleClassifyDataset/train/Mito/#3--23000X--0074_Mito_1.tif,a8bcf0be93179318
train,Mito,Mito/#3--23000X--0077_Mito_1.tif,/Users/jason/Desktop/OrganelleClassifyDataset/train/Mito/#3--23000X--0077_Mito_1.tif,e00ff01b957997e0
train,Mito,Mito/#3--23000X--0080_Mito_1.tif,/Users/jason/Desktop/OrganelleClassifyDataset/train/Mito/#3--23000X--0080_Mito_1.tif,aa9d859c8a19df29
train,Mito,Mito/#3--23000X--0083_Mito_1.tif,/Users/jason/Desktop/OrganelleClassifyDataset/train/Mito/#3--23000X--0083_Mito_1.tif,fa37814c7f0b14b2
train,Mito,Mito/10-N--23000X--0009_Mito_1.tif,/Users/jason/Desktop/OrganelleClassifyDataset/train/Mito/10-N--23000X--0009_Mito_1.tif,b3e2c0a28369d76e
train,Mito,Mito/10-N--23000X--0025_Mito_1.tif,/Users/jason/Desktop/OrganelleClassifyDataset/train/Mito/10-N--23000X--0025_Mito_1.tif,ef40d04d87a4db3c
train,Mito,Mito/10-N--23000X--0025_Mito_2.tif,/Users/jason/Desktop/OrganelleClassifyDataset/train/Mito/10-N--23000X--0025_Mito_2.tif,ee17b0bd91158e15
train,Mito,Mito/13-R-A--18500X--0009_Mito_1.tif,/Users/jason/Desktop/OrganelleClassifyDataset/train/Mito/13-R-A--18500X--0009_Mito_1.tif,feea840597e403ae
train,Mito,Mito/13-R-A--18500X--0010_Mito_1.tif,/Users/jason/Desktop/OrganelleClassifyDataset/train/Mito/13-R-A--18500X--0010_Mito_1.tif,beb690d2da01f989
train,Mito,Mito/13-R-A--18500X--0011_Mito_1.tif,/Users/jason/Desktop/OrganelleClassifyDataset/train/Mito/13-R-A--18500X--0011_Mito_1.tif,a813c5b7c694ce9c
train,Mito,Mito/13-R-B--18500X--0008_Mito_1.tif,/Users/jason/Desktop/OrganelleClassifyDataset/train/Mito/13-R-B--18500X--0008_Mito_1.tif,eda485085a7bb5e2
train,Mito,Mito/13-R-B--18500X--0012_Mito_1.tif,/Users/jason/Desktop/OrganelleClassifyDataset/train/Mito/13-R-B--18500X--0012_Mito_1.tif,b8359360da2f432f
train,Mito,Mito/13-R-B--18500X--0013_Mito_1.tif,/Users/jason/Desktop/OrganelleClassifyDataset/train/Mito/13-R-B--18500X--0013_Mito_1.tif,a0fd83d8c258de1d
train,Mito,Mito/13-R-B--18500X--0013_Mito_2.tif,/Users/jason/Desktop/OrganelleClassifyDataset/train/Mito/13-R-B--18500X--0013_Mito_2.tif,ed5ac3688464cee3
train,Mito,Mito/169--30000X--0045_Mito_1.tif,/Users/jason/Desktop/OrganelleClassifyDataset/train/Mito/169--30000X--0045_Mito_1.tif,fbeff934c1740012
train,Mito,Mito/169--30000X--0049_Mito_1.tif,/Users/jason/Desktop/OrganelleClassifyDataset/train/Mito/169--30000X--0049_Mito_1.tif,fa62843fce38e0a3
train,Mito,Mito/169--68000X--0071_Mito_1.tif,/Users/jason/Desktop/OrganelleClassifyDataset/train/Mito/169--68000X--0071_Mito_1.tif,e5e97a55c686b814
train,Mito,Mito/169--68000X--0073_Mito_1.tif,/Users/jason/Desktop/OrganelleClassifyDataset/train/Mito/169--68000X--0073_Mito_1.tif,fb4bc06d87349e90
train,Mito,Mito/169--68000X--0077_Mito_1.tif,/Users/jason/Desktop/OrganelleClassifyDataset/train/Mito/169--68000X--0077_Mito_1.tif,fac0912f9a7cd0f0
train,Mito,Mito/169--68000X--0079_Mito_1.tif,/Users/jason/Desktop/OrganelleClassifyDataset/train/Mito/169--68000X--0079_Mito_1.tif,e7a19877d8788dc0
train,Mito,Mito/169--68000X--0080_Mito_1.tif,/Users/jason/Desktop/OrganelleClassifyDataset/train/Mito/169--68000X--0080_Mito_1.tif,ee0ef47a92e19b01
train,Mito,Mito/169--68000X--0081_Mito_1.tif,/Users/jason/Desktop/OrganelleClassifyDataset/train/Mito/169--68000X--0081_Mito_1.tif,ff18d00b807973f8
train,Mito,Mito/231--18500X--0007_Mito_1.tif,/Users/jason/Desktop/OrganelleClassifyDataset/train/Mito/231--18500X--0007_Mito_1.tif,a9e0fce082af9b49
train,Mito,Mito/30--49000X--0014_Mito_1.tif,/Users/jason/Desktop/OrganelleClassifyDataset/train/Mito/30--49000X--0014_Mito_1.tif,e81ec59882caafab
train,Mito,Mito/37--23000X--0002_Mito_1.tif,/Users/jason/Desktop/OrganelleClassifyDataset/train/Mito/37--23000X--0002_Mito_1.tif,af9181b1c220dbef
train,Mito,Mito/37--23000X--0002_Mito_2.tif,/Users/jason/Desktop/OrganelleClassifyDataset/train/Mito/37--23000X--0002_Mito_2.tif,fabc8300b251d8fd
train,Mito,Mito/42--30000X--0012_Mito_1.tif,/Users/jason/Desktop/OrganelleClassifyDataset/train/Mito/42--30000X--0012_Mito_1.tif,ffa194c028cae33d
train,Mito,Mito/42--30000X--0019_Mito_1.tif,/Users/jason/Desktop/OrganelleClassifyDataset/train/Mito/42--30000X--0019_Mito_1.tif,fe85d5aecc148b21
train,Mito,Mito/43--23000X--0009_Mito_1.tif,/Users/jason/Desktop/OrganelleClassifyDataset/train/Mito/43--23000X--0009_Mito_1.tif,f11c9e019e2d13fc
train,Mito,Mito/43--23000X--0011_Mito_1.tif,/Users/jason/Desktop/OrganelleClassifyDataset/train/Mito/43--23000X--0011_Mito_1.tif,fc89d5b4c890cd5a
train,Mito,Mito/43--30000X--0005_Mito_1.tif,/Users/jason/Desktop/OrganelleClassifyDataset/train/Mito/43--30000X--0005_Mito_1.tif,f8fd8ba0d426c1e4
train,Mito,Mito/44--18500X--0018_Mito_1.tif,/Users/jason/Desktop/OrganelleClassifyDataset/train/Mito/44--18500X--0018_Mito_1.tif,a06bd3f4c55286ea
train,Mito,Mito/44--18500X--0018_Mito_2.tif,/Users/jason/Desktop/OrganelleClassifyDataset/train/Mito/44--18500X--0018_Mito_2.tif,f5c2cad585f1dc08
train,Mito,Mito/44--18500X--0019_Mito_1.tif,/Users/jason/Desktop/OrganelleClassifyDataset/train/Mito/44--18500X--0019_Mito_1.tif,fff7d41a8509014d
train,Mito,Mito/44--23000X--0010_Mito_1.tif,/Users/jason/Desktop/OrganelleClassifyDataset/train/Mito/44--23000X--0010_Mito_1.tif,eda5e116c117ce1a
train,Mito,Mito/44--23000X--0013_Mito_1.tif,/Users/jason/Desktop/OrganelleClassifyDataset/train/Mito/44--23000X--0013_Mito_1.tif,aaa184f3c317cb56
train,Mito,Mito/44--23000X--0013_Mito_2.tif,/Users/jason/Desktop/OrganelleClassifyDataset/train/Mito/44--23000X--0013_Mito_2.tif,a8aa96d486d6945f
train,Mito,Mito/44--23000X--0015_Mito_1.tif,/Users/jason/Desktop/OrganelleClassifyDataset/train/Mito/44--23000X--0015_Mito_1.tif,a4ef853748b068f3
train,Mito,Mito/44--23000X--0017_Mito_1.tif,/Users/jason/Desktop/OrganelleClassifyDataset/train/Mito/44--23000X--0017_Mito_1.tif,db81d209917b51eb
train,Mito,Mito/45--23000X--0014_Mito_1.tif,/Users/jason/Desktop/OrganelleClassifyDataset/train/Mito/45--23000X--0014_Mito_1.tif,ee8f90251942ed3d
train,Mito,Mito/45--23000X--0015_Mito_1.tif,/Users/jason/Desktop/OrganelleClassifyDataset/train/Mito/45--23000X--0015_Mito_1.tif,e40fa5c05b9f483e
train,Mito,Mito/47--30000X--0016_Mito_1.tif,/Users/jason/Desktop/OrganelleClassifyDataset/train/Mito/47--30000X--0016_Mito_1.tif,aae2819f4eda2e68
train,Mito,Mito/47--30000X--0017_Mito_1.tif,/Users/jason/Desktop/OrganelleClassifyDataset/train/Mito/47--30000X--0017_Mito_1.tif,ff9481e643907a96
train,Mito,Mito/47--30000X--0017_Mito_2.tif,/Users/jason/Desktop/OrganelleClassifyDataset/train/Mito/47--30000X--0017_Mito_2.tif,f8d58698d9702937
train,Mito,Mito/M_J81--11000X--0015_Mito_1.tif,/Users/jason/Desktop/OrganelleClassifyDataset/train/Mito/M_J81--11000X--0015_Mito_1.tif,ee0b9435aaf065c5
train,Mito,Mito/M_J81--11000X--0015_Mito_2.tif,/Users/jason/Desktop/OrganelleClassifyDataset/train/Mito/M_J81--11000X--0015_Mito_2.tif,f57fc311834c4a2e
train,Mito,Mito/M_J81--11000X--0015_Mito_3.tif,/Users/jason/Desktop/OrganelleClassifyDataset/train/Mito/M_J81--11000X--0015_Mito_3.tif,a8e4805f827f9adc
train,Mito,Mito/M_J81--11000X--0018_Mito_1.tif,/Users/jason/Desktop/OrganelleClassifyDataset/train/Mito/M_J81--11000X--0018_Mito_1.tif,ff50e12a863d923c
train,Mito,Mito/M_J81--11000X--0019_Mito_1.tif,/Users/jason/Desktop/OrganelleClassifyDataset/train/Mito/M_J81--11000X--0019_Mito_1.tif,a1a9d0ffcb9e4910
train,Mito,Mito/M_J81--11000X--0020_Mito_1.tif,/Users/jason/Desktop/OrganelleClassifyDataset/train/Mito/M_J81--11000X--0020_Mito_1.tif,f834a0e7827d9e83
train,Mito,Mito/M_J81--11000X--0021_Mito_1.tif,/Users/jason/Desktop/OrganelleClassifyDataset/train/Mito/M_J81--11000X--0021_Mito_1.tif,e10db7249db105fa
train,Mito,Mito/M_J81--11000X--0022_Mito_1.tif,/Users/jason/Desktop/OrganelleClassifyDataset/train/Mito/M_J81--11000X--0022_Mito_1.tif,ab4397707a5070fa
train,Mito,Mito/M_J81--11000X--0024_Mito_1.tif,/Users/jason/Desktop/OrganelleClassifyDataset/train/Mito/M_J81--11000X--0024_Mito_1.tif,fcd0d48a9e548a75
train,Mito,Mito/M_J81--11000X--0024_Mito_2.tif,/Users/jason/Desktop/OrganelleClassifyDataset/train/Mito/M_J81--11000X--0024_Mito_2.tif,ee5aa0dd1e4a2a36
train,Mito,Mito/M_J81--11000X--0025_Mito_1.tif,/Users/jason/Desktop/OrganelleClassifyDataset/train/Mito/M_J81--11000X--0025_Mito_1.tif,bf55317423f4621c
train,Mito,Mito/M_J81--11000X--0025_Mito_4.tif,/Users/jason/Desktop/OrganelleClassifyDataset/train/Mito/M_J81--11000X--0025_Mito_4.tif,87ff80570a52b7c2
train,Mito,Mito/M_J81--11000X--0026_Mito_1.tif,/Users/jason/Desktop/OrganelleClassifyDataset/train/Mito/M_J81--11000X--0026_Mito_1.tif,be41952f5a744935
train,Mito,Mito/M_J81--11000X--0026_Mito_2.tif,/Users/jason/Desktop/OrganelleClassifyDataset/train/Mito/M_J81--11000X--0026_Mito_2.tif,b0bea12e21d60dee
train,Mito,Mito/M_J81--11000X--0027_Mito_1.tif,/Users/jason/Desktop/OrganelleClassifyDataset/train/Mito/M_J81--11000X--0027_Mito_1.tif,bcb2a092f27187da
train,Mito,Mito/M_J81--30000X--0031_Mito_1.tif,/Users/jason/Desktop/OrganelleClassifyDataset/train/Mito/M_J81--30000X--0031_Mito_1.tif,fdc2947d93206a27
train,Mito,Mito/M_J81--30000X--0032_Mito_1.tif,/Users/jason/Desktop/OrganelleClassifyDataset/train/Mito/M_J81--30000X--0032_Mito_1.tif,fbb48105ad0ecdb8
train,Mito,Mito/M_J81--30000X--0063_Mito_1.tif,/Users/jason/Desktop/OrganelleClassifyDataset/train/Mito/M_J81--30000X--0063_Mito_1.tif,af52a54ad740ce17
train,Mito,Mito/M_J83--30000X--0044_Mito_1.tif,/Users/jason/Desktop/OrganelleClassifyDataset/train/Mito/M_J83--30000X--0044_Mito_1.tif,ab68b408971e9e7c
train,Mito,Mito/M_J83--30000X--0046_Mito_1.tif,/Users/jason/Desktop/OrganelleClassifyDataset/train/Mito/M_J83--30000X--0046_Mito_1.tif,afca82c94b7625f0
train,Mito,Mito/M_J83--30000X--0047_Mito_1.tif,/Users/jason/Desktop/OrganelleClassifyDataset/train/Mito/M_J83--30000X--0047_Mito_1.tif,b8759735da368838
train,Mito,Mito/M_J83--30000X--0048_Mito_1.tif,/Users/jason/Desktop/OrganelleClassifyDataset/train/Mito/M_J83--30000X--0048_Mito_1.tif,ed74c440ce875ec6
train,Mito,Mito/M_J83--30000X--0051_Mito_1.tif,/Users/jason/Desktop/OrganelleClassifyDataset/train/Mito/M_J83--30000X--0051_Mito_1.tif,ffc9833f74608509
train,Mito,Mito/M_J83--30000X--0052_Mito_1.tif,/Users/jason/Desktop/OrganelleClassifyDataset/train/Mito/M_J83--30000X--0052_Mito_1.tif,bf94a197835aea60
train,Mito,Mito/M_J83--30000X--0054_Mito_1.tif,/Users/jason/Desktop/OrganelleClassifyDataset/train/Mito/M_J83--30000X--0054_Mito_1.tif,b2b9e553c6a5c261
train,Mito,Mito/M_J83--30000X--0059_Mito_1.tif,/Users/jason/Desktop/OrganelleClassifyDataset/train/Mito/M_J83--30000X--0059_Mito_1.tif,f60db116e64e8e94
train,Mito,Mito/M_J83--30000X--0060_Mito_2.tif,/Users/jason/Desktop/OrganelleClassifyDataset/train/Mito/M_J83--30000X--0060_Mito_2.tif,aa37f256c311c94b
train,Mito,Mito/M_J83--30000X--0065_Mito_1.tif,/Users/jason/Desktop/OrganelleClassifyDataset/train/Mito/M_J83--30000X--0065_Mito_1.tif,de58f9dcda84c940
train,Mito,Mito/M_J83--30000X--0069_Mito_1.tif,/Users/jason/Desktop/OrganelleClassifyDataset/train/Mito/M_J83--30000X--0069_Mito_1.tif,ab27807bd96cbc84
train,Mito,Mito/Q3--11000X--0008_Mito_1.tif,/Users/jason/Desktop/OrganelleClassifyDataset/train/Mito/Q3--11000X--0008_Mito_1.tif,a94ac2bc8ebe0d78
train,Mito,Mito/Q3--11000X--0008_Mito_2.tif,/Users/jason/Desktop/OrganelleClassifyDataset/train/Mito/Q3--11000X--0008_Mito_2.tif,ebe084859f9f9498
train,Mito,Mito/R3--49000X--0013_Mito_1.tif,/Users/jason/Desktop/OrganelleClassifyDataset/train/Mito/R3--49000X--0013_Mito_1.tif,afaca1a1d6a4d546
train,Mito,Mito/R3--49000X--0020_Mito_1.tif,/Users/jason/Desktop/OrganelleClassifyDataset/train/Mito/R3--49000X--0020_Mito_1.tif,aac681ae8f2d4f0d
train,Mito,Mito/R3--49000X--0022_Mito_1.tif,/Users/jason/Desktop/OrganelleClassifyDataset/train/Mito/R3--49000X--0022_Mito_1.tif,eaf7c4e18e4198c6
train,Mito,Mito/R3--49000X--0022_Mito_2.tif,/Users/jason/Desktop/OrganelleClassifyDataset/train/Mito/R3--49000X--0022_Mito_2.tif,ad95f000c3fcdd68
train,Mito,Mito/R3--49000X--0024_Mito_1.tif,/Users/jason/Desktop/OrganelleClassifyDataset/train/Mito/R3--49000X--0024_Mito_1.tif,ebc1800f967dd03e
train,Mito,Mito/R3--49000X--0024_Mito_2.tif,/Users/jason/Desktop/OrganelleClassifyDataset/train/Mito/R3--49000X--0024_Mito_2.tif,ab01b5c1d29da9b9
train,Mito,Mito/RKO-WT-0--30000X--0013_Mito_1.tif,/Users/jason/Desktop/OrganelleClassifyDataset/train/Mito/RKO-WT-0--30000X--0013_Mito_1.tif,89a338d9648ad3cf
train,Mito,Mito/RKO-WT-0--30000X--0013_Mito_2.tif,/Users/jason/Desktop/OrganelleClassifyDataset/train/Mito/RKO-WT-0--30000X--0013_Mito_2.tif,9ee56cd93225c352
train,Mito,Mito/RKO-WT-0--49000X--0001_Mito_1.tif,/Users/jason/Desktop/OrganelleClassifyDataset/train/Mito/RKO-WT-0--49000X--0001_Mito_1.tif,e336a810b78338df
train,Mito,Mito/RKO-WT-0--49000X--0003_Mito_1.tif,/Users/jason/Desktop/OrganelleClassifyDataset/train/Mito/RKO-WT-0--49000X--0003_Mito_1.tif,f433ea25c148979e
train,Mito,Mito/WT+LA--30000X--0018_Mito_1.tif,/Users/jason/Desktop/OrganelleClassifyDataset/train/Mito/WT+LA--30000X--0018_Mito_1.tif,a9ade01cd26b4b63
train,Mito,Mito/WT+LA--30000X--0022_Mito_1.tif,/Users/jason/Desktop/OrganelleClassifyDataset/train/Mito/WT+LA--30000X--0022_Mito_1.tif,b808946bd3accead
train,Mito,Mito/WT+LA--30000X--0024_Mito_1.tif,/Users/jason/Desktop/OrganelleClassifyDataset/train/Mito/WT+LA--30000X--0024_Mito_1.tif,a9f09259e74e8179
train,Mito,Mito/WT+LA--30000X--0026_Mito_1.tif,/Users/jason/Desktop/OrganelleClassifyDataset/train/Mito/WT+LA--30000X--0026_Mito_1.tif,ea5795d813ca89c5
train,Mito,Mito/WT1--23000X--0016_Mito_1.tif,/Users/jason/Desktop/OrganelleClassifyDataset/train/Mito/WT1--23000X--0016_Mito_1.tif,ae239556917c9b64
train,Mito,Mito/WT1--23000X--0017_Mito_1.tif,/Users/jason/Desktop/OrganelleClassifyDataset/train/Mito/WT1--23000X--0017_Mito_1.tif,aa3cb0bfb215a217
train,Mito,Mito/WT1--23000X--0017_Mito_2.tif,/Users/jason/Desktop/OrganelleClassifyDataset/train/Mito/WT1--23000X--0017_Mito_2.tif,aaabd0398b51ab56
train,Mito,Mito/WT1--23000X--0022_Mito_1.tif,/Users/jason/Desktop/OrganelleClassifyDataset/train/Mito/WT1--23000X--0022_Mito_1.tif,cc13dbc437d94e50
train,Mito,Mito/WT1--23000X--0024_Mito_1.tif,/Users/jason/Desktop/OrganelleClassifyDataset/train/Mito/WT1--23000X--0024_Mito_1.tif,aa5238f0652add67
train,Mito,Mito/WT1--23000X--0025_Mito_1.tif,/Users/jason/Desktop/OrganelleClassifyDataset/train/Mito/WT1--23000X--0025_Mito_1.tif,bbd0d4da83e8c6c1
train,Mito,Mito/WT1--23000X--0026_Mito_1.tif,/Users/jason/Desktop/OrganelleClassifyDataset/train/Mito/WT1--23000X--0026_Mito_1.tif,b84af42bd2ddc5c0
train,Mito,Mito/WT1--23000X--0027_Mito_2.tif,/Users/jason/Desktop/OrganelleClassifyDataset/train/Mito/WT1--23000X--0027_Mito_2.tif,f404f91d094adf69
train,Mito,Mito/WT1--23000X--0029_Mito_2.tif,/Users/jason/Desktop/OrganelleClassifyDataset/train/Mito/WT1--23000X--0029_Mito_2.tif,fa65d049aa07563d
train,Mito,Mito/WT1--23000X--0029_Mito_3.tif,/Users/jason/Desktop/OrganelleClassifyDataset/train/Mito/WT1--23000X--0029_Mito_3.tif,ff10817da70bb416
train,Mito,Mito/WT1--23000X--0029_Mito_4.tif,/Users/jason/Desktop/OrganelleClassifyDataset/train/Mito/WT1--23000X--0029_Mito_4.tif,e8e88f3686e81f49
train,Mito,Mito/WT2--23000X--0002_Mito_1.tif,/Users/jason/Desktop/OrganelleClassifyDataset/train/Mito/WT2--23000X--0002_Mito_1.tif,f51484f8c95fcc16
train,Mito,Mito/WT2--23000X--0002_Mito_2.tif,/Users/jason/Desktop/OrganelleClassifyDataset/train/Mito/WT2--23000X--0002_Mito_2.tif,bd55504aaa29d567
train,Mito,Mito/WT2--23000X--0004_Mito_1.tif,/Users/jason/Desktop/OrganelleClassifyDataset/train/Mito/WT2--23000X--0004_Mito_1.tif,be4c901fc813d769
train,Mito,Mito/WT2--23000X--0005_Mito_1.tif,/Users/jason/Desktop/OrganelleClassifyDataset/train/Mito/WT2--23000X--0005_Mito_1.tif,f50fc532df02c11e
train,Mito,Mito/WT2--23000X--0006_Mito_1.tif,/Users/jason/Desktop/OrganelleClassifyDataset/train/Mito/WT2--23000X--0006_Mito_1.tif,a952c1dae4e6e0e6
train,Mito,Mito/WT2--23000X--0009_Mito_1.tif,/Users/jason/Desktop/OrganelleClassifyDataset/train/Mito/WT2--23000X--0009_Mito_1.tif,afa535951554d2a9
train,Mito,Mito/WT2--23000X--0009_Mito_2.tif,/Users/jason/Desktop/OrganelleClassifyDataset/train/Mito/WT2--23000X--0009_Mito_2.tif,fffbfefc10800009
train,Mito,Mito/WT3--23000X--0012_Mito_1.tif,/Users/jason/Desktop/OrganelleClassifyDataset/train/Mito/WT3--23000X--0012_Mito_1.tif,f037bf412741d16a
train,Mito,Mito/WT3--23000X--0014_Mito_1.tif,/Users/jason/Desktop/OrganelleClassifyDataset/train/Mito/WT3--23000X--0014_Mito_1.tif,d789b919133a16f2
train,Mito,Mito/ZONG_S1_5.27--23000X--0013_Mito_1.tif,/Users/jason/Desktop/OrganelleClassifyDataset/train/Mito/ZONG_S1_5.27--23000X--0013_Mito_1.tif,bf01d45692288b7f
train,Mito,Mito/ZONG_S1_5.27--23000X--0014_Mito_1.tif,/Users/jason/Desktop/OrganelleClassifyDataset/train/Mito/ZONG_S1_5.27--23000X--0014_Mito_1.tif,ee56fc41d61890f8
train,Mito,Mito/ZONG_S1_5.27--23000X--0016_Mito_1.tif,/Users/jason/Desktop/OrganelleClassifyDataset/train/Mito/ZONG_S1_5.27--23000X--0016_Mito_1.tif,99ba12a5abd097aa
train,Mito,Mito/ZONG_S1_5.27--23000X--0021_Mito_1.tif,/Users/jason/Desktop/OrganelleClassifyDataset/train/Mito/ZONG_S1_5.27--23000X--0021_Mito_1.tif,fc5aa3eb8a8086ea
train,Mito,Mito/ZONG_S2_5.27--23000X--0014_Mito_1.tif,/Users/jason/Desktop/OrganelleClassifyDataset/train/Mito/ZONG_S2_5.27--23000X--0014_Mito_1.tif,a191f594dd848ed5
train,Mito,Mito/ZONG_S2_5.27--23000X--0015_Mito_1.tif,/Users/jason/Desktop/OrganelleClassifyDataset/train/Mito/ZONG_S2_5.27--23000X--0015_Mito_1.tif,a956a852a75f8723
train,Mito,Mito/ZONG_S2_5.27--23000X--0015_Mito_2.tif,/Users/jason/Desktop/OrganelleClassifyDataset/train/Mito/ZONG_S2_5.27--23000X--0015_Mito_2.tif,e26e85f08f30bc39
train,Mito,Mito/ZONG_S2_5.27--23000X--0016_Mito_2.tif,/Users/jason/Desktop/OrganelleClassifyDataset/train/Mito/ZONG_S2_5.27--23000X--0016_Mito_2.tif,ee4bce0fc7618e20
train,Mito,Mito/ZONG_S2_5.27--23000X--0017_Mito_1.tif,/Users/jason/Desktop/OrganelleClassifyDataset/train/Mito/ZONG_S2_5.27--23000X--0017_Mito_1.tif,aaafc01f431a0b7e
train,Mito,Mito/ZONG_S2_5.27--23000X--0018_Mito_1.tif,/Users/jason/Desktop/OrganelleClassifyDataset/train/Mito/ZONG_S2_5.27--23000X--0018_Mito_1.tif,fa80c1ef03fcfc80
train,Mito,Mito/ZONG_S2_5.27--23000X--0021_Mito_1.tif,/Users/jason/Desktop/OrganelleClassifyDataset/train/Mito/ZONG_S2_5.27--23000X--0021_Mito_1.tif,86037c3e34abd333
train,Mito,Mito/ZONG_S2_5.27--23000X--0022_Mito_1.tif,/Users/jason/Desktop/OrganelleClassifyDataset/train/Mito/ZONG_S2_5.27--23000X--0022_Mito_1.tif,f60df00dd20efa58
train,Mito,Mito/ZONG_S2_5.27--23000X--0022_Mito_2.tif,/Users/jason/Desktop/OrganelleClassifyDataset/train/Mito/ZONG_S2_5.27--23000X--0022_Mito_2.tif,eb28cb3ad931a22b
train,Mito,Mito/ZONG_S3_5.27--23000X--0006_Mito_1.tif,/Users/jason/Desktop/OrganelleClassifyDataset/train/Mito/ZONG_S3_5.27--23000X--0006_Mito_1.tif,af8785af84ad828d
train,Mito,Mito/ZONG_S3_5.27--23000X--0008_Mito_1.tif,/Users/jason/Desktop/OrganelleClassifyDataset/train/Mito/ZONG_S3_5.27--23000X--0008_Mito_1.tif,a23ec31cd11dd31d
train,Mito,Mito/ZONG_S3_5.27--23000X--0009_Mito_1.tif,/Users/jason/Desktop/OrganelleClassifyDataset/train/Mito/ZONG_S3_5.27--23000X--0009_Mito_1.tif,ae55f4b9c4a1968a
train,Mito,Mito/ZONG_S3_5.27--23000X--0012_Mito_1.tif,/Users/jason/Desktop/OrganelleClassifyDataset/train/Mito/ZONG_S3_5.27--23000X--0012_Mito_1.tif,eb5ac19087c99697
train,Mito,Mito/ZONG_S3_5.27--23000X--0012_Mito_2.tif,/Users/jason/Desktop/OrganelleClassifyDataset/train/Mito/ZONG_S3_5.27--23000X--0012_Mito_2.tif,ac2bd0154b9331df
train,Mito,Mito/ZONG_S3_5.27--23000X--0013_Mito_1.tif,/Users/jason/Desktop/OrganelleClassifyDataset/train/Mito/ZONG_S3_5.27--23000X--0013_Mito_1.tif,b362c45f8590f51d
train,Mito,Mito/ZONG_S3_5.27--23000X--0016_Mito_1.tif,/Users/jason/Desktop/OrganelleClassifyDataset/train/Mito/ZONG_S3_5.27--23000X--0016_Mito_1.tif,bf4df4afc09580b0
train,Mito,Mito/ZONG_S3_5.27--23000X--0016_Mito_2.tif,/Users/jason/Desktop/OrganelleClassifyDataset/train/Mito/ZONG_S3_5.27--23000X--0016_Mito_2.tif,fa00c1748fd2dec3
train,Mito,Mito/ZONG_S3_5.27--23000X--0016_Mito_3.tif,/Users/jason/Desktop/OrganelleClassifyDataset/train/Mito/ZONG_S3_5.27--23000X--0016_Mito_3.tif,f448c347c2459fad
train,Mito,Mito/ZONG_S3_5.27--23000X--0016_Mito_4.tif,/Users/jason/Desktop/OrganelleClassifyDataset/train/Mito/ZONG_S3_5.27--23000X--0016_Mito_4.tif,e0171ee2d9f8850f
train,Mito,Mito/ZONG_S3_5.27--23000X--0018_Mito_1.tif,/Users/jason/Desktop/OrganelleClassifyDataset/train/Mito/ZONG_S3_5.27--23000X--0018_Mito_1.tif,e877c4ab172a0a6b
train,Mito,Mito/ZONG_S3_5.27--23000X--0018_Mito_2.tif,/Users/jason/Desktop/OrganelleClassifyDataset/train/Mito/ZONG_S3_5.27--23000X--0018_Mito_2.tif,be02d436ed5a18d9
train,Mito,Mito/ZONG_S3_5.27--23000X--0018_Mito_3.tif,/Users/jason/Desktop/OrganelleClassifyDataset/train/Mito/ZONG_S3_5.27--23000X--0018_Mito_3.tif,b6eb82d693808c9f
train,Mito,Mito/ZONG_S3_5.27--23000X--0019_Mito_2.tif,/Users/jason/Desktop/OrganelleClassifyDataset/train/Mito/ZONG_S3_5.27--23000X--0019_Mito_2.tif,b510de75bdb01856
train,Mito,Mito/ZONG_S3_5.27--23000X--0020_Mito_1.tif,/Users/jason/Desktop/OrganelleClassifyDataset/train/Mito/ZONG_S3_5.27--23000X--0020_Mito_1.tif,be0dd40e805f8bda
train,Mito,Mito/ZONG_S3_5.27--23000X--0022_Mito_1.tif,/Users/jason/Desktop/OrganelleClassifyDataset/train/Mito/ZONG_S3_5.27--23000X--0022_Mito_1.tif,a97ea55a95508379
train,Mito,Mito/ZONG_S3_5.27--23000X--0023_Mito_1.tif,/Users/jason/Desktop/OrganelleClassifyDataset/train/Mito/ZONG_S3_5.27--23000X--0023_Mito_1.tif,a357859f84adc21d
train,Mito,Mito/ZONG_S3_5.27--23000X--0023_Mito_2.tif,/Users/jason/Desktop/OrganelleClassifyDataset/train/Mito/ZONG_S3_5.27--23000X--0023_Mito_2.tif,db0b900fb42b45d7
train,Mito,Mito/ZONG_S3_5.27--23000X--0023_Mito_3.tif,/Users/jason/Desktop/OrganelleClassifyDataset/train/Mito/ZONG_S3_5.27--23000X--0023_Mito_3.tif,b197d1d388ebad08
train,Mito,Mito/ZONG_S3_5.27--23000X--0025_Mito_1.tif,/Users/jason/Desktop/OrganelleClassifyDataset/train/Mito/ZONG_S3_5.27--23000X--0025_Mito_1.tif,ab5ea36a55a150ad
train,Mito,Mito/m_j76--11000X--0026_Mito_1.tif,/Users/jason/Desktop/OrganelleClassifyDataset/train/Mito/m_j76--11000X--0026_Mito_1.tif,fe05d056c22fb954
train,Mito,Mito/m_j76--30000X--0029_Mito_1.tif,/Users/jason/Desktop/OrganelleClassifyDataset/train/Mito/m_j76--30000X--0029_Mito_1.tif,fa60dc2dda958915
train,Mito,Mito/m_j76--30000X--0036_Mito_1.tif,/Users/jason/Desktop/OrganelleClassifyDataset/train/Mito/m_j76--30000X--0036_Mito_1.tif,fab2b02ae18d935a
train,Mito,Mito/m_j76--30000X--0036_Mito_2.tif,/Users/jason/Desktop/OrganelleClassifyDataset/train/Mito/m_j76--30000X--0036_Mito_2.tif,aba491adc30d5de4
train,Mito,Mito/m_j76--30000X--0048_Mito_1.tif,/Users/jason/Desktop/OrganelleClassifyDataset/train/Mito/m_j76--30000X--0048_Mito_1.tif,fc3d24a6b30887d9
train,Mito,Mito/wt-7--13000X--0135_Mito_1.tif,/Users/jason/Desktop/OrganelleClassifyDataset/train/Mito/wt-7--13000X--0135_Mito_1.tif,af7da5ae0024cbd8
train,Mito,Mito/wt-7--13000X--0135_Mito_2.tif,/Users/jason/Desktop/OrganelleClassifyDataset/train/Mito/wt-7--13000X--0135_Mito_2.tif,a02bf1625ba15fe2
train,Mito,Mito/wt-7--13000X--0135_Mito_3.tif,/Users/jason/Desktop/OrganelleClassifyDataset/train/Mito/wt-7--13000X--0135_Mito_3.tif,d3e86de0e08339e5
train,Mito,Mito/wt-7--13000X--0135_Mito_4.tif,/Users/jason/Desktop/OrganelleClassifyDataset/train/Mito/wt-7--13000X--0135_Mito_4.tif,de076891e46986bb
train,Mito,Mito/wt-7--13000X--0136_Mito_2.tif,/Users/jason/Desktop/OrganelleClassifyDataset/train/Mito/wt-7--13000X--0136_Mito_2.tif,f8a3c78e4d90d817
train,Mito,Mito/wt-7--13000X--0136_Mito_3.tif,/Users/jason/Desktop/OrganelleClassifyDataset/train/Mito/wt-7--13000X--0136_Mito_3.tif,bd40b83ea5ecd88c
train,Mito,Mito/wt-7--13000X--0137_Mito_1.tif,/Users/jason/Desktop/OrganelleClassifyDataset/train/Mito/wt-7--13000X--0137_Mito_1.tif,9949a0de8bf49c47
train,Mito,Mito/wt-7--13000X--0137_Mito_2.tif,/Users/jason/Desktop/OrganelleClassifyDataset/train/Mito/wt-7--13000X--0137_Mito_2.tif,b7c38bcf8e4a484a
train,Mito,Mito/wt-7--13000X--0139_Mito_1.tif,/Users/jason/Desktop/OrganelleClassifyDataset/train/Mito/wt-7--13000X--0139_Mito_1.tif,b22b9956d13c8a73
train,Mito,Mito/wt-7--13000X--0140_Mito_1.tif,/Users/jason/Desktop/OrganelleClassifyDataset/train/Mito/wt-7--13000X--0140_Mito_1.tif,aaca90a9d7668753
train,Mito,Mito/wt-7--13000X--0141_Mito_2.tif,/Users/jason/Desktop/OrganelleClassifyDataset/train/Mito/wt-7--13000X--0141_Mito_2.tif,abf530828643dd37
train,Mito,Mito/wt-8--13000X--0034_Mito_1.tif,/Users/jason/Desktop/OrganelleClassifyDataset/train/Mito/wt-8--13000X--0034_Mito_1.tif,b8bfe0cec5984493
train,Mito,Mito/wt-8--13000X--0035_Mito_1.tif,/Users/jason/Desktop/OrganelleClassifyDataset/train/Mito/wt-8--13000X--0035_Mito_1.tif,b572b16bd88fc488
train,Mito,Mito/wt-8--13000X--0035_Mito_2.tif,/Users/jason/Desktop/OrganelleClassifyDataset/train/Mito/wt-8--13000X--0035_Mito_2.tif,be7ad56b51016586
train,Mito,Mito/wt-8--13000X--0035_Mito_3.tif,/Users/jason/Desktop/OrganelleClassifyDataset/train/Mito/wt-8--13000X--0035_Mito_3.tif,a88f96fc50a12b4f
train,Mito,Mito/wt-8--13000X--0036_Mito_1.tif,/Users/jason/Desktop/OrganelleClassifyDataset/train/Mito/wt-8--13000X--0036_Mito_1.tif,fa9581ea98687a47
train,Mito,Mito/wt-8--13000X--0037_Mito_1.tif,/Users/jason/Desktop/OrganelleClassifyDataset/train/Mito/wt-8--13000X--0037_Mito_1.tif,e05f150ede118f56
train,Nucleus,Nucleus/1170--6800X--0005_Nucleus_1.tif,/Users/jason/Desktop/OrganelleClassifyDataset/train/Nucleus/1170--6800X--0005_Nucleus_1.tif,de01e15ea17ad455
train,Nucleus,Nucleus/1170--6800X--0006_Nucleus_1.tif,/Users/jason/Desktop/OrganelleClassifyDataset/train/Nucleus/1170--6800X--0006_Nucleus_1.tif,cb072c2932eea6b9
train,Nucleus,Nucleus/1170--6800X--0011_Nucleus_1.tif,/Users/jason/Desktop/OrganelleClassifyDataset/train/Nucleus/1170--6800X--0011_Nucleus_1.tif,aa51ec2a74a9c679
train,Nucleus,Nucleus/1170--6800X--0012_Nucleus_1.tif,/Users/jason/Desktop/OrganelleClassifyDataset/train/Nucleus/1170--6800X--0012_Nucleus_1.tif,cc16ed2af5b81664
train,Nucleus,Nucleus/C2--9300X--0001_Nucleus_1.tif,/Users/jason/Desktop/OrganelleClassifyDataset/train/Nucleus/C2--9300X--0001_Nucleus_1.tif,dccafe7478748490
train,Nucleus,Nucleus/KW10-3--4800X--0018_Nucleus_1.tif,/Users/jason/Desktop/OrganelleClassifyDataset/train/Nucleus/KW10-3--4800X--0018_Nucleus_1.tif,c2ea28b826ccdfc5
train,Nucleus,Nucleus/KW10-3--4800X--0018_Nucleus_2.tif,/Users/jason/Desktop/OrganelleClassifyDataset/train/Nucleus/KW10-3--4800X--0018_Nucleus_2.tif,96742dc951ad8b36
train,Nucleus,Nucleus/KW10-3--4800X--0018_Nucleus_3.tif,/Users/jason/Desktop/OrganelleClassifyDataset/train/Nucleus/KW10-3--4800X--0018_Nucleus_3.tif,cd1e31818566fe99
train,Nucleus,Nucleus/KW10-3--4800X--0021_Nucleus_1.tif,/Users/jason/Desktop/OrganelleClassifyDataset/train/Nucleus/KW10-3--4800X--0021_Nucleus_1.tif,ab5ae33cc12dc23a
train,Nucleus,Nucleus/KW10-3--4800X--0021_Nucleus_2.tif,/Users/jason/Desktop/OrganelleClassifyDataset/train/Nucleus/KW10-3--4800X--0021_Nucleus_2.tif,8a1f65cb30aad1bc
train,Nucleus,Nucleus/KW10-3--4800X--0022_Nucleus_1.tif,/Users/jason/Desktop/OrganelleClassifyDataset/train/Nucleus/KW10-3--4800X--0022_Nucleus_1.tif,a0a42c95b5b3d67a
train,Nucleus,Nucleus/KW10-3--4800X--0024_Nucleus_1.tif,/Users/jason/Desktop/OrganelleClassifyDataset/train/Nucleus/KW10-3--4800X--0024_Nucleus_1.tif,8affa1f8d4c44a85
train,Nucleus,Nucleus/KW10-3--4800X--0025_Nucleus_1.tif,/Users/jason/Desktop/OrganelleClassifyDataset/train/Nucleus/KW10-3--4800X--0025_Nucleus_1.tif,ed54960c4dcf930e
train,Nucleus,Nucleus/KW10-3--4800X--0026_Nucleus_1.tif,/Users/jason/Desktop/OrganelleClassifyDataset/train/Nucleus/KW10-3--4800X--0026_Nucleus_1.tif,bf4fb10492c49aea
train,Nucleus,Nucleus/KW10-3--4800X--0028_Nucleus_1.tif,/Users/jason/Desktop/OrganelleClassifyDataset/train/Nucleus/KW10-3--4800X--0028_Nucleus_1.tif,fbf9819e805a8879
train,Nucleus,Nucleus/KW10-3--4800X--0030_Nucleus_1.tif,/Users/jason/Desktop/OrganelleClassifyDataset/train/Nucleus/KW10-3--4800X--0030_Nucleus_1.tif,d73778467149e41c
train,Nucleus,Nucleus/KW10-3--4800X--0031_Nucleus_1.tif,/Users/jason/Desktop/OrganelleClassifyDataset/train/Nucleus/KW10-3--4800X--0031_Nucleus_1.tif,d0c36f1f617c16a1
train,Nucleus,Nucleus/KW10-3--4800X--0031_Nucleus_2.tif,/Users/jason/Desktop/OrganelleClassifyDataset/train/Nucleus/KW10-3--4800X--0031_Nucleus_2.tif,c4682b9736dcf0d8
train,Nucleus,Nucleus/KW10-3--4800X--0032_Nucleus_1.tif,/Users/jason/Desktop/OrganelleClassifyDataset/train/Nucleus/KW10-3--4800X--0032_Nucleus_1.tif,857478e153af42ae
train,Nucleus,Nucleus/KW10-3--4800X--0032_Nucleus_2.tif,/Users/jason/Desktop/OrganelleClassifyDataset/train/Nucleus/KW10-3--4800X--0032_Nucleus_2.tif,dd5a3d026a0bc79c
train,Nucleus,Nucleus/KW10-3--4800X--0032_Nucleus_3.tif,/Users/jason/Desktop/OrganelleClassifyDataset/train/Nucleus/KW10-3--4800X--0032_Nucleus_3.tif,c47c6d93339293cc
train,Nucleus,Nucleus/KW10-3--4800X--0034_Nucleus_1.tif,/Users/jason/Desktop/OrganelleClassifyDataset/train/Nucleus/KW10-3--4800X--0034_Nucleus_1.tif,f61358de21629dd8
train,Nucleus,Nucleus/KW10-3--4800X--0035_Nucleus_1.tif,/Users/jason/Desktop/OrganelleClassifyDataset/train/Nucleus/KW10-3--4800X--0035_Nucleus_1.tif,88013a156bbf57ec
train,Nucleus,Nucleus/KW10-3--4800X--0035_Nucleus_2.tif,/Users/jason/Desktop/OrganelleClassifyDataset/train/Nucleus/KW10-3--4800X--0035_Nucleus_2.tif,c245273c7b99d585
train,Nucleus,Nucleus/KW10-3--4800X--0037_Nucleus_1.tif,/Users/jason/Desktop/OrganelleClassifyDataset/train/Nucleus/KW10-3--4800X--0037_Nucleus_1.tif,98150fb63917969e
train,Nucleus,Nucleus/KW10-3--4800X--0038_Nucleus_1.tif,/Users/jason/Desktop/OrganelleClassifyDataset/train/Nucleus/KW10-3--4800X--0038_Nucleus_1.tif,f64e216a0a2bc5f3
train,Nucleus,Nucleus/KW10-3--4800X--0038_Nucleus_2.tif,/Users/jason/Desktop/OrganelleClassifyDataset/train/Nucleus/KW10-3--4800X--0038_Nucleus_2.tif,fc10f64dd2b4c13a
train,Nucleus,Nucleus/KW10-3--6800X--0061_Nucleus_1.tif,/Users/jason/Desktop/OrganelleClassifyDataset/train/Nucleus/KW10-3--6800X--0061_Nucleus_1.tif,80fdb4fcd2f0da80
train,Nucleus,Nucleus/R5-DAB--11000X--0009_Nucleus_1.tif,/Users/jason/Desktop/OrganelleClassifyDataset/train/Nucleus/R5-DAB--11000X--0009_Nucleus_1.tif,ee4085727e8f16e1
train,Nucleus,Nucleus/RKO-SEP-0--6800X--0001_Nucleus_1.tif,/Users/jason/Desktop/OrganelleClassifyDataset/train/Nucleus/RKO-SEP-0--6800X--0001_Nucleus_1.tif,e219996770dcc5c3
train,Nucleus,Nucleus/RKO-SEP-0--6800X--0002_Nucleus_1.tif,/Users/jason/Desktop/OrganelleClassifyDataset/train/Nucleus/RKO-SEP-0--6800X--0002_Nucleus_1.tif,ea092d2cb2ea8bb9
train,Nucleus,Nucleus/RKO-SEP-0--6800X--0003_Nucleus_1.tif,/Users/jason/Desktop/OrganelleClassifyDataset/train/Nucleus/RKO-SEP-0--6800X--0003_Nucleus_1.tif,dc7df6c130186365
train,Nucleus,Nucleus/RKO-SEP-0--6800X--0004_Nucleus_1.tif,/Users/jason/Desktop/OrganelleClassifyDataset/train/Nucleus/RKO-SEP-0--6800X--0004_Nucleus_1.tif,ce6f6aaca328b541
train,Nucleus,Nucleus/RKO-SEP-0--6800X--0008_Nucleus_1.tif,/Users/jason/Desktop/OrganelleClassifyDataset/train/Nucleus/RKO-SEP-0--6800X--0008_Nucleus_1.tif,e619e49cd1634d2e
train,Nucleus,Nucleus/RKO-SEP-3--6800X--0003_Nucleus_1.tif,/Users/jason/Desktop/OrganelleClassifyDataset/train/Nucleus/RKO-SEP-3--6800X--0003_Nucleus_1.tif,ba05ae5aa1cb3663
train,Nucleus,Nucleus/RKO-SEP-3--6800X--0005_Nucleus_1.tif,/Users/jason/Desktop/OrganelleClassifyDataset/train/Nucleus/RKO-SEP-3--6800X--0005_Nucleus_1.tif,9f2de0e13838d26e
train,Nucleus,Nucleus/RKO-SEP-3--6800X--0006_Nucleus_1.tif,/Users/jason/Desktop/OrganelleClassifyDataset/train/Nucleus/RKO-SEP-3--6800X--0006_Nucleus_1.tif,f867c7123c69b08b
train,Nucleus,Nucleus/RKO-SEP-3--6800X--0007_Nucleus_1.tif,/Users/jason/Desktop/OrganelleClassifyDataset/train/Nucleus/RKO-SEP-3--6800X--0007_Nucleus_1.tif,a74bba34cd332346
train,Nucleus,Nucleus/RKO-SEP-9--6800X--0001_Nucleus_1.tif,/Users/jason/Desktop/OrganelleClassifyDataset/train/Nucleus/RKO-SEP-9--6800X--0001_Nucleus_1.tif,f161cecc2464cd9b
train,Nucleus,Nucleus/RKO-SEP-9--6800X--0002_Nucleus_1.tif,/Users/jason/Desktop/OrganelleClassifyDataset/train/Nucleus/RKO-SEP-9--6800X--0002_Nucleus_1.tif,8a2aab30aff081f7
train,Nucleus,Nucleus/RKO-SEP-9--6800X--0006_Nucleus_2.tif,/Users/jason/Desktop/OrganelleClassifyDataset/train/Nucleus/RKO-SEP-9--6800X--0006_Nucleus_2.tif,ad4ab4122bcba46f
train,Nucleus,Nucleus/RKO-WT-0--6800X--0003_Nucleus_1.tif,/Users/jason/Desktop/OrganelleClassifyDataset/train/Nucleus/RKO-WT-0--6800X--0003_Nucleus_1.tif,acedba91e08ab2e8
train,Nucleus,Nucleus/RKO-WT-0--6800X--0004_Nucleus_1.tif,/Users/jason/Desktop/OrganelleClassifyDataset/train/Nucleus/RKO-WT-0--6800X--0004_Nucleus_1.tif,a2f3aae5a1b5a494
train,Nucleus,Nucleus/RKO-WT-0--6800X--0005_Nucleus_1.tif,/Users/jason/Desktop/OrganelleClassifyDataset/train/Nucleus/RKO-WT-0--6800X--0005_Nucleus_1.tif,9f653090f2da474b
train,Nucleus,Nucleus/RKO-WT-0--6800X--0006_Nucleus_1.tif,/Users/jason/Desktop/OrganelleClassifyDataset/train/Nucleus/RKO-WT-0--6800X--0006_Nucleus_1.tif,a658b96275aa7629
train,Nucleus,Nucleus/RKO-WT-0--6800X--0007_Nucleus_1.tif,/Users/jason/Desktop/OrganelleClassifyDataset/train/Nucleus/RKO-WT-0--6800X--0007_Nucleus_1.tif,aba2b559d4c07ad2
train,Nucleus,Nucleus/RKO-WT-3--6800X--0001_Nucleus_1.tif,/Users/jason/Desktop/OrganelleClassifyDataset/train/Nucleus/RKO-WT-3--6800X--0001_Nucleus_1.tif,b23dcee3a02a349d
train,Nucleus,Nucleus/RKO-WT-3--6800X--0002_Nucleus_1.tif,/Users/jason/Desktop/OrganelleClassifyDataset/train/Nucleus/RKO-WT-3--6800X--0002_Nucleus_1.tif,e2549e13b950776c
train,Nucleus,Nucleus/RKO-WT-3--6800X--0003_Nucleus_1.tif,/Users/jason/Desktop/OrganelleClassifyDataset/train/Nucleus/RKO-WT-3--6800X--0003_Nucleus_1.tif,ff017f04ec0cfa88
train,Nucleus,Nucleus/RKO-WT-3--6800X--0004_Nucleus_1.tif,/Users/jason/Desktop/OrganelleClassifyDataset/train/Nucleus/RKO-WT-3--6800X--0004_Nucleus_1.tif,e97b2ab6b0696251
train,Nucleus,Nucleus/RKO-WT-3--6800X--0007_Nucleus_1.tif,/Users/jason/Desktop/OrganelleClassifyDataset/train/Nucleus/RKO-WT-3--6800X--0007_Nucleus_1.tif,ec330e713c87a85e
train,Nucleus,Nucleus/RKO-WT-9--6800X--0005_Nucleus_1.tif,/Users/jason/Desktop/OrganelleClassifyDataset/train/Nucleus/RKO-WT-9--6800X--0005_Nucleus_1.tif,ff78ffec30310081
train,Nucleus,Nucleus/RKO-WT-9--6800X--0006_Nucleus_1.tif,/Users/jason/Desktop/OrganelleClassifyDataset/train/Nucleus/RKO-WT-9--6800X--0006_Nucleus_1.tif,ad52a56a74c5629d
train,Nucleus,Nucleus/RKO-WT-9--6800X--0007_Nucleus_1.tif,/Users/jason/Desktop/OrganelleClassifyDataset/train/Nucleus/RKO-WT-9--6800X--0007_Nucleus_1.tif,f700f837f80d205f
train,Nucleus,Nucleus/RKO-WT-9--6800X--0008_Nucleus_1.tif,/Users/jason/Desktop/OrganelleClassifyDataset/train/Nucleus/RKO-WT-9--6800X--0008_Nucleus_1.tif,fa78eec03020e3f3
train,Nucleus,Nucleus/WT+LA--6800X--0009_Nucleus_1.tif,/Users/jason/Desktop/OrganelleClassifyDataset/train/Nucleus/WT+LA--6800X--0009_Nucleus_1.tif,893d3cb7a461a1ce
train,Nucleus,Nucleus/c3--11000X--0009_Nucleus_1.tif,/Users/jason/Desktop/OrganelleClassifyDataset/train/Nucleus/c3--11000X--0009_Nucleus_1.tif,9a08654fb3c7983e
train,Nucleus,Nucleus/kw10-1--6800X--0013_Nucleus_1.tif,/Users/jason/Desktop/OrganelleClassifyDataset/train/Nucleus/kw10-1--6800X--0013_Nucleus_1.tif,aae6b5f884b38692
train,Nucleus,Nucleus/kw10-1--6800X--0015_Nucleus_1.tif,/Users/jason/Desktop/OrganelleClassifyDataset/train/Nucleus/kw10-1--6800X--0015_Nucleus_1.tif,db71e87da4f00961
train,Nucleus,Nucleus/kw10-1--6800X--0016_Nucleus_1.tif,/Users/jason/Desktop/OrganelleClassifyDataset/train/Nucleus/kw10-1--6800X--0016_Nucleus_1.tif,b7e019e207cdc786
train,Nucleus,Nucleus/kw10-1--6800X--0026_Nucleus_1.tif,/Users/jason/Desktop/OrganelleClassifyDataset/train/Nucleus/kw10-1--6800X--0026_Nucleus_1.tif,90037b4bedbcd930
train,Nucleus,Nucleus/kw10-1--6800X--0031_Nucleus_1.tif,/Users/jason/Desktop/OrganelleClassifyDataset/train/Nucleus/kw10-1--6800X--0031_Nucleus_1.tif,9e1872ad33ee14e1
train,Nucleus,Nucleus/kw10-1--6800X--0033_Nucleus_1.tif,/Users/jason/Desktop/OrganelleClassifyDataset/train/Nucleus/kw10-1--6800X--0033_Nucleus_1.tif,d1383b5a67c35c64
train,Nucleus,Nucleus/kw10-1--6800X--0039_Nucleus_1.tif,/Users/jason/Desktop/OrganelleClassifyDataset/train/Nucleus/kw10-1--6800X--0039_Nucleus_1.tif,afcff4c012059a97
train,Nucleus,Nucleus/kw10-1--6800X--0044_Nucleus_1.tif,/Users/jason/Desktop/OrganelleClassifyDataset/train/Nucleus/kw10-1--6800X--0044_Nucleus_1.tif,be88716dc49c8aec
train,Nucleus,Nucleus/kw10-1--6800X--0061_Nucleus_1.tif,/Users/jason/Desktop/OrganelleClassifyDataset/train/Nucleus/kw10-1--6800X--0061_Nucleus_1.tif,8d123eae552d4f45
train,Nucleus,Nucleus/kw10-1--6800X--0064_Nucleus_1.tif,/Users/jason/Desktop/OrganelleClassifyDataset/train/Nucleus/kw10-1--6800X--0064_Nucleus_1.tif,b7aa7a65f9a38014
train,Nucleus,Nucleus/kw10-2--6800X--0007_Nucleus_1.tif,/Users/jason/Desktop/OrganelleClassifyDataset/train/Nucleus/kw10-2--6800X--0007_Nucleus_1.tif,b47a792b640cd86e
train,Nucleus,Nucleus/kw10-2--6800X--0011_Nucleus_1.tif,/Users/jason/Desktop/OrganelleClassifyDataset/train/Nucleus/kw10-2--6800X--0011_Nucleus_1.tif,851b1c6efb9db030
train,Nucleus,Nucleus/kw10-2--6800X--0018_Nucleus_1.tif,/Users/jason/Desktop/OrganelleClassifyDataset/train/Nucleus/kw10-2--6800X--0018_Nucleus_1.tif,c719796592a6a4ae
train,Nucleus,Nucleus/kw10-2--6800X--0019_Nucleus_1.tif,/Users/jason/Desktop/OrganelleClassifyDataset/train/Nucleus/kw10-2--6800X--0019_Nucleus_1.tif,c71b796592b6483a
train,Nucleus,Nucleus/kw10-2--6800X--0025_Nucleus_1.tif,/Users/jason/Desktop/OrganelleClassifyDataset/train/Nucleus/kw10-2--6800X--0025_Nucleus_1.tif,86a11b6528d775ae
train,Nucleus,Nucleus/kw10-3--6800X--0006_Nucleus_1.tif,/Users/jason/Desktop/OrganelleClassifyDataset/train/Nucleus/kw10-3--6800X--0006_Nucleus_1.tif,c01a3c6047bcfd3e
train,Nucleus,Nucleus/kw10-3--6800X--0009_Nucleus_1.tif,/Users/jason/Desktop/OrganelleClassifyDataset/train/Nucleus/kw10-3--6800X--0009_Nucleus_1.tif,815c3b660d378ade
train,Nucleus,Nucleus/kw10-3--6800X--0010_Nucleus_1.tif,/Users/jason/Desktop/OrganelleClassifyDataset/train/Nucleus/kw10-3--6800X--0010_Nucleus_1.tif,8e228b3eb9a39d38
train,Nucleus,Nucleus/kw10-3--6800X--0018_Nucleus_1.tif,/Users/jason/Desktop/OrganelleClassifyDataset/train/Nucleus/kw10-3--6800X--0018_Nucleus_1.tif,fc15e037c1328fe2
train,Nucleus,Nucleus/kw10-3--6800X--0025_Nucleus_1.tif,/Users/jason/Desktop/OrganelleClassifyDataset/train/Nucleus/kw10-3--6800X--0025_Nucleus_1.tif,a80aa72f8e3c9f25
train,Nucleus,Nucleus/kw10-3--6800X--0041_Nucleus_1.tif,/Users/jason/Desktop/OrganelleClassifyDataset/train/Nucleus/kw10-3--6800X--0041_Nucleus_1.tif,c5033e6db39065d5
train,Nucleus,Nucleus/kw10-3--6800X--0047_Nucleus_1.tif,/Users/jason/Desktop/OrganelleClassifyDataset/train/Nucleus/kw10-3--6800X--0047_Nucleus_1.tif,9f82323ad7c1b84d
train,Nucleus,Nucleus/kw10-3--6800X--0048_Nucleus_1.tif,/Users/jason/Desktop/OrganelleClassifyDataset/train/Nucleus/kw10-3--6800X--0048_Nucleus_1.tif,976c784b87ab9544
train,Nucleus,Nucleus/kw10-3--6800X--0050_Nucleus_1.tif,/Users/jason/Desktop/OrganelleClassifyDataset/train/Nucleus/kw10-3--6800X--0050_Nucleus_1.tif,dbd36820f072ced1
train,Nucleus,Nucleus/kw10-3--6800X--0062_Nucleus_1.tif,/Users/jason/Desktop/OrganelleClassifyDataset/train/Nucleus/kw10-3--6800X--0062_Nucleus_1.tif,af6ae8618fc18d98
train,Nucleus,Nucleus/kw10-3--6800X--0067_Nucleus_1.tif,/Users/jason/Desktop/OrganelleClassifyDataset/train/Nucleus/kw10-3--6800X--0067_Nucleus_1.tif,9b0a8f2b9f9db030
train,Nucleus,Nucleus/kw10-3--6800X--0068_Nucleus_1.tif,/Users/jason/Desktop/OrganelleClassifyDataset/train/Nucleus/kw10-3--6800X--0068_Nucleus_1.tif,a9f285e895946b9c
train,Nucleus,Nucleus/kw10-3--6800X--0068_Nucleus_2.tif,/Users/jason/Desktop/OrganelleClassifyDataset/train/Nucleus/kw10-3--6800X--0068_Nucleus_2.tif,e65de1368813ec9a
train,Nucleus,Nucleus/kw10-3--6800X--0075_Nucleus_1.tif,/Users/jason/Desktop/OrganelleClassifyDataset/train/Nucleus/kw10-3--6800X--0075_Nucleus_1.tif,8b103de97b4f504d
train,Nucleus,Nucleus/kw10-3--6800X--0077_Nucleus_2.tif,/Users/jason/Desktop/OrganelleClassifyDataset/train/Nucleus/kw10-3--6800X--0077_Nucleus_2.tif,823a2aaba1e3c6bd
train,Nucleus,Nucleus/kw10-3--6800X--0078_Nucleus_1.tif,/Users/jason/Desktop/OrganelleClassifyDataset/train/Nucleus/kw10-3--6800X--0078_Nucleus_1.tif,822b2a2ba9ebe297
train,Nucleus,Nucleus/kw10-3--6800X--0080_Nucleus_2.tif,/Users/jason/Desktop/OrganelleClassifyDataset/train/Nucleus/kw10-3--6800X--0080_Nucleus_2.tif,c77569c1b494b2a5
train,Nucleus,Nucleus/kw10-4--13000X--0102_Nucleus_1.tif,/Users/jason/Desktop/OrganelleClassifyDataset/train/Nucleus/kw10-4--13000X--0102_Nucleus_1.tif,e7223bd8c09d85da
train,Nucleus,Nucleus/kw10-4--6800X--0010_Nucleus_1.tif,/Users/jason/Desktop/OrganelleClassifyDataset/train/Nucleus/kw10-4--6800X--0010_Nucleus_1.tif,a9ac2b8593ba9969
train,Nucleus,Nucleus/kw10-4--6800X--0010_Nucleus_2.tif,/Users/jason/Desktop/OrganelleClassifyDataset/train/Nucleus/kw10-4--6800X--0010_Nucleus_2.tif,ce686918d6f09e9a
train,Nucleus,Nucleus/kw10-4--6800X--0011_Nucleus_2.tif,/Users/jason/Desktop/OrganelleClassifyDataset/train/Nucleus/kw10-4--6800X--0011_Nucleus_2.tif,dea57396cdc88831
train,Nucleus,Nucleus/kw10-4--6800X--0015_Nucleus_1.tif,/Users/jason/Desktop/OrganelleClassifyDataset/train/Nucleus/kw10-4--6800X--0015_Nucleus_1.tif,ef537a149a588a63
train,Nucleus,Nucleus/kw10-4--6800X--0016_Nucleus_1.tif,/Users/jason/Desktop/OrganelleClassifyDataset/train/Nucleus/kw10-4--6800X--0016_Nucleus_1.tif,9f80348f9a35e1b6
train,Nucleus,Nucleus/kw10-4--6800X--0017_Nucleus_1.tif,/Users/jason/Desktop/OrganelleClassifyDataset/train/Nucleus/kw10-4--6800X--0017_Nucleus_1.tif,f722f549c0d4d662
train,Nucleus,Nucleus/kw10-4--6800X--0019_Nucleus_1.tif,/Users/jason/Desktop/OrganelleClassifyDataset/train/Nucleus/kw10-4--6800X--0019_Nucleus_1.tif,b7e2a5cd8c0d3d30
train,Nucleus,Nucleus/kw10-4--6800X--0020_Nucleus_1.tif,/Users/jason/Desktop/OrganelleClassifyDataset/train/Nucleus/kw10-4--6800X--0020_Nucleus_1.tif,f9607286ed78d01e
train,Nucleus,Nucleus/kw10-4--6800X--0021_Nucleus_1.tif,/Users/jason/Desktop/OrganelleClassifyDataset/train/Nucleus/kw10-4--6800X--0021_Nucleus_1.tif,9bc53a972b319d30
train,Nucleus,Nucleus/kw10-4--6800X--0023_Nucleus_1.tif,/Users/jason/Desktop/OrganelleClassifyDataset/train/Nucleus/kw10-4--6800X--0023_Nucleus_1.tif,bf29a08ecf9040ef
train,Nucleus,Nucleus/kw10-4--6800X--0024_Nucleus_1.tif,/Users/jason/Desktop/OrganelleClassifyDataset/train/Nucleus/kw10-4--6800X--0024_Nucleus_1.tif,aaf69d5893494365
train,Nucleus,Nucleus/kw10-4--6800X--0025_Nucleus_1.tif,/Users/jason/Desktop/OrganelleClassifyDataset/train/Nucleus/kw10-4--6800X--0025_Nucleus_1.tif,c7707a969818ef61
train,Nucleus,Nucleus/kw10-4--6800X--0026_Nucleus_1.tif,/Users/jason/Desktop/OrganelleClassifyDataset/train/Nucleus/kw10-4--6800X--0026_Nucleus_1.tif,ae9cb1b2d3c88a2d
train,Nucleus,Nucleus/kw10-4--6800X--0027_Nucleus_2.tif,/Users/jason/Desktop/OrganelleClassifyDataset/train/Nucleus/kw10-4--6800X--0027_Nucleus_2.tif,e33a2ee0ae8e8365
train,Nucleus,Nucleus/kw10-4--6800X--0031_Nucleus_1.tif,/Users/jason/Desktop/OrganelleClassifyDataset/train/Nucleus/kw10-4--6800X--0031_Nucleus_1.tif,fba3d88cc076c21e
train,Nucleus,Nucleus/kw10-4--6800X--0032_Nucleus_1.tif,/Users/jason/Desktop/OrganelleClassifyDataset/train/Nucleus/kw10-4--6800X--0032_Nucleus_1.tif,c902719fa54dd39a
train,Nucleus,Nucleus/kw10-4--6800X--0037_Nucleus_1.tif,/Users/jason/Desktop/OrganelleClassifyDataset/train/Nucleus/kw10-4--6800X--0037_Nucleus_1.tif,c0b86cca3dcdd6c4
train,Nucleus,Nucleus/kw10-4--6800X--0039_Nucleus_1.tif,/Users/jason/Desktop/OrganelleClassifyDataset/train/Nucleus/kw10-4--6800X--0039_Nucleus_1.tif,be6c680d5d0f9b05
train,Nucleus,Nucleus/kw10-4--6800X--0044_Nucleus_1.tif,/Users/jason/Desktop/OrganelleClassifyDataset/train/Nucleus/kw10-4--6800X--0044_Nucleus_1.tif,9d007a966d4fc29e
train,Nucleus,Nucleus/kw10-4--6800X--0046_Nucleus_1.tif,/Users/jason/Desktop/OrganelleClassifyDataset/train/Nucleus/kw10-4--6800X--0046_Nucleus_1.tif,892d3fd0b4e84d65
train,Nucleus,Nucleus/kw10-6--13000X--0091_Nucleus_1.tif,/Users/jason/Desktop/OrganelleClassifyDataset/train/Nucleus/kw10-6--13000X--0091_Nucleus_1.tif,c1bf4ec22591949f
train,Nucleus,Nucleus/kw10-6--13000X--0094_Nucleus_1.tif,/Users/jason/Desktop/OrganelleClassifyDataset/train/Nucleus/kw10-6--13000X--0094_Nucleus_1.tif,92067d07e95dc578
train,Nucleus,Nucleus/kw10-6--13000X--0119_Nucleus_2.tif,/Users/jason/Desktop/OrganelleClassifyDataset/train/Nucleus/kw10-6--13000X--0119_Nucleus_2.tif,bc7527511a54c9ec
train,Nucleus,Nucleus/kw10-6--13000X--0122_Nucleus_1.tif,/Users/jason/Desktop/OrganelleClassifyDataset/train/Nucleus/kw10-6--13000X--0122_Nucleus_1.tif,81c22eb53d12d97b
train,Nucleus,Nucleus/kw10-6--6800X--0003_Nucleus_1.tif,/Users/jason/Desktop/OrganelleClassifyDataset/train/Nucleus/kw10-6--6800X--0003_Nucleus_1.tif,ab17f2e0e1ae870c
train,Nucleus,Nucleus/kw10-6--6800X--0003_Nucleus_2.tif,/Users/jason/Desktop/OrganelleClassifyDataset/train/Nucleus/kw10-6--6800X--0003_Nucleus_2.tif,c4ea3ba463d1e943
train,Nucleus,Nucleus/kw10-6--6800X--0008_Nucleus_1.tif,/Users/jason/Desktop/OrganelleClassifyDataset/train/Nucleus/kw10-6--6800X--0008_Nucleus_1.tif,aaadb5786435d071
train,Nucleus,Nucleus/kw10-6--6800X--0009_Nucleus_1.tif,/Users/jason/Desktop/OrganelleClassifyDataset/train/Nucleus/kw10-6--6800X--0009_Nucleus_1.tif,9ac0761718e2d97d
train,Nucleus,Nucleus/kw10-6--6800X--0010_Nucleus_1.tif,/Users/jason/Desktop/OrganelleClassifyDataset/train/Nucleus/kw10-6--6800X--0010_Nucleus_1.tif,92b06dc535c5e399
train,Nucleus,Nucleus/kw10-6--6800X--0010_Nucleus_2.tif,/Users/jason/Desktop/OrganelleClassifyDataset/train/Nucleus/kw10-6--6800X--0010_Nucleus_2.tif,9e3125e9d07cc92e
train,Nucleus,Nucleus/kw10-6--6800X--0012_Nucleus_1.tif,/Users/jason/Desktop/OrganelleClassifyDataset/train/Nucleus/kw10-6--6800X--0012_Nucleus_1.tif,f60bf890c1675c0f
train,Nucleus,Nucleus/kw10-6--6800X--0013_Nucleus_1.tif,/Users/jason/Desktop/OrganelleClassifyDataset/train/Nucleus/kw10-6--6800X--0013_Nucleus_1.tif,aa3de2a0c3fc3b18
train,Nucleus,Nucleus/kw10-6--6800X--0014_Nucleus_1.tif,/Users/jason/Desktop/OrganelleClassifyDataset/train/Nucleus/kw10-6--6800X--0014_Nucleus_1.tif,97737a5d24d08cd8
train,Nucleus,Nucleus/kw10-6--6800X--0017_Nucleus_1.tif,/Users/jason/Desktop/OrganelleClassifyDataset/train/Nucleus/kw10-6--6800X--0017_Nucleus_1.tif,d4922be3b00db64f
train,Nucleus,Nucleus/kw10-6--6800X--0024_Nucleus_1.tif,/Users/jason/Desktop/OrganelleClassifyDataset/train/Nucleus/kw10-6--6800X--0024_Nucleus_1.tif,8ebca0a715be9784
train,Nucleus,Nucleus/kw10-6--6800X--0026_Nucleus_1.tif,/Users/jason/Desktop/OrganelleClassifyDataset/train/Nucleus/kw10-6--6800X--0026_Nucleus_1.tif,d719f864540f63e4
train,Nucleus,Nucleus/kw10-6--6800X--0027_Nucleus_1.tif,/Users/jason/Desktop/OrganelleClassifyDataset/train/Nucleus/kw10-6--6800X--0027_Nucleus_1.tif,aa762cf69590d28d
train,Nucleus,Nucleus/kw10-6--6800X--0027_Nucleus_2.tif,/Users/jason/Desktop/OrganelleClassifyDataset/train/Nucleus/kw10-6--6800X--0027_Nucleus_2.tif,ff997064541e66c4
train,Nucleus,Nucleus/kw10-6--6800X--0030_Nucleus_1.tif,/Users/jason/Desktop/OrganelleClassifyDataset/train/Nucleus/kw10-6--6800X--0030_Nucleus_1.tif,aa95fc5ec268ca45
train,Nucleus,Nucleus/kw10-6--6800X--0031_Nucleus_1.tif,/Users/jason/Desktop/OrganelleClassifyDataset/train/Nucleus/kw10-6--6800X--0031_Nucleus_1.tif,cc167b69b3654d48
train,Nucleus,Nucleus/kw10-6--6800X--0032_Nucleus_1.tif,/Users/jason/Desktop/OrganelleClassifyDataset/train/Nucleus/kw10-6--6800X--0032_Nucleus_1.tif,aa51bb37c42c923e
train,Nucleus,Nucleus/kw10-6--6800X--0034_Nucleus_1.tif,/Users/jason/Desktop/OrganelleClassifyDataset/train/Nucleus/kw10-6--6800X--0034_Nucleus_1.tif,eec0a14f98bed609
train,Nucleus,Nucleus/kw10-6--6800X--0036_Nucleus_1.tif,/Users/jason/Desktop/OrganelleClassifyDataset/train/Nucleus/kw10-6--6800X--0036_Nucleus_1.tif,df98e8a68a0fa3c4
train,Nucleus,Nucleus/kw10-6--6800X--0046_Nucleus_1.tif,/Users/jason/Desktop/OrganelleClassifyDataset/train/Nucleus/kw10-6--6800X--0046_Nucleus_1.tif,935acc7231bacd8c
train,Nucleus,Nucleus/kw10-6--6800X--0047_Nucleus_1.tif,/Users/jason/Desktop/OrganelleClassifyDataset/train/Nucleus/kw10-6--6800X--0047_Nucleus_1.tif,cb9c2a49249b2f67
train,Nucleus,Nucleus/kw10-6--6800X--0056_Nucleus_1.tif,/Users/jason/Desktop/OrganelleClassifyDataset/train/Nucleus/kw10-6--6800X--0056_Nucleus_1.tif,860739c930ed3b2f
train,Nucleus,Nucleus/kw10-6--6800X--0057_Nucleus_1.tif,/Users/jason/Desktop/OrganelleClassifyDataset/train/Nucleus/kw10-6--6800X--0057_Nucleus_1.tif,99532a2a613cef1b
train,Nucleus,Nucleus/kw10-7--6800X--0012_Nucleus_1.tif,/Users/jason/Desktop/OrganelleClassifyDataset/train/Nucleus/kw10-7--6800X--0012_Nucleus_1.tif,9b2fe8e8303ac68d
train,Nucleus,Nucleus/kw10-7--6800X--0013_Nucleus_1.tif,/Users/jason/Desktop/OrganelleClassifyDataset/train/Nucleus/kw10-7--6800X--0013_Nucleus_1.tif,bbe4e449ce173834
train,Nucleus,Nucleus/kw10-7--6800X--0014_Nucleus_1.tif,/Users/jason/Desktop/OrganelleClassifyDataset/train/Nucleus/kw10-7--6800X--0014_Nucleus_1.tif,8ecae099e9c3c6e4
train,Nucleus,Nucleus/kw10-7--6800X--0016_Nucleus_1.tif,/Users/jason/Desktop/OrganelleClassifyDataset/train/Nucleus/kw10-7--6800X--0016_Nucleus_1.tif,ec00e0bf83f08fe3
train,Nucleus,Nucleus/kw10-7--6800X--0029_Nucleus_1.tif,/Users/jason/Desktop/OrganelleClassifyDataset/train/Nucleus/kw10-7--6800X--0029_Nucleus_1.tif,9e196061c7c53e3d
train,Nucleus,Nucleus/kw10-7--6800X--0029_Nucleus_2.tif,/Users/jason/Desktop/OrganelleClassifyDataset/train/Nucleus/kw10-7--6800X--0029_Nucleus_2.tif,9a8fe09a7d311b29
train,Nucleus,Nucleus/kw10-7--6800X--0038_Nucleus_1.tif,/Users/jason/Desktop/OrganelleClassifyDataset/train/Nucleus/kw10-7--6800X--0038_Nucleus_1.tif,ce90615ce21f946f
train,Nucleus,Nucleus/kw10-7--6800X--0045_Nucleus_1.tif,/Users/jason/Desktop/OrganelleClassifyDataset/train/Nucleus/kw10-7--6800X--0045_Nucleus_1.tif,eb02f44dd092c75b
train,Nucleus,Nucleus/kw10-7--6800X--0056_Nucleus_1.tif,/Users/jason/Desktop/OrganelleClassifyDataset/train/Nucleus/kw10-7--6800X--0056_Nucleus_1.tif,ce71691e37c0e299
train,Nucleus,Nucleus/wt-2--13000X--0102_Nucleus_1.tif,/Users/jason/Desktop/OrganelleClassifyDataset/train/Nucleus/wt-2--13000X--0102_Nucleus_1.tif,cf3b293c3730d621
train,Nucleus,Nucleus/wt-2--13000X--0115_Nucleus_1.tif,/Users/jason/Desktop/OrganelleClassifyDataset/train/Nucleus/wt-2--13000X--0115_Nucleus_1.tif,865c2b74321b9de3
train,Nucleus,Nucleus/wt-3--6800X--0003_Nucleus_1.tif,/Users/jason/Desktop/OrganelleClassifyDataset/train/Nucleus/wt-3--6800X--0003_Nucleus_1.tif,8a05a5daa7824bfd
train,Nucleus,Nucleus/wt-3--6800X--0004_Nucleus_1.tif,/Users/jason/Desktop/OrganelleClassifyDataset/train/Nucleus/wt-3--6800X--0004_Nucleus_1.tif,b5849daa36a5d3a4
train,Nucleus,Nucleus/wt-3--6800X--0021_Nucleus_1.tif,/Users/jason/Desktop/OrganelleClassifyDataset/train/Nucleus/wt-3--6800X--0021_Nucleus_1.tif,d1043bb12df1663e
train,Nucleus,Nucleus/wt-6--13000X--0089_Nucleus_1.tif,/Users/jason/Desktop/OrganelleClassifyDataset/train/Nucleus/wt-6--13000X--0089_Nucleus_1.tif,fff9628217138c0e
train,Nucleus,Nucleus/wt-6--6800X--0016_Nucleus_1.tif,/Users/jason/Desktop/OrganelleClassifyDataset/train/Nucleus/wt-6--6800X--0016_Nucleus_1.tif,bb08b707d80d9f58
train,Nucleus,Nucleus/wt-6--6800X--0016_Nucleus_2.tif,/Users/jason/Desktop/OrganelleClassifyDataset/train/Nucleus/wt-6--6800X--0016_Nucleus_2.tif,8f2d399bc12c8e3c
train,Nucleus,Nucleus/wt-6--6800X--0039_Nucleus_1.tif,/Users/jason/Desktop/OrganelleClassifyDataset/train/Nucleus/wt-6--6800X--0039_Nucleus_1.tif,bd64e612e8cc748b
train,Nucleus,Nucleus/wt-6--6800X--0039_Nucleus_2.tif,/Users/jason/Desktop/OrganelleClassifyDataset/train/Nucleus/wt-6--6800X--0039_Nucleus_2.tif,dca1659462ceb8f8
train,Nucleus,Nucleus/wt-7--6800X--0006_Nucleus_1.tif,/Users/jason/Desktop/OrganelleClassifyDataset/train/Nucleus/wt-7--6800X--0006_Nucleus_1.tif,bb61d48dda963096
train,Nucleus,Nucleus/wt-7--6800X--0007_Nucleus_1.tif,/Users/jason/Desktop/OrganelleClassifyDataset/train/Nucleus/wt-7--6800X--0007_Nucleus_1.tif,84aaa447979b9ed8
train,Nucleus,Nucleus/wt-7--6800X--0037_Nucleus_1.tif,/Users/jason/Desktop/OrganelleClassifyDataset/train/Nucleus/wt-7--6800X--0037_Nucleus_1.tif,9f54703e0ff04a65
train,Nucleus,Nucleus/wt-7--6800X--0045_Nucleus_1.tif,/Users/jason/Desktop/OrganelleClassifyDataset/train/Nucleus/wt-7--6800X--0045_Nucleus_1.tif,ff5043270b37471c
train,Nucleus,Nucleus/wt-7--6800X--0064_Nucleus_1.tif,/Users/jason/Desktop/OrganelleClassifyDataset/train/Nucleus/wt-7--6800X--0064_Nucleus_1.tif,ef88b432db29c694
train,Nucleus,Nucleus/wt-7--6800X--0071_Nucleus_1.tif,/Users/jason/Desktop/OrganelleClassifyDataset/train/Nucleus/wt-7--6800X--0071_Nucleus_1.tif,af44d55ccac3c9e0
train,Nucleus,Nucleus/wt-7--6800X--0073_Nucleus_1.tif,/Users/jason/Desktop/OrganelleClassifyDataset/train/Nucleus/wt-7--6800X--0073_Nucleus_1.tif,ab51c951e47acaca
train,Nucleus,Nucleus/wt-7--6800X--0082_Nucleus_1.tif,/Users/jason/Desktop/OrganelleClassifyDataset/train/Nucleus/wt-7--6800X--0082_Nucleus_1.tif,c154280be34df577
train,Nucleus,Nucleus/wt-8--6800X--0005_Nucleus_1.tif,/Users/jason/Desktop/OrganelleClassifyDataset/train/Nucleus/wt-8--6800X--0005_Nucleus_1.tif,ee5b25a5924d06d5
train,Nucleus,Nucleus/wt-8--6800X--0014_Nucleus_1.tif,/Users/jason/Desktop/OrganelleClassifyDataset/train/Nucleus/wt-8--6800X--0014_Nucleus_1.tif,8987645ca26b6c6f
train,Nucleus,Nucleus/wt-8--6800X--0017_Nucleus_1.tif,/Users/jason/Desktop/OrganelleClassifyDataset/train/Nucleus/wt-8--6800X--0017_Nucleus_1.tif,fa54e163d641d88e
train,Nucleus,Nucleus/wt3--6800X--0001_Nucleus_2.tif,/Users/jason/Desktop/OrganelleClassifyDataset/train/Nucleus/wt3--6800X--0001_Nucleus_2.tif,aa56aaeab53aa183
train,Vesicles,Vesicles/#3--23000X--0028_Vesicles_3.tif,/Users/jason/Desktop/OrganelleClassifyDataset/train/Vesicles/#3--23000X--0028_Vesicles_3.tif,9aa821ef07ec88cf
train,Vesicles,Vesicles/#3--23000X--0029_Vesicles_1.tif,/Users/jason/Desktop/OrganelleClassifyDataset/train/Vesicles/#3--23000X--0029_Vesicles_1.tif,cb993815d998ccc7
train,Vesicles,Vesicles/#3--23000X--0073_Vesicles_1.tif,/Users/jason/Desktop/OrganelleClassifyDataset/train/Vesicles/#3--23000X--0073_Vesicles_1.tif,8d3b74a68c1877c9
train,Vesicles,Vesicles/#3--23000X--0073_Vesicles_2.tif,/Users/jason/Desktop/OrganelleClassifyDataset/train/Vesicles/#3--23000X--0073_Vesicles_2.tif,cee071cbc638da34
train,Vesicles,Vesicles/#3--23000X--0091_Vesicles_1.tif,/Users/jason/Desktop/OrganelleClassifyDataset/train/Vesicles/#3--23000X--0091_Vesicles_1.tif,9fde610386b5589a
train,Vesicles,Vesicles/#3--23000X--0093_Vesicles_1.tif,/Users/jason/Desktop/OrganelleClassifyDataset/train/Vesicles/#3--23000X--0093_Vesicles_1.tif,c23f781c74c0da67
train,Vesicles,Vesicles/#3--6800X--0001_Vesicles_1.tif,/Users/jason/Desktop/OrganelleClassifyDataset/train/Vesicles/#3--6800X--0001_Vesicles_1.tif,82983d91e64fcb39
train,Vesicles,Vesicles/#49--23000X--0030_Vesicles_1.tif,/Users/jason/Desktop/OrganelleClassifyDataset/train/Vesicles/#49--23000X--0030_Vesicles_1.tif,cf4222edcf24ce32
train,Vesicles,Vesicles/#54--23000X--0045_Vesicles_1.tif,/Users/jason/Desktop/OrganelleClassifyDataset/train/Vesicles/#54--23000X--0045_Vesicles_1.tif,de112866f5d8be11
train,Vesicles,Vesicles/#56--23000X--0029_Vesicles_1.tif,/Users/jason/Desktop/OrganelleClassifyDataset/train/Vesicles/#56--23000X--0029_Vesicles_1.tif,cf047492dea194b7
train,Vesicles,Vesicles/#56--23000X--0081_Vesicles_1.tif,/Users/jason/Desktop/OrganelleClassifyDataset/train/Vesicles/#56--23000X--0081_Vesicles_1.tif,c3c674e1c2d6cc99
train,Vesicles,Vesicles/#56--23000X--0086_Vesicles_1.tif,/Users/jason/Desktop/OrganelleClassifyDataset/train/Vesicles/#56--23000X--0086_Vesicles_1.tif,8cba30e775ec8b12
train,Vesicles,Vesicles/#56--23000X--0088_Vesicles_1.tif,/Users/jason/Desktop/OrganelleClassifyDataset/train/Vesicles/#56--23000X--0088_Vesicles_1.tif,890be6d99a65c965
train,Vesicles,Vesicles/1--18500X--0029_Vesicles_1.tif,/Users/jason/Desktop/OrganelleClassifyDataset/train/Vesicles/1--18500X--0029_Vesicles_1.tif,cd363234cfeb340c
train,Vesicles,Vesicles/1--30000X--0007_Vesicles_2.tif,/Users/jason/Desktop/OrganelleClassifyDataset/train/Vesicles/1--30000X--0007_Vesicles_2.tif,8dff70e98b218c34
train,Vesicles,Vesicles/1--30000X--0007_Vesicles_3.tif,/Users/jason/Desktop/OrganelleClassifyDataset/train/Vesicles/1--30000X--0007_Vesicles_3.tif,9a5065ac9c5e393b
train,Vesicles,Vesicles/1--30000X--0007_Vesicles_4.tif,/Users/jason/Desktop/OrganelleClassifyDataset/train/Vesicles/1--30000X--0007_Vesicles_4.tif,c98f2670c2d3e0cf
train,Vesicles,Vesicles/1--30000X--0007_Vesicles_5.tif,/Users/jason/Desktop/OrganelleClassifyDataset/train/Vesicles/1--30000X--0007_Vesicles_5.tif,8fc170a2cbdb6c2c
train,Vesicles,Vesicles/1--30000X--0009_Vesicles_1.tif,/Users/jason/Desktop/OrganelleClassifyDataset/train/Vesicles/1--30000X--0009_Vesicles_1.tif,8fe9601b83fd8d30
train,Vesicles,Vesicles/1--30000X--0009_Vesicles_2.tif,/Users/jason/Desktop/OrganelleClassifyDataset/train/Vesicles/1--30000X--0009_Vesicles_2.tif,f8a1678d9e294ce1
train,Vesicles,Vesicles/1--30000X--0010_Vesicles_1.tif,/Users/jason/Desktop/OrganelleClassifyDataset/train/Vesicles/1--30000X--0010_Vesicles_1.tif,e50f668bd9633505
train,Vesicles,Vesicles/1-11000X--0026_Vesicles_1.tif,/Users/jason/Desktop/OrganelleClassifyDataset/train/Vesicles/1-11000X--0026_Vesicles_1.tif,9a7d619282697d65
train,Vesicles,Vesicles/1-11000X--0026_Vesicles_3.tif,/Users/jason/Desktop/OrganelleClassifyDataset/train/Vesicles/1-11000X--0026_Vesicles_3.tif,80a82f97f17896f4
train,Vesicles,Vesicles/1-1shiyan--23000X--0016_Vesicles_1.tif,/Users/jason/Desktop/OrganelleClassifyDataset/train/Vesicles/1-1shiyan--23000X--0016_Vesicles_1.tif,ce9c376e85786889
train,Vesicles,Vesicles/1-1shiyan--23000X--0020_Vesicles_1.tif,/Users/jason/Desktop/OrganelleClassifyDataset/train/Vesicles/1-1shiyan--23000X--0020_Vesicles_1.tif,9e2f69d530dac249
train,Vesicles,Vesicles/1-1shiyan--23000X--0021_Vesicles_3.tif,/Users/jason/Desktop/OrganelleClassifyDataset/train/Vesicles/1-1shiyan--23000X--0021_Vesicles_3.tif,9e546113fe03da74
train,Vesicles,Vesicles/1-1shiyan--23000X--0023_Vesicles_1.tif,/Users/jason/Desktop/OrganelleClassifyDataset/train/Vesicles/1-1shiyan--23000X--0023_Vesicles_1.tif,caf33e0bc9c0ce52
train,Vesicles,Vesicles/1-1shiyan--6800X--0012_Vesicles_1.tif,/Users/jason/Desktop/OrganelleClassifyDataset/train/Vesicles/1-1shiyan--6800X--0012_Vesicles_1.tif,c2f63cf4320fc34a
train,Vesicles,Vesicles/1-1shiyan--6800X--0012_Vesicles_3.tif,/Users/jason/Desktop/OrganelleClassifyDataset/train/Vesicles/1-1shiyan--6800X--0012_Vesicles_3.tif,e86df1748d8534cc
train,Vesicles,Vesicles/1-2-hsfnc_lJ--23000X--0018_Vesicles_1.tif,/Users/jason/Desktop/OrganelleClassifyDataset/train/Vesicles/1-2-hsfnc_lJ--23000X--0018_Vesicles_1.tif,927e2c27629ec61b
train,Vesicles,Vesicles/1-2-hsfnc_lJ--23000X--0020_Vesicles_1.tif,/Users/jason/Desktop/OrganelleClassifyDataset/train/Vesicles/1-2-hsfnc_lJ--23000X--0020_Vesicles_1.tif,caf23c5f80f29b03
train,Vesicles,Vesicles/1-2-hsfnc_lJ--23000X--0020_Vesicles_2.tif,/Users/jason/Desktop/OrganelleClassifyDataset/train/Vesicles/1-2-hsfnc_lJ--23000X--0020_Vesicles_2.tif,c32130d7cb2d9c73
train,Vesicles,Vesicles/1-2-hsfnc_lJ--23000X--0020_Vesicles_3.tif,/Users/jason/Desktop/OrganelleClassifyDataset/train/Vesicles/1-2-hsfnc_lJ--23000X--0020_Vesicles_3.tif,9b232121de6ad85f
train,Vesicles,Vesicles/1-2-hsfnc_lJ--23000X--0026_Vesicles_1.tif,/Users/jason/Desktop/OrganelleClassifyDataset/train/Vesicles/1-2-hsfnc_lJ--23000X--0026_Vesicles_1.tif,8b27692095d1cbcf
train,Vesicles,Vesicles/1-2-hsfnc_lJ--6800X--0013_Vesicles_1.tif,/Users/jason/Desktop/OrganelleClassifyDataset/train/Vesicles/1-2-hsfnc_lJ--6800X--0013_Vesicles_1.tif,8f872534e2634bd3
train,Vesicles,Vesicles/1-2-hsfnc_lJ--6800X--0013_Vesicles_2.tif,/Users/jason/Desktop/OrganelleClassifyDataset/train/Vesicles/1-2-hsfnc_lJ--6800X--0013_Vesicles_2.tif,8f902235d2cb3cdb
train,Vesicles,Vesicles/1-2-hsfnc_lJ--6800X--0013_Vesicles_3.tif,/Users/jason/Desktop/OrganelleClassifyDataset/train/Vesicles/1-2-hsfnc_lJ--6800X--0013_Vesicles_3.tif,cb0e612197d79acc
train,Vesicles,Vesicles/1-3-hkf--6800X--0001_Vesicles_1.tif,/Users/jason/Desktop/OrganelleClassifyDataset/train/Vesicles/1-3-hkf--6800X--0001_Vesicles_1.tif,ca853df434f87350
train,Vesicles,Vesicles/1-3-hkf--6800X--0001_Vesicles_2.tif,/Users/jason/Desktop/OrganelleClassifyDataset/train/Vesicles/1-3-hkf--6800X--0001_Vesicles_2.tif,8ac725b2c2eacacb
train,Vesicles,Vesicles/1-3-hkf--6800X--0002_Vesicles_1.tif,/Users/jason/Desktop/OrganelleClassifyDataset/train/Vesicles/1-3-hkf--6800X--0002_Vesicles_1.tif,9a4d65c88fb0bba8
train,Vesicles,Vesicles/1-3-hkf--6800X--0003_Vesicles_1.tif,/Users/jason/Desktop/OrganelleClassifyDataset/train/Vesicles/1-3-hkf--6800X--0003_Vesicles_1.tif,97c33a7e29213c27
train,Vesicles,Vesicles/1-3-hkf--6800X--0003_Vesicles_2.tif,/Users/jason/Desktop/OrganelleClassifyDataset/train/Vesicles/1-3-hkf--6800X--0003_Vesicles_2.tif,d2ea7c4f3031e0ba
train,Vesicles,Vesicles/1-3-hkf--6800X--0003_Vesicles_3.tif,/Users/jason/Desktop/OrganelleClassifyDataset/train/Vesicles/1-3-hkf--6800X--0003_Vesicles_3.tif,9d10748ff0fc89b8
train,Vesicles,Vesicles/1-3-hkf--6800X--0004_Vesicles_1.tif,/Users/jason/Desktop/OrganelleClassifyDataset/train/Vesicles/1-3-hkf--6800X--0004_Vesicles_1.tif,966b69cc671c9c19
train,Vesicles,Vesicles/1-3-hkf--6800X--0004_Vesicles_2.tif,/Users/jason/Desktop/OrganelleClassifyDataset/train/Vesicles/1-3-hkf--6800X--0004_Vesicles_2.tif,871e7a0e612af335
train,Vesicles,Vesicles/1-3-hkf--6800X--0004_Vesicles_3.tif,/Users/jason/Desktop/OrganelleClassifyDataset/train/Vesicles/1-3-hkf--6800X--0004_Vesicles_3.tif,8a8a3d68d764ce36
train,Vesicles,Vesicles/1-3-hkf--6800X--0006_Vesicles_1.tif,/Users/jason/Desktop/OrganelleClassifyDataset/train/Vesicles/1-3-hkf--6800X--0006_Vesicles_1.tif,d62178a4b3cb8e99
train,Vesicles,Vesicles/1-3-hkf--6800X--0006_Vesicles_2.tif,/Users/jason/Desktop/OrganelleClassifyDataset/train/Vesicles/1-3-hkf--6800X--0006_Vesicles_2.tif,9f007afe216185e7
train,Vesicles,Vesicles/1-3-hkf--6800X--0008_Vesicles_1.tif,/Users/jason/Desktop/OrganelleClassifyDataset/train/Vesicles/1-3-hkf--6800X--0008_Vesicles_1.tif,cb5634db560c6a3c
train,Vesicles,Vesicles/1-3-hkf--6800X--0008_Vesicles_2.tif,/Users/jason/Desktop/OrganelleClassifyDataset/train/Vesicles/1-3-hkf--6800X--0008_Vesicles_2.tif,9e872112de43da7c
train,Vesicles,Vesicles/1-3-hkf--6800X--0010_Vesicles_1.tif,/Users/jason/Desktop/OrganelleClassifyDataset/train/Vesicles/1-3-hkf--6800X--0010_Vesicles_1.tif,9e232194f7929799
train,Vesicles,Vesicles/1-3-hkf--6800X--0011_Vesicles_1.tif,/Users/jason/Desktop/OrganelleClassifyDataset/train/Vesicles/1-3-hkf--6800X--0011_Vesicles_1.tif,9fbf65cd86180839
train,Vesicles,Vesicles/1-3-hkf--6800X--0011_Vesicles_2.tif,/Users/jason/Desktop/OrganelleClassifyDataset/train/Vesicles/1-3-hkf--6800X--0011_Vesicles_2.tif,dbcb38957170468b
train,Vesicles,Vesicles/1-3-hkf--6800X--0012_Vesicles_1.tif,/Users/jason/Desktop/OrganelleClassifyDataset/train/Vesicles/1-3-hkf--6800X--0012_Vesicles_1.tif,c155362ad03957db
train,Vesicles,Vesicles/1-3-hkf--6800X--0012_Vesicles_2.tif,/Users/jason/Desktop/OrganelleClassifyDataset/train/Vesicles/1-3-hkf--6800X--0012_Vesicles_2.tif,98a3253ac7e28d9d
train,Vesicles,Vesicles/1170--30000X--0022_Vesicles_1.tif,/Users/jason/Desktop/OrganelleClassifyDataset/train/Vesicles/1170--30000X--0022_Vesicles_1.tif,8fad2112e743ce2d
train,Vesicles,Vesicles/1170--30000X--0022_Vesicles_2.tif,/Users/jason/Desktop/OrganelleClassifyDataset/train/Vesicles/1170--30000X--0022_Vesicles_2.tif,cf03341ac239cbcf
train,Vesicles,Vesicles/1170--30000X--0022_Vesicles_3.tif,/Users/jason/Desktop/OrganelleClassifyDataset/train/Vesicles/1170--30000X--0022_Vesicles_3.tif,cf9b307482ca1edc
train,Vesicles,Vesicles/1170--30000X--0023_Vesicles_1.tif,/Users/jason/Desktop/OrganelleClassifyDataset/train/Vesicles/1170--30000X--0023_Vesicles_1.tif,d76d603997818e87
train,Vesicles,Vesicles/1170--30000X--0023_Vesicles_2.tif,/Users/jason/Desktop/OrganelleClassifyDataset/train/Vesicles/1170--30000X--0023_Vesicles_2.tif,c94fa36cde11314b
train,Vesicles,Vesicles/1170--6800X--0010_Vesicles_1.tif,/Users/jason/Desktop/OrganelleClassifyDataset/train/Vesicles/1170--6800X--0010_Vesicles_1.tif,92712dc3923f8b39
train,Vesicles,Vesicles/169--30000X--0039_Vesicles_1.tif,/Users/jason/Desktop/OrganelleClassifyDataset/train/Vesicles/169--30000X--0039_Vesicles_1.tif,cfd534df830ccd04
train,Vesicles,Vesicles/169--30000X--0052_Vesicles_1.tif,/Users/jason/Desktop/OrganelleClassifyDataset/train/Vesicles/169--30000X--0052_Vesicles_1.tif,cb0f741cd35a0d9a
train,Vesicles,Vesicles/169--30000X--0053_Vesicles_1.tif,/Users/jason/Desktop/OrganelleClassifyDataset/train/Vesicles/169--30000X--0053_Vesicles_1.tif,ad6a34478238df53
train,Vesicles,Vesicles/169--6800X--0010_Vesicles_1.tif,/Users/jason/Desktop/OrganelleClassifyDataset/train/Vesicles/169--6800X--0010_Vesicles_1.tif,c37c7c83130f8f2c
train,Vesicles,Vesicles/169--6800X--0010_Vesicles_3.tif,/Users/jason/Desktop/OrganelleClassifyDataset/train/Vesicles/169--6800X--0010_Vesicles_3.tif,d4f568fda0a18a1e
train,Vesicles,Vesicles/169--6800X--0014_Vesicles_1.tif,/Users/jason/Desktop/OrganelleClassifyDataset/train/Vesicles/169--6800X--0014_Vesicles_1.tif,d2b87c90b4958f8d
train,Vesicles,Vesicles/169--6800X--0025_Vesicles_1.tif,/Users/jason/Desktop/OrganelleClassifyDataset/train/Vesicles/169--6800X--0025_Vesicles_1.tif,df2e60d2c32c8c76
train,Vesicles,Vesicles/2+--30000X--0013_Vesicles_1.tif,/Users/jason/Desktop/OrganelleClassifyDataset/train/Vesicles/2+--30000X--0013_Vesicles_1.tif,8d6870748b8d3e3d
train,Vesicles,Vesicles/2+--30000X--0025_Vesicles_1.tif,/Users/jason/Desktop/OrganelleClassifyDataset/train/Vesicles/2+--30000X--0025_Vesicles_1.tif,da49691e964b9a35
train,Vesicles,Vesicles/2+--6800X--0003_Vesicles_1.tif,/Users/jason/Desktop/OrganelleClassifyDataset/train/Vesicles/2+--6800X--0003_Vesicles_1.tif,cf0d3060d33dcce9
train,Vesicles,Vesicles/2+--6800X--0006_Vesicles_1.tif,/Users/jason/Desktop/OrganelleClassifyDataset/train/Vesicles/2+--6800X--0006_Vesicles_1.tif,de833039b6a38ace
train,Vesicles,Vesicles/2+--6800X--0009_Vesicles_1.tif,/Users/jason/Desktop/OrganelleClassifyDataset/train/Vesicles/2+--6800X--0009_Vesicles_1.tif,c2df2ff03088a27e
train,Vesicles,Vesicles/2+--6800X--0010_Vesicles_1.tif,/Users/jason/Desktop/OrganelleClassifyDataset/train/Vesicles/2+--6800X--0010_Vesicles_1.tif,c7cc745a7370b3a0
train,Vesicles,Vesicles/2+--6800X--0011_Vesicles_1.tif,/Users/jason/Desktop/OrganelleClassifyDataset/train/Vesicles/2+--6800X--0011_Vesicles_1.tif,cfc9353ee270c483
train,Vesicles,Vesicles/2+--6800X--0011_Vesicles_2.tif,/Users/jason/Desktop/OrganelleClassifyDataset/train/Vesicles/2+--6800X--0011_Vesicles_2.tif,c827369ad0c9cf6a
train,Vesicles,Vesicles/2+--6800X--0011_Vesicles_3.tif,/Users/jason/Desktop/OrganelleClassifyDataset/train/Vesicles/2+--6800X--0011_Vesicles_3.tif,c9d53c5ad105cd27
train,Vesicles,Vesicles/2+--6800X--0011_Vesicles_4.tif,/Users/jason/Desktop/OrganelleClassifyDataset/train/Vesicles/2+--6800X--0011_Vesicles_4.tif,8a417d9acf68d632
train,Vesicles,Vesicles/2--30000X--0013_Vesicles_1.tif,/Users/jason/Desktop/OrganelleClassifyDataset/train/Vesicles/2--30000X--0013_Vesicles_1.tif,8b77708a8b2bdc26
train,Vesicles,Vesicles/2--30000X--0018_Vesicles_1.tif,/Users/jason/Desktop/OrganelleClassifyDataset/train/Vesicles/2--30000X--0018_Vesicles_1.tif,cdbd30a38f109c3b
train,Vesicles,Vesicles/2--30000X--0020_Vesicles_2.tif,/Users/jason/Desktop/OrganelleClassifyDataset/train/Vesicles/2--30000X--0020_Vesicles_2.tif,c2b81cc3825e9fba
train,Vesicles,Vesicles/203--30000X--0008_Vesicles_1.tif,/Users/jason/Desktop/OrganelleClassifyDataset/train/Vesicles/203--30000X--0008_Vesicles_1.tif,cb007ca1d37b8bd4
train,Vesicles,Vesicles/231--18500X--0004_Vesicles_1.tif,/Users/jason/Desktop/OrganelleClassifyDataset/train/Vesicles/231--18500X--0004_Vesicles_1.tif,dc2e32b08d6635ba
train,Vesicles,Vesicles/3--30000X--0011_Vesicles_1.tif,/Users/jason/Desktop/OrganelleClassifyDataset/train/Vesicles/3--30000X--0011_Vesicles_1.tif,afb1305fcb385e20
train,Vesicles,Vesicles/3--30000X--0011_Vesicles_2.tif,/Users/jason/Desktop/OrganelleClassifyDataset/train/Vesicles/3--30000X--0011_Vesicles_2.tif,d8b52599d2a1cf23
train,Vesicles,Vesicles/3--6800X--0005_Vesicles_1.tif,/Users/jason/Desktop/OrganelleClassifyDataset/train/Vesicles/3--6800X--0005_Vesicles_1.tif,ca7c241e336a8fa9
train,Vesicles,Vesicles/3--6800X--0005_Vesicles_2.tif,/Users/jason/Desktop/OrganelleClassifyDataset/train/Vesicles/3--6800X--0005_Vesicles_2.tif,cf407d43862ecb3c
train,Vesicles,Vesicles/3--6800X--0005_Vesicles_3.tif,/Users/jason/Desktop/OrganelleClassifyDataset/train/Vesicles/3--6800X--0005_Vesicles_3.tif,8e04393cf2f99ae1
train,Vesicles,Vesicles/3--6800X--0007_Vesicles_1.tif,/Users/jason/Desktop/OrganelleClassifyDataset/train/Vesicles/3--6800X--0007_Vesicles_1.tif,c45b2e1a31bcf392
train,Vesicles,Vesicles/3--6800X--0007_Vesicles_2.tif,/Users/jason/Desktop/OrganelleClassifyDataset/train/Vesicles/3--6800X--0007_Vesicles_2.tif,da31606b57ad9750
train,Vesicles,Vesicles/3--6800X--0010_Vesicles_1.tif,/Users/jason/Desktop/OrganelleClassifyDataset/train/Vesicles/3--6800X--0010_Vesicles_1.tif,c92e34aba3f987c0
train,Vesicles,Vesicles/3--6800X--0010_Vesicles_2.tif,/Users/jason/Desktop/OrganelleClassifyDataset/train/Vesicles/3--6800X--0010_Vesicles_2.tif,cf3868c7b28d9835
train,Vesicles,Vesicles/3--6800X--0012_Vesicles_1.tif,/Users/jason/Desktop/OrganelleClassifyDataset/train/Vesicles/3--6800X--0012_Vesicles_1.tif,d1e96f35643286a3
train,Vesicles,Vesicles/625X--23000X--0010_Vesicles_1.tif,/Users/jason/Desktop/OrganelleClassifyDataset/train/Vesicles/625X--23000X--0010_Vesicles_1.tif,cf087c9ec18d8f25
train,Vesicles,Vesicles/625x--23000X--0018_Vesicles_1.tif,/Users/jason/Desktop/OrganelleClassifyDataset/train/Vesicles/625x--23000X--0018_Vesicles_1.tif,8f8ab64797928de0
train,Vesicles,Vesicles/7230--23000X--0005_Vesicles_1.tif,/Users/jason/Desktop/OrganelleClassifyDataset/train/Vesicles/7230--23000X--0005_Vesicles_1.tif,8e4a717d2230df33
train,Vesicles,Vesicles/79-1--11000X--0014_Vesicles_1.tif,/Users/jason/Desktop/OrganelleClassifyDataset/train/Vesicles/79-1--11000X--0014_Vesicles_1.tif,de6261398625ca9f
train,Vesicles,Vesicles/79-1--11000X--0014_Vesicles_2.tif,/Users/jason/Desktop/OrganelleClassifyDataset/train/Vesicles/79-1--11000X--0014_Vesicles_2.tif,cfc530aa26b18ba7
train,Vesicles,Vesicles/79-1--11000X--0014_Vesicles_3.tif,/Users/jason/Desktop/OrganelleClassifyDataset/train/Vesicles/79-1--11000X--0014_Vesicles_3.tif,9a0e65e496cf9a54
train,Vesicles,Vesicles/79-1--11000X--0016_Vesicles_1.tif,/Users/jason/Desktop/OrganelleClassifyDataset/train/Vesicles/79-1--11000X--0016_Vesicles_1.tif,9b53258a8a3da8b7
train,Vesicles,Vesicles/79-2--11000X--0011_Vesicles_1.tif,/Users/jason/Desktop/OrganelleClassifyDataset/train/Vesicles/79-2--11000X--0011_Vesicles_1.tif,c93c3447d2ceed30
train,Vesicles,Vesicles/79-2--11000X--0025_Vesicles_1.tif,/Users/jason/Desktop/OrganelleClassifyDataset/train/Vesicles/79-2--11000X--0025_Vesicles_1.tif,c23a2df5b487d384
train,Vesicles,Vesicles/79-2--11000X--0026_Vesicles_1.tif,/Users/jason/Desktop/OrganelleClassifyDataset/train/Vesicles/79-2--11000X--0026_Vesicles_1.tif,9aaa293567d38e43
train,Vesicles,Vesicles/79-2--11000X--0026_Vesicles_2.tif,/Users/jason/Desktop/OrganelleClassifyDataset/train/Vesicles/79-2--11000X--0026_Vesicles_2.tif,da7068d7aada206d
train,Vesicles,Vesicles/79-2--11000X--0029_Vesicles_1.tif,/Users/jason/Desktop/OrganelleClassifyDataset/train/Vesicles/79-2--11000X--0029_Vesicles_1.tif,df2161df929d1861
train,Vesicles,Vesicles/D2--23000X--0001_Vesicles_1.tif,/Users/jason/Desktop/OrganelleClassifyDataset/train/Vesicles/D2--23000X--0001_Vesicles_1.tif,83a73c38b0b5d297
train,Vesicles,Vesicles/G50802--18500X--0001_Vesicles_1.tif,/Users/jason/Desktop/OrganelleClassifyDataset/train/Vesicles/G50802--18500X--0001_Vesicles_1.tif,8e7279868648df69
train,Vesicles,Vesicles/G50802--18500X--0011_Vesicles_1.tif,/Users/jason/Desktop/OrganelleClassifyDataset/train/Vesicles/G50802--18500X--0011_Vesicles_1.tif,df5070ffca304d11
train,Vesicles,Vesicles/G50802--18500X--0018_Vesicles_1.tif,/Users/jason/Desktop/OrganelleClassifyDataset/train/Vesicles/G50802--18500X--0018_Vesicles_1.tif,da4a617996629b9a
train,Vesicles,Vesicles/ISO-3--30000X--0042_Vesicles_1.tif,/Users/jason/Desktop/OrganelleClassifyDataset/train/Vesicles/ISO-3--30000X--0042_Vesicles_1.tif,cd867298cf44ce72
train,Vesicles,Vesicles/ISO-3--30000X--0047_Vesicles_1.tif,/Users/jason/Desktop/OrganelleClassifyDataset/train/Vesicles/ISO-3--30000X--0047_Vesicles_1.tif,cf9230e383cf8d70
train,Vesicles,Vesicles/ISO-3--30000X--0047_Vesicles_2.tif,/Users/jason/Desktop/OrganelleClassifyDataset/train/Vesicles/ISO-3--30000X--0047_Vesicles_2.tif,aca330d78b7ca172
train,Vesicles,Vesicles/ISO-3--30000X--0053_Vesicles_1.tif,/Users/jason/Desktop/OrganelleClassifyDataset/train/Vesicles/ISO-3--30000X--0053_Vesicles_1.tif,ded5209b8748cc75
train,Vesicles,Vesicles/LA+1170--30000X--0009_Vesicles_1.tif,/Users/jason/Desktop/OrganelleClassifyDataset/train/Vesicles/LA+1170--30000X--0009_Vesicles_1.tif,ca3f35d9c21ecb04
train,Vesicles,Vesicles/LA+1170--30000X--0013_Vesicles_1.tif,/Users/jason/Desktop/OrganelleClassifyDataset/train/Vesicles/LA+1170--30000X--0013_Vesicles_1.tif,ef26f030c3832dce
train,Vesicles,Vesicles/LA+1170--30000X--0014_Vesicles_1.tif,/Users/jason/Desktop/OrganelleClassifyDataset/train/Vesicles/LA+1170--30000X--0014_Vesicles_1.tif,8b9f2144a7f4ef04
train,Vesicles,Vesicles/LA+1170--30000X--0016_Vesicles_1.tif,/Users/jason/Desktop/OrganelleClassifyDataset/train/Vesicles/LA+1170--30000X--0016_Vesicles_1.tif,da48651c5e616eae
train,Vesicles,Vesicles/LA+1170--30000X--0018_Vesicles_1.tif,/Users/jason/Desktop/OrganelleClassifyDataset/train/Vesicles/LA+1170--30000X--0018_Vesicles_1.tif,da9b7251cb6a6c42
train,Vesicles,Vesicles/LA+1170--30000X--0020_Vesicles_2.tif,/Users/jason/Desktop/OrganelleClassifyDataset/train/Vesicles/LA+1170--30000X--0020_Vesicles_2.tif,cb587443c27f8d64
train,Vesicles,Vesicles/LA+1170--30000X--0033_Vesicles_1.tif,/Users/jason/Desktop/OrganelleClassifyDataset/train/Vesicles/LA+1170--30000X--0033_Vesicles_1.tif,b88396c3d95e89d2
train,Vesicles,Vesicles/LA+1170--30000X--0038_Vesicles_1.tif,/Users/jason/Desktop/OrganelleClassifyDataset/train/Vesicles/LA+1170--30000X--0038_Vesicles_1.tif,998665991376cc5b
train,Vesicles,Vesicles/LA+1170--6800X--0007_Vesicles_4.tif,/Users/jason/Desktop/OrganelleClassifyDataset/train/Vesicles/LA+1170--6800X--0007_Vesicles_4.tif,cf4f722093d32acc
train,Vesicles,Vesicles/LA+1170--6800X--0007_Vesicles_5.tif,/Users/jason/Desktop/OrganelleClassifyDataset/train/Vesicles/LA+1170--6800X--0007_Vesicles_5.tif,dfaf60146553c742
train,Vesicles,Vesicles/LA+1170--6800X--0007_Vesicles_6.tif,/Users/jason/Desktop/OrganelleClassifyDataset/train/Vesicles/LA+1170--6800X--0007_Vesicles_6.tif,934f3d34b0688f69
train,Vesicles,Vesicles/LA+1170--6800X--0007_Vesicles_8.tif,/Users/jason/Desktop/OrganelleClassifyDataset/train/Vesicles/LA+1170--6800X--0007_Vesicles_8.tif,ca5e70a8cbc15ccd
train,Vesicles,Vesicles/LA--30000X--0021_Vesicles_1.tif,/Users/jason/Desktop/OrganelleClassifyDataset/train/Vesicles/LA--30000X--0021_Vesicles_1.tif,8e25795e6348cd4d
train,Vesicles,Vesicles/LA--30000X--0022_Vesicles_1.tif,/Users/jason/Desktop/OrganelleClassifyDataset/train/Vesicles/LA--30000X--0022_Vesicles_1.tif,bf5bc3098f341436
train,Vesicles,Vesicles/LA--30000X--0022_Vesicles_2.tif,/Users/jason/Desktop/OrganelleClassifyDataset/train/Vesicles/LA--30000X--0022_Vesicles_2.tif,cf3de02dd2a64d82
train,Vesicles,Vesicles/LA--30000X--0028_Vesicles_1.tif,/Users/jason/Desktop/OrganelleClassifyDataset/train/Vesicles/LA--30000X--0028_Vesicles_1.tif,cbbd70248232dd9b
train,Vesicles,Vesicles/LA--30000X--0032_Vesicles_1.tif,/Users/jason/Desktop/OrganelleClassifyDataset/train/Vesicles/LA--30000X--0032_Vesicles_1.tif,ad0d7039d369db05
train,Vesicles,Vesicles/LA--30000X--0042_Vesicles_1.tif,/Users/jason/Desktop/OrganelleClassifyDataset/train/Vesicles/LA--30000X--0042_Vesicles_1.tif,cbc07c8af3818aed
train,Vesicles,Vesicles/LA--30000X--0045_Vesicles_3.tif,/Users/jason/Desktop/OrganelleClassifyDataset/train/Vesicles/LA--30000X--0045_Vesicles_3.tif,cf26343ad321cd66
train,Vesicles,Vesicles/LA--30000X--0046_Vesicles_1.tif,/Users/jason/Desktop/OrganelleClassifyDataset/train/Vesicles/LA--30000X--0046_Vesicles_1.tif,8f1734a393130e7d
train,Vesicles,Vesicles/LA--30000X--0050_Vesicles_2.tif,/Users/jason/Desktop/OrganelleClassifyDataset/train/Vesicles/LA--30000X--0050_Vesicles_2.tif,a931634a9d51d8b7
train,Vesicles,Vesicles/LA--30000X--0050_Vesicles_4.tif,/Users/jason/Desktop/OrganelleClassifyDataset/train/Vesicles/LA--30000X--0050_Vesicles_4.tif,9f8f75301611d359
train,Vesicles,Vesicles/LA--30000X--0051_Vesicles_1.tif,/Users/jason/Desktop/OrganelleClassifyDataset/train/Vesicles/LA--30000X--0051_Vesicles_1.tif,da34657f8670da90
train,Vesicles,Vesicles/LC1-1--23000X--0014_Vesicles_1.tif,/Users/jason/Desktop/OrganelleClassifyDataset/train/Vesicles/LC1-1--23000X--0014_Vesicles_1.tif,cccd67139a471b98
train,Vesicles,Vesicles/LC1-1--23000X--0014_Vesicles_2.tif,/Users/jason/Desktop/OrganelleClassifyDataset/train/Vesicles/LC1-1--23000X--0014_Vesicles_2.tif,ea56a0aedb243d98
train,Vesicles,Vesicles/LC1-2--23000X--0011_Vesicles_1.tif,/Users/jason/Desktop/OrganelleClassifyDataset/train/Vesicles/LC1-2--23000X--0011_Vesicles_1.tif,d54960d562ca9ee9
train,Vesicles,Vesicles/LC1-3--6800X--0001_Vesicles_1.tif,/Users/jason/Desktop/OrganelleClassifyDataset/train/Vesicles/LC1-3--6800X--0001_Vesicles_1.tif,9ade6100a7fb982e
train,Vesicles,Vesicles/WT+LA--6800X--0009_Vesicles_2.tif,/Users/jason/Desktop/OrganelleClassifyDataset/train/Vesicles/WT+LA--6800X--0009_Vesicles_2.tif,8f722472c723dc2d
train,Vesicles,Vesicles/WT2--30000X--0024_Vesicles_1.tif,/Users/jason/Desktop/OrganelleClassifyDataset/train/Vesicles/WT2--30000X--0024_Vesicles_1.tif,d9ad6676eb22888c
train,Vesicles,Vesicles/g984-sn--13000X--0009_Vesicles_1.tif,/Users/jason/Desktop/OrganelleClassifyDataset/train/Vesicles/g984-sn--13000X--0009_Vesicles_1.tif,de1d7870d661d80e
train,Vesicles,Vesicles/gfp-bsa--30000X--0035_Vesicles_1.tif,/Users/jason/Desktop/OrganelleClassifyDataset/train/Vesicles/gfp-bsa--30000X--0035_Vesicles_1.tif,8f9d7434cb970d88
train,Vesicles,Vesicles/gfp-bsa--30000X--0045_Vesicles_1.tif,/Users/jason/Desktop/OrganelleClassifyDataset/train/Vesicles/gfp-bsa--30000X--0045_Vesicles_1.tif,dcac64bf8255591a
train,Vesicles,Vesicles/k-1--30000X--0016_Vesicles_1.tif,/Users/jason/Desktop/OrganelleClassifyDataset/train/Vesicles/k-1--30000X--0016_Vesicles_1.tif,8ed43976e298d874
train,Vesicles,Vesicles/k-1--6800X--0003_Vesicles_1.tif,/Users/jason/Desktop/OrganelleClassifyDataset/train/Vesicles/k-1--6800X--0003_Vesicles_1.tif,9ac069f047719ae7
train,Vesicles,Vesicles/k-1--6800X--0004_Vesicles_1.tif,/Users/jason/Desktop/OrganelleClassifyDataset/train/Vesicles/k-1--6800X--0004_Vesicles_1.tif,cd203c6d70b3d33a
train,Vesicles,Vesicles/k-1--6800X--0004_Vesicles_2.tif,/Users/jason/Desktop/OrganelleClassifyDataset/train/Vesicles/k-1--6800X--0004_Vesicles_2.tif,cf7530513741c774
train,Vesicles,Vesicles/k-1--6800X--0004_Vesicles_3.tif,/Users/jason/Desktop/OrganelleClassifyDataset/train/Vesicles/k-1--6800X--0004_Vesicles_3.tif,caa42f2f3434f334
train,Vesicles,Vesicles/k-1--6800X--0004_Vesicles_4.tif,/Users/jason/Desktop/OrganelleClassifyDataset/train/Vesicles/k-1--6800X--0004_Vesicles_4.tif,caaa24f137d69a8c
train,Vesicles,Vesicles/k-1--6800X--0008_Vesicles_1.tif,/Users/jason/Desktop/OrganelleClassifyDataset/train/Vesicles/k-1--6800X--0008_Vesicles_1.tif,9e0f20b48683decf
train,Vesicles,Vesicles/k-1--6800X--0011_Vesicles_1.tif,/Users/jason/Desktop/OrganelleClassifyDataset/train/Vesicles/k-1--6800X--0011_Vesicles_1.tif,d27625c99a8ecb70
train,Vesicles,Vesicles/k-1--6800X--0014_Vesicles_1.tif,/Users/jason/Desktop/OrganelleClassifyDataset/train/Vesicles/k-1--6800X--0014_Vesicles_1.tif,cb6c24aa93bcce26
train,Vesicles,Vesicles/kw10-4--13000X--0071_Vesicles_1.tif,/Users/jason/Desktop/OrganelleClassifyDataset/train/Vesicles/kw10-4--13000X--0071_Vesicles_1.tif,d8aee5a19e927249
train,Vesicles,Vesicles/kw10-4--13000X--0071_Vesicles_2.tif,/Users/jason/Desktop/OrganelleClassifyDataset/train/Vesicles/kw10-4--13000X--0071_Vesicles_2.tif,865d31d3ce418e8f
train,Vesicles,Vesicles/kw10-6--6800X--0019_Vesicles_1.tif,/Users/jason/Desktop/OrganelleClassifyDataset/train/Vesicles/kw10-6--6800X--0019_Vesicles_1.tif,9ec478584772d0cf
train,Vesicles,Vesicles/kw10-6--6800X--0044_Vesicles_2.tif,/Users/jason/Desktop/OrganelleClassifyDataset/train/Vesicles/kw10-6--6800X--0044_Vesicles_2.tif,8acb7d2ca275ea82
train,Vesicles,Vesicles/kw10-6--6800X--0050_Vesicles_1.tif,/Users/jason/Desktop/OrganelleClassifyDataset/train/Vesicles/kw10-6--6800X--0050_Vesicles_1.tif,8ac93dabb2529b91
train,Vesicles,Vesicles/kw10-7--13000X--0095_Vesicles_1.tif,/Users/jason/Desktop/OrganelleClassifyDataset/train/Vesicles/kw10-7--13000X--0095_Vesicles_1.tif,fb3a600f9a92e2c9
train,Vesicles,Vesicles/kw3-1--13000X--0118_Vesicles_1.tif,/Users/jason/Desktop/OrganelleClassifyDataset/train/Vesicles/kw3-1--13000X--0118_Vesicles_1.tif,8aee3485c3e28fd1
train,Vesicles,Vesicles/kw3-1--13000X--0118_Vesicles_2.tif,/Users/jason/Desktop/OrganelleClassifyDataset/train/Vesicles/kw3-1--13000X--0118_Vesicles_2.tif,abc1205b837d8dea
train,Vesicles,Vesicles/kw3-2--6800X--0056_Vesicles_1.tif,/Users/jason/Desktop/OrganelleClassifyDataset/train/Vesicles/kw3-2--6800X--0056_Vesicles_1.tif,839174ddf321cdc8
train,Vesicles,Vesicles/kw3-2--6800X--0056_Vesicles_2.tif,/Users/jason/Desktop/OrganelleClassifyDataset/train/Vesicles/kw3-2--6800X--0056_Vesicles_2.tif,d3e624b0c29fcbc4
train,Vesicles,Vesicles/kw3-2--6800X--0056_Vesicles_3.tif,/Users/jason/Desktop/OrganelleClassifyDataset/train/Vesicles/kw3-2--6800X--0056_Vesicles_3.tif,9e1d75c6f640db01
train,Vesicles,Vesicles/kw3-2--6800X--0056_Vesicles_4.tif,/Users/jason/Desktop/OrganelleClassifyDataset/train/Vesicles/kw3-2--6800X--0056_Vesicles_4.tif,9e0279a9e2a688fe
train,Vesicles,Vesicles/kw3-2--6800X--0056_Vesicles_5.tif,/Users/jason/Desktop/OrganelleClassifyDataset/train/Vesicles/kw3-2--6800X--0056_Vesicles_5.tif,d8dc22fcdac8d851
train,Vesicles,Vesicles/kw3-2--6800X--0057_Vesicles_1.tif,/Users/jason/Desktop/OrganelleClassifyDataset/train/Vesicles/kw3-2--6800X--0057_Vesicles_1.tif,cc4e23dccb4c5473
train,Vesicles,Vesicles/kw3-2--6800X--0063_Vesicles_1.tif,/Users/jason/Desktop/OrganelleClassifyDataset/train/Vesicles/kw3-2--6800X--0063_Vesicles_1.tif,896e64c39b8fc919
train,Vesicles,Vesicles/kw3-2--6800X--0063_Vesicles_2.tif,/Users/jason/Desktop/OrganelleClassifyDataset/train/Vesicles/kw3-2--6800X--0063_Vesicles_2.tif,9a04251b9e9c7b2f
train,Vesicles,Vesicles/kw3-2--6800X--0063_Vesicles_3.tif,/Users/jason/Desktop/OrganelleClassifyDataset/train/Vesicles/kw3-2--6800X--0063_Vesicles_3.tif,8a0338ecc336cf9b
train,Vesicles,Vesicles/kw3-4--6800X--0026_Vesicles_1.tif,/Users/jason/Desktop/OrganelleClassifyDataset/train/Vesicles/kw3-4--6800X--0026_Vesicles_1.tif,cfa5f0708bcc3c07
train,Vesicles,Vesicles/kw3-6--6800X--0043_Vesicles_2.tif,/Users/jason/Desktop/OrganelleClassifyDataset/train/Vesicles/kw3-6--6800X--0043_Vesicles_2.tif,d95d66939d4c822e
train,Vesicles,Vesicles/wt--30000X--0029_Vesicles_3.tif,/Users/jason/Desktop/OrganelleClassifyDataset/train/Vesicles/wt--30000X--0029_Vesicles_3.tif,de21e04b8f7d0c33
train,Vesicles,Vesicles/wt--30000X--0039_Vesicles_1.tif,/Users/jason/Desktop/OrganelleClassifyDataset/train/Vesicles/wt--30000X--0039_Vesicles_1.tif,dc5b7260cbcb4cc4
train,Vesicles,Vesicles/wt--30000X--0047_Vesicles_1.tif,/Users/jason/Desktop/OrganelleClassifyDataset/train/Vesicles/wt--30000X--0047_Vesicles_1.tif,8bcb3474937249d3
train,Vesicles,Vesicles/wt-2--6800X--0044_Vesicles_1.tif,/Users/jason/Desktop/OrganelleClassifyDataset/train/Vesicles/wt-2--6800X--0044_Vesicles_1.tif,cfd43434d1b2cb0b
train,Vesicles,Vesicles/wt-2--6800X--0077_Vesicles_1.tif,/Users/jason/Desktop/OrganelleClassifyDataset/train/Vesicles/wt-2--6800X--0077_Vesicles_1.tif,9f3021cfd6bcd052
train,Vesicles,Vesicles/wt-2--6800X--0077_Vesicles_2.tif,/Users/jason/Desktop/OrganelleClassifyDataset/train/Vesicles/wt-2--6800X--0077_Vesicles_2.tif,c4982f1bf57583a2
train,Vesicles,Vesicles/wt-3--6800X--0015_Vesicles_2.tif,/Users/jason/Desktop/OrganelleClassifyDataset/train/Vesicles/wt-3--6800X--0015_Vesicles_2.tif,9a2f61d017b99b07
train,Vesicles,Vesicles/wt-6--6800X--0052_Vesicles_1.tif,/Users/jason/Desktop/OrganelleClassifyDataset/train/Vesicles/wt-6--6800X--0052_Vesicles_1.tif,8dc624ea0363f9ce
train,Vesicles,Vesicles/wt-6--6800X--0052_Vesicles_2.tif,/Users/jason/Desktop/OrganelleClassifyDataset/train/Vesicles/wt-6--6800X--0052_Vesicles_2.tif,ece46289cd0b769c
train,Vesicles,Vesicles/wt-6--6800X--0052_Vesicles_3.tif,/Users/jason/Desktop/OrganelleClassifyDataset/train/Vesicles/wt-6--6800X--0052_Vesicles_3.tif,8ee2216096dbbe8b
train,Vesicles,Vesicles/wt-6--6800X--0052_Vesicles_4.tif,/Users/jason/Desktop/OrganelleClassifyDataset/train/Vesicles/wt-6--6800X--0052_Vesicles_4.tif,8e5a25ce8e144cf7
train,Vesicles,Vesicles/wt-6--6800X--0057_Vesicles_1.tif,/Users/jason/Desktop/OrganelleClassifyDataset/train/Vesicles/wt-6--6800X--0057_Vesicles_1.tif,ca7a68d6c445ce2d
test,Autosome,Autosome/1--30000X--0006_Autosome_6.tif,/Users/jason/Desktop/OrganelleClassifyDataset/test/Autosome/1--30000X--0006_Autosome_6.tif,fd50b069cf643a34
test,Autosome,Autosome/1--30000X--0007_Autosome_2.tif,/Users/jason/Desktop/OrganelleClassifyDataset/test/Autosome/1--30000X--0007_Autosome_2.tif,b282d18e872dd9e5
test,Autosome,Autosome/1--30000X--0009_Autosome_1.tif,/Users/jason/Desktop/OrganelleClassifyDataset/test/Autosome/1--30000X--0009_Autosome_1.tif,e3867c3983c4ced1
test,Autosome,Autosome/1--30000X--0010_Autosome_2.tif,/Users/jason/Desktop/OrganelleClassifyDataset/test/Autosome/1--30000X--0010_Autosome_2.tif,bd3d9030cefb1c09
test,Autosome,Autosome/1--30000X--0010_Autosome_3.tif,/Users/jason/Desktop/OrganelleClassifyDataset/test/Autosome/1--30000X--0010_Autosome_3.tif,b944971ecf31252b
test,Autosome,Autosome/1-1shiyan--23000X--0014_Autosome_1.tif,/Users/jason/Desktop/OrganelleClassifyDataset/test/Autosome/1-1shiyan--23000X--0014_Autosome_1.tif,e837c321cc4797c6
test,Autosome,Autosome/1-3-hkf--23000X--0024_Autosome_2.tif,/Users/jason/Desktop/OrganelleClassifyDataset/test/Autosome/1-3-hkf--23000X--0024_Autosome_2.tif,a04a971f4af16b4d
test,Autosome,Autosome/10-N--23000X--0010_Autosome_1.tif,/Users/jason/Desktop/OrganelleClassifyDataset/test/Autosome/10-N--23000X--0010_Autosome_1.tif,f1cdc5098f708ba9
test,Autosome,Autosome/10-N--23000X--0052_Autosome_1.tif,/Users/jason/Desktop/OrganelleClassifyDataset/test/Autosome/10-N--23000X--0052_Autosome_1.tif,fd929848e42db8f8
test,Autosome,Autosome/10-N--23000X--0059_Autosome_1.tif,/Users/jason/Desktop/OrganelleClassifyDataset/test/Autosome/10-N--23000X--0059_Autosome_1.tif,fd90d242cdcc4e74
test,Autosome,Autosome/10-N--23000X--0059_Autosome_2.tif,/Users/jason/Desktop/OrganelleClassifyDataset/test/Autosome/10-N--23000X--0059_Autosome_2.tif,e80e83cbdc8f619c
test,Autosome,Autosome/10-N--23000X--0059_Autosome_3.tif,/Users/jason/Desktop/OrganelleClassifyDataset/test/Autosome/10-N--23000X--0059_Autosome_3.tif,b06e81962cd373b9
test,Autosome,Autosome/10-SI--23000X--0019_Autosome_1.tif,/Users/jason/Desktop/OrganelleClassifyDataset/test/Autosome/10-SI--23000X--0019_Autosome_1.tif,fac0c79b9a2d1436
test,Autosome,Autosome/10-SI--23000X--0027_Autosome_2.tif,/Users/jason/Desktop/OrganelleClassifyDataset/test/Autosome/10-SI--23000X--0027_Autosome_2.tif,a1f19615fa352571
test,Autosome,Autosome/2--30000X--0006_Autosome_4.tif,/Users/jason/Desktop/OrganelleClassifyDataset/test/Autosome/2--30000X--0006_Autosome_4.tif,be74d22b2d4d3590
test,Autosome,Autosome/2--30000X--0010_Autosome_2.tif,/Users/jason/Desktop/OrganelleClassifyDataset/test/Autosome/2--30000X--0010_Autosome_2.tif,caaf9e14038e16ee
test,Autosome,Autosome/3W-CD4-10nmGR1--30000X--0101_Autosome_1.tif,/Users/jason/Desktop/OrganelleClassifyDataset/test/Autosome/3W-CD4-10nmGR1--30000X--0101_Autosome_1.tif,ed92c633cb8449ce
test,Autosome,Autosome/4--30000X--0021_Autosome_1.tif,/Users/jason/Desktop/OrganelleClassifyDataset/test/Autosome/4--30000X--0021_Autosome_1.tif,bff005b0ac07ce0f
test,Autosome,Autosome/5-HT1D--30000X--0011_Autosome_1.tif,/Users/jason/Desktop/OrganelleClassifyDataset/test/Autosome/5-HT1D--30000X--0011_Autosome_1.tif,c9d7a23d72c18327
test,Autosome,Autosome/LC1-3--23000X--0010_Autosome_3.tif,/Users/jason/Desktop/OrganelleClassifyDataset/test/Autosome/LC1-3--23000X--0010_Autosome_3.tif,bfece0c2d04dd02d
test,Autosome,Autosome/LC1-3--23000X--0012_Autosome_1.tif,/Users/jason/Desktop/OrganelleClassifyDataset/test/Autosome/LC1-3--23000X--0012_Autosome_1.tif,fa2d84d1d246998f
test,Autosome,Autosome/LC1-4--23000X--0011_Autosome_1.tif,/Users/jason/Desktop/OrganelleClassifyDataset/test/Autosome/LC1-4--23000X--0011_Autosome_1.tif,b99de524e62cc117
test,Autosome,Autosome/LC1-4--23000X--0013_Autosome_1.tif,/Users/jason/Desktop/OrganelleClassifyDataset/test/Autosome/LC1-4--23000X--0013_Autosome_1.tif,bca2820742fc3f9e
test,Autosome,Autosome/NC--30000X--0015_Autosome_1.tif,/Users/jason/Desktop/OrganelleClassifyDataset/test/Autosome/NC--30000X--0015_Autosome_1.tif,c4941bfaf6a42969
test,Autosome,Autosome/PG1--98000X--0009_Autosome_1.tif,/Users/jason/Desktop/OrganelleClassifyDataset/test/Autosome/PG1--98000X--0009_Autosome_1.tif,ee70818e9cdae529
test,Autosome,Autosome/PG1--98000X--0010_Autosome_1.tif,/Users/jason/Desktop/OrganelleClassifyDataset/test/Autosome/PG1--98000X--0010_Autosome_1.tif,b1f08d691a2d3337
test,Autosome,Autosome/PG1--98000X--0013_Autosome_1.tif,/Users/jason/Desktop/OrganelleClassifyDataset/test/Autosome/PG1--98000X--0013_Autosome_1.tif,ec9a8e793c613266
test,Autosome,Autosome/PG1--98000X--0016_Autosome_1.tif,/Users/jason/Desktop/OrganelleClassifyDataset/test/Autosome/PG1--98000X--0016_Autosome_1.tif,e15499ce2ccbf429
test,Autosome,Autosome/PG1--98000X--0034_Autosome_1.tif,/Users/jason/Desktop/OrganelleClassifyDataset/test/Autosome/PG1--98000X--0034_Autosome_1.tif,bf68eebcc0c32906
test,Autosome,Autosome/PG1--98000X--0036_Autosome_1.tif,/Users/jason/Desktop/OrganelleClassifyDataset/test/Autosome/PG1--98000X--0036_Autosome_1.tif,eff392c41a93c816
test,Autosome,Autosome/PG2--98000X--0015_Autosome_1.tif,/Users/jason/Desktop/OrganelleClassifyDataset/test/Autosome/PG2--98000X--0015_Autosome_1.tif,ac57902acd376695
test,Autosome,Autosome/PS-50SI--23000X--0041_Autosome_1.tif,/Users/jason/Desktop/OrganelleClassifyDataset/test/Autosome/PS-50SI--23000X--0041_Autosome_1.tif,fc6cc3a55a87d00e
test,Autosome,Autosome/PV--30000X--0094_Autosome_2.tif,/Users/jason/Desktop/OrganelleClassifyDataset/test/Autosome/PV--30000X--0094_Autosome_2.tif,f964d499b4b37290
test,Autosome,Autosome/RKO-SEP-0--30000X--0011_Autosome_1.tif,/Users/jason/Desktop/OrganelleClassifyDataset/test/Autosome/RKO-SEP-0--30000X--0011_Autosome_1.tif,a5fcd6274916611d
test,Autosome,Autosome/SH1--18500X--0031_Autosome_1.tif,/Users/jason/Desktop/OrganelleClassifyDataset/test/Autosome/SH1--18500X--0031_Autosome_1.tif,f18d835d1b812bc7
test,Autosome,Autosome/ZYZ--49000X--0002_Autosome_4.tif,/Users/jason/Desktop/OrganelleClassifyDataset/test/Autosome/ZYZ--49000X--0002_Autosome_4.tif,a040d06bdb3c4dfd
test,CellWall,CellWall/1-1-llq_008_Cell_Wall_2.tif,/Users/jason/Desktop/OrganelleClassifyDataset/test/CellWall/1-1-llq_008_Cell_Wall_2.tif,f82fb526d6780b50
test,CellWall,CellWall/1-1-llq_010_Cell_Wall_1.tif,/Users/jason/Desktop/OrganelleClassifyDataset/test/CellWall/1-1-llq_010_Cell_Wall_1.tif,bd63b191538e899c
test,CellWall,CellWall/1.1_001_Cell_Wall_1.tif,/Users/jason/Desktop/OrganelleClassifyDataset/test/CellWall/1.1_001_Cell_Wall_1.tif,931549ec7ac9c27a
test,CellWall,CellWall/11-1-1_008_Cell_Wall_1.tif,/Users/jason/Desktop/OrganelleClassifyDataset/test/CellWall/11-1-1_008_Cell_Wall_1.tif,99e62b487bd39415
test,CellWall,CellWall/12-1-1_004_Cell_Wall_1.tif,/Users/jason/Desktop/OrganelleClassifyDataset/test/CellWall/12-1-1_004_Cell_Wall_1.tif,ce1b39e2a71c6cb0
test,CellWall,CellWall/14-1_001_Cell_Wall_2.tif,/Users/jason/Desktop/OrganelleClassifyDataset/test/CellWall/14-1_001_Cell_Wall_2.tif,82cb7f2895c36a3c
test,CellWall,CellWall/14-1_009_Cell_Wall_1.tif,/Users/jason/Desktop/OrganelleClassifyDataset/test/CellWall/14-1_009_Cell_Wall_1.tif,925aed56aa14ee85
test,CellWall,CellWall/15-1_007_Cell_Wall_1.tif,/Users/jason/Desktop/OrganelleClassifyDataset/test/CellWall/15-1_007_Cell_Wall_1.tif,8e4caca636baf113
test,CellWall,CellWall/15-1_016_Cell_Wall_1.tif,/Users/jason/Desktop/OrganelleClassifyDataset/test/CellWall/15-1_016_Cell_Wall_1.tif,c7587161ad9cd946
test,CellWall,CellWall/17-1_010_Cell_Wall_1.tif,/Users/jason/Desktop/OrganelleClassifyDataset/test/CellWall/17-1_010_Cell_Wall_1.tif,8b316658f384b756
test,CellWall,CellWall/17-1_013_Cell_Wall_1.tif,/Users/jason/Desktop/OrganelleClassifyDataset/test/CellWall/17-1_013_Cell_Wall_1.tif,9933b025eccd9966
test,CellWall,CellWall/18-1_002_Cell_Wall_1.tif,/Users/jason/Desktop/OrganelleClassifyDataset/test/CellWall/18-1_002_Cell_Wall_1.tif,aef9c68d8b1a5614
test,CellWall,CellWall/19-1_008_Cell_Wall_3.tif,/Users/jason/Desktop/OrganelleClassifyDataset/test/CellWall/19-1_008_Cell_Wall_3.tif,90ed4c17ef0be09c
test,CellWall,CellWall/2-llq_010_Cell_Wall_1.tif,/Users/jason/Desktop/OrganelleClassifyDataset/test/CellWall/2-llq_010_Cell_Wall_1.tif,910663619edf07b6
test,CellWall,CellWall/2.1_010_Cell_Wall_1.tif,/Users/jason/Desktop/OrganelleClassifyDataset/test/CellWall/2.1_010_Cell_Wall_1.tif,e4e499632c733754
test,CellWall,CellWall/2gill_007_Cell_Wall_4.tif,/Users/jason/Desktop/OrganelleClassifyDataset/test/CellWall/2gill_007_Cell_Wall_4.tif,e7b959ac52ad5032
test,CellWall,CellWall/3-llq_007_Cell_Wall_1.tif,/Users/jason/Desktop/OrganelleClassifyDataset/test/CellWall/3-llq_007_Cell_Wall_1.tif,991d8cbcf616521b
test,CellWall,CellWall/3-llq_008_Cell_Wall_1.tif,/Users/jason/Desktop/OrganelleClassifyDataset/test/CellWall/3-llq_008_Cell_Wall_1.tif,805e50535f5b4b5b
test,CellWall,CellWall/4gill_010_Cell_Wall_1.tif,/Users/jason/Desktop/OrganelleClassifyDataset/test/CellWall/4gill_010_Cell_Wall_1.tif,ad17164989e4e2f3
test,CellWall,CellWall/4gill_011_Cell_Wall_1.tif,/Users/jason/Desktop/OrganelleClassifyDataset/test/CellWall/4gill_011_Cell_Wall_1.tif,b6e690f34e2cb017
test,CellWall,CellWall/5drp1a-_007_Cell_Wall_1.tif,/Users/jason/Desktop/OrganelleClassifyDataset/test/CellWall/5drp1a-_007_Cell_Wall_1.tif,a278d6b7c8d4850f
test,CellWall,CellWall/HST-CK_006_Cell_Wall_3.tif,/Users/jason/Desktop/OrganelleClassifyDataset/test/CellWall/HST-CK_006_Cell_Wall_3.tif,c993b256a594da6c
test,CellWall,CellWall/HST-CK_007_Cell_Wall_2.tif,/Users/jason/Desktop/OrganelleClassifyDataset/test/CellWall/HST-CK_007_Cell_Wall_2.tif,aed95628edd20d2c
test,CellWall,CellWall/HST-CK_010_Cell_Wall_1.tif,/Users/jason/Desktop/OrganelleClassifyDataset/test/CellWall/HST-CK_010_Cell_Wall_1.tif,a1296f6a4a1f5ad2
test,CellWall,CellWall/HST-CK_010_Cell_Wall_3.tif,/Users/jason/Desktop/OrganelleClassifyDataset/test/CellWall/HST-CK_010_Cell_Wall_3.tif,c3b4635c53a6a9a3
test,CellWall,CellWall/HST-TREAT_002_Cell_Wall_1.tif,/Users/jason/Desktop/OrganelleClassifyDataset/test/CellWall/HST-TREAT_002_Cell_Wall_1.tif,9b21c33ae1c3c0df
test,CellWall,CellWall/HST-TREAT_002_Cell_Wall_2.tif,/Users/jason/Desktop/OrganelleClassifyDataset/test/CellWall/HST-TREAT_002_Cell_Wall_2.tif,96f2505fd30070fd
test,CellWall,CellWall/HST-TREAT_005_Cell_Wall_3.tif,/Users/jason/Desktop/OrganelleClassifyDataset/test/CellWall/HST-TREAT_005_Cell_Wall_3.tif,96db260baf331d06
test,CellWall,CellWall/HST-TREAT_010_Cell_Wall_1.tif,/Users/jason/Desktop/OrganelleClassifyDataset/test/CellWall/HST-TREAT_010_Cell_Wall_1.tif,dd95aa56a554a94a
test,CellWall,CellWall/HST-TREAT_010_Cell_Wall_3.tif,/Users/jason/Desktop/OrganelleClassifyDataset/test/CellWall/HST-TREAT_010_Cell_Wall_3.tif,ec6cae66abc9c052
test,CellWall,CellWall/HST-TREAT_012_Cell_Wall_1.tif,/Users/jason/Desktop/OrganelleClassifyDataset/test/CellWall/HST-TREAT_012_Cell_Wall_1.tif,a636cc09f242fcb9
test,CellWall,CellWall/HST-TREAT_013_Cell_Wall_1.tif,/Users/jason/Desktop/OrganelleClassifyDataset/test/CellWall/HST-TREAT_013_Cell_Wall_1.tif,9d38fcc0851d3ba3
test,CellWall,CellWall/HST-TREAT_015_Cell_Wall_3.tif,/Users/jason/Desktop/OrganelleClassifyDataset/test/CellWall/HST-TREAT_015_Cell_Wall_3.tif,c16dbf82905bcd0e
test,CellWall,CellWall/HST-TREAT_016_Cell_Wall_1.tif,/Users/jason/Desktop/OrganelleClassifyDataset/test/CellWall/HST-TREAT_016_Cell_Wall_1.tif,8b12a5b768a4bf0e
test,CellWall,CellWall/club2_007_Cell_Wall_1.tif,/Users/jason/Desktop/OrganelleClassifyDataset/test/CellWall/club2_007_Cell_Wall_1.tif,cc132a24936bb5f9
test,CellWall,CellWall/drp1a+_004_Cell_Wall_1.tif,/Users/jason/Desktop/OrganelleClassifyDataset/test/CellWall/drp1a+_004_Cell_Wall_1.tif,c12ab7fe478011fa
test,CellWall,CellWall/drp1a+_005_Cell_Wall_1.tif,/Users/jason/Desktop/OrganelleClassifyDataset/test/CellWall/drp1a+_005_Cell_Wall_1.tif,d2d65e12567f0507
test,CellWall,CellWall/drp1a+_006_Cell_Wall_1.tif,/Users/jason/Desktop/OrganelleClassifyDataset/test/CellWall/drp1a+_006_Cell_Wall_1.tif,c46309140a2fff7e
test,CellWall,CellWall/ech_001_Cell_Wall_3.tif,/Users/jason/Desktop/OrganelleClassifyDataset/test/CellWall/ech_001_Cell_Wall_3.tif,d996a77812c63935
test,CellWall,CellWall/essam21_003_Cell_Wall_1.tif,/Users/jason/Desktop/OrganelleClassifyDataset/test/CellWall/essam21_003_Cell_Wall_1.tif,e763a59a70125c73
test,CellWall,CellWall/essam21_003_Cell_Wall_2.tif,/Users/jason/Desktop/OrganelleClassifyDataset/test/CellWall/essam21_003_Cell_Wall_2.tif,e7878742d09caa73
test,CellWall,CellWall/essam25_003_Cell_Wall_1.tif,/Users/jason/Desktop/OrganelleClassifyDataset/test/CellWall/essam25_003_Cell_Wall_1.tif,f70ffd1acce00a05
test,CellWall,CellWall/lyn10_001_Cell_Wall_3.tif,/Users/jason/Desktop/OrganelleClassifyDataset/test/CellWall/lyn10_001_Cell_Wall_3.tif,a6e44c3cc167f84d
test,CellWall,CellWall/lyn10_008_Cell_Wall_3.tif,/Users/jason/Desktop/OrganelleClassifyDataset/test/CellWall/lyn10_008_Cell_Wall_3.tif,da1485e3f2b92c2e
test,CellWall,CellWall/lyn10_009_Cell_Wall_1.tif,/Users/jason/Desktop/OrganelleClassifyDataset/test/CellWall/lyn10_009_Cell_Wall_1.tif,9fa3502fe4d0e1c6
test,CellWall,CellWall/lyn11_001_Cell_Wall_1.tif,/Users/jason/Desktop/OrganelleClassifyDataset/test/CellWall/lyn11_001_Cell_Wall_1.tif,85fe80037438bbcf
test,CellWall,CellWall/lyn11_001_Cell_Wall_3.tif,/Users/jason/Desktop/OrganelleClassifyDataset/test/CellWall/lyn11_001_Cell_Wall_3.tif,a676416d94f921f2
test,CellWall,CellWall/lyn12_005_Cell_Wall_1.tif,/Users/jason/Desktop/OrganelleClassifyDataset/test/CellWall/lyn12_005_Cell_Wall_1.tif,ed457bc5509d1329
test,CellWall,CellWall/lyn13_001_Cell_Wall_2.tif,/Users/jason/Desktop/OrganelleClassifyDataset/test/CellWall/lyn13_001_Cell_Wall_2.tif,a588e6f65d0616d9
test,CellWall,CellWall/lyn15_001_Cell_Wall_2.tif,/Users/jason/Desktop/OrganelleClassifyDataset/test/CellWall/lyn15_001_Cell_Wall_2.tif,e4e486bb3382de51
test,CellWall,CellWall/lyn5_001_Cell_Wall_1.tif,/Users/jason/Desktop/OrganelleClassifyDataset/test/CellWall/lyn5_001_Cell_Wall_1.tif,ce7450db454e6e46
test,CellWall,CellWall/lyn5_005_Cell_Wall_2.tif,/Users/jason/Desktop/OrganelleClassifyDataset/test/CellWall/lyn5_005_Cell_Wall_2.tif,95158be2f2b96c86
test,CellWall,CellWall/lyn5_011_Cell_Wall_1.tif,/Users/jason/Desktop/OrganelleClassifyDataset/test/CellWall/lyn5_011_Cell_Wall_1.tif,95f49f836a2a91d4
test,CellWall,CellWall/lyn6_007_Cell_Wall_1.tif,/Users/jason/Desktop/OrganelleClassifyDataset/test/CellWall/lyn6_007_Cell_Wall_1.tif,b118864558b6adfb
test,CellWall,CellWall/lyn8_009_Cell_Wall_1.tif,/Users/jason/Desktop/OrganelleClassifyDataset/test/CellWall/lyn8_009_Cell_Wall_1.tif,b8b8c66398ae439d
test,CellWall,CellWall/mkb4_001_Cell_Wall_4.tif,/Users/jason/Desktop/OrganelleClassifyDataset/test/CellWall/mkb4_001_Cell_Wall_4.tif,8d7278308fc7ce4c
test,CellWall,CellWall/mkb4_011_Cell_Wall_1.tif,/Users/jason/Desktop/OrganelleClassifyDataset/test/CellWall/mkb4_011_Cell_Wall_1.tif,841760e7c7e08fec
test,CellWall,CellWall/mkb4_013_Cell_Wall_1.tif,/Users/jason/Desktop/OrganelleClassifyDataset/test/CellWall/mkb4_013_Cell_Wall_1.tif,ab2ba5dbc6564344
test,CellWall,CellWall/mkb5_001_Cell_Wall_1.tif,/Users/jason/Desktop/OrganelleClassifyDataset/test/CellWall/mkb5_001_Cell_Wall_1.tif,e119e533c8e136c7
test,CellWall,CellWall/mkb5_001_Cell_Wall_2.tif,/Users/jason/Desktop/OrganelleClassifyDataset/test/CellWall/mkb5_001_Cell_Wall_2.tif,cc31949da9e8664f
test,CellWall,CellWall/mkb5_004_Cell_Wall_1.tif,/Users/jason/Desktop/OrganelleClassifyDataset/test/CellWall/mkb5_004_Cell_Wall_1.tif,a355897d2c967689
test,CellWall,CellWall/mkb6_011_Cell_Wall_1.tif,/Users/jason/Desktop/OrganelleClassifyDataset/test/CellWall/mkb6_011_Cell_Wall_1.tif,cba7fa2814f805f8
test,CellWall,CellWall/mkb6_013_Cell_Wall_1.tif,/Users/jason/Desktop/OrganelleClassifyDataset/test/CellWall/mkb6_013_Cell_Wall_1.tif,8679cf89c318e738
test,CellWall,CellWall/mkb7_008_Cell_Wall_1.tif,/Users/jason/Desktop/OrganelleClassifyDataset/test/CellWall/mkb7_008_Cell_Wall_1.tif,8bd989dacb52e454
test,CellWall,CellWall/mkb8_010_Cell_Wall_1.tif,/Users/jason/Desktop/OrganelleClassifyDataset/test/CellWall/mkb8_010_Cell_Wall_1.tif,d0c86cb4cae7b90d
test,CellWall,CellWall/mkb8_016_Cell_Wall_1.tif,/Users/jason/Desktop/OrganelleClassifyDataset/test/CellWall/mkb8_016_Cell_Wall_1.tif,89a2399a9a8f5b5a
test,CellWall,CellWall/mkb9_001_Cell_Wall_3.tif,/Users/jason/Desktop/OrganelleClassifyDataset/test/CellWall/mkb9_001_Cell_Wall_3.tif,ebb2d192cbf21a0c
test,CellWall,CellWall/mkb9_005_Cell_Wall_1.tif,/Users/jason/Desktop/OrganelleClassifyDataset/test/CellWall/mkb9_005_Cell_Wall_1.tif,aa1a2fca1ab147ae
test,CellWall,CellWall/nangua_f_009_Cell_Wall_1.tif,/Users/jason/Desktop/OrganelleClassifyDataset/test/CellWall/nangua_f_009_Cell_Wall_1.tif,cb6e4c11c75c5656
test,CellWall,CellWall/qm-2_005_Cell_Wall_1.tif,/Users/jason/Desktop/OrganelleClassifyDataset/test/CellWall/qm-2_005_Cell_Wall_1.tif,a1b239807f8ab5ea
test,CellWall,CellWall/qm-2_007_Cell_Wall_1.tif,/Users/jason/Desktop/OrganelleClassifyDataset/test/CellWall/qm-2_007_Cell_Wall_1.tif,a4e4927be99cf40a
test,CellWall,CellWall/qm-2_007_Cell_Wall_2.tif,/Users/jason/Desktop/OrganelleClassifyDataset/test/CellWall/qm-2_007_Cell_Wall_2.tif,9144dcfdf90127a3
test,CellWall,CellWall/qm-2_011_Cell_Wall_1.tif,/Users/jason/Desktop/OrganelleClassifyDataset/test/CellWall/qm-2_011_Cell_Wall_1.tif,cf17b4f8dc4483a1
test,CellWall,CellWall/qm1_007_Cell_Wall_1.tif,/Users/jason/Desktop/OrganelleClassifyDataset/test/CellWall/qm1_007_Cell_Wall_1.tif,b89e1c430c32de7b
test,CellWall,CellWall/qm1_014_Cell_Wall_2.tif,/Users/jason/Desktop/OrganelleClassifyDataset/test/CellWall/qm1_014_Cell_Wall_2.tif,8cbbdc26910ca27f
test,CellWall,CellWall/qm1_014_Cell_Wall_3.tif,/Users/jason/Desktop/OrganelleClassifyDataset/test/CellWall/qm1_014_Cell_Wall_3.tif,e67649f593b01a4a
test,CellWall,CellWall/qm1_014_Cell_Wall_5.tif,/Users/jason/Desktop/OrganelleClassifyDataset/test/CellWall/qm1_014_Cell_Wall_5.tif,85134beb69f80cf4
test,CellWall,CellWall/qm1_019_Cell_Wall_1.tif,/Users/jason/Desktop/OrganelleClassifyDataset/test/CellWall/qm1_019_Cell_Wall_1.tif,d21e91416e7e8f43
test,CellWall,CellWall/sft11_004_Cell_Wall_1.tif,/Users/jason/Desktop/OrganelleClassifyDataset/test/CellWall/sft11_004_Cell_Wall_1.tif,a97417604f5a56f1
test,CellWall,CellWall/shd2_011_Cell_Wall_3.tif,/Users/jason/Desktop/OrganelleClassifyDataset/test/CellWall/shd2_011_Cell_Wall_3.tif,98c3ce1810f7b7b4
test,CellWall,CellWall/shd2_016_Cell_Wall_1.tif,/Users/jason/Desktop/OrganelleClassifyDataset/test/CellWall/shd2_016_Cell_Wall_1.tif,a9bec26f35d0093c
test,CellWall,CellWall/shd3_004_Cell_Wall_2.tif,/Users/jason/Desktop/OrganelleClassifyDataset/test/CellWall/shd3_004_Cell_Wall_2.tif,9ac3e2b68ca4d2ab
test,CellWall,CellWall/shd3_011_Cell_Wall_2.tif,/Users/jason/Desktop/OrganelleClassifyDataset/test/CellWall/shd3_011_Cell_Wall_2.tif,c9a4cf60328f957a
test,CellWall,CellWall/tjq-4_006_Cell_Wall_2.tif,/Users/jason/Desktop/OrganelleClassifyDataset/test/CellWall/tjq-4_006_Cell_Wall_2.tif,cccdd926d24c32cd
test,CellWall,CellWall/wbb-4_008_Cell_Wall_1.tif,/Users/jason/Desktop/OrganelleClassifyDataset/test/CellWall/wbb-4_008_Cell_Wall_1.tif,d9d64b8809cd6cf1
test,CellWall,CellWall/wht1_009_Cell_Wall_1.tif,/Users/jason/Desktop/OrganelleClassifyDataset/test/CellWall/wht1_009_Cell_Wall_1.tif,ae20b14b7cd2cb2d
test,CellWall,CellWall/wht2_002_Cell_Wall_1.tif,/Users/jason/Desktop/OrganelleClassifyDataset/test/CellWall/wht2_002_Cell_Wall_1.tif,8f11f0672f24d86d
test,CellWall,CellWall/wht2_024_Cell_Wall_1.tif,/Users/jason/Desktop/OrganelleClassifyDataset/test/CellWall/wht2_024_Cell_Wall_1.tif,a66ddbd224a5c929
test,CellWall,CellWall/xsj2_005_Cell_Wall_2.tif,/Users/jason/Desktop/OrganelleClassifyDataset/test/CellWall/xsj2_005_Cell_Wall_2.tif,a373983c60871efa
test,CellWall,CellWall/zzc2_014_Cell_Wall_1.tif,/Users/jason/Desktop/OrganelleClassifyDataset/test/CellWall/zzc2_014_Cell_Wall_1.tif,9c4d33cb261beb12
test,CellWall,CellWall/zzc2_014_Cell_Wall_2.tif,/Users/jason/Desktop/OrganelleClassifyDataset/test/CellWall/zzc2_014_Cell_Wall_2.tif,8d64e9ac64b26da5
test,CellWall,CellWall/zzc3_002_Cell_Wall_1.tif,/Users/jason/Desktop/OrganelleClassifyDataset/test/CellWall/zzc3_002_Cell_Wall_1.tif,c9cd7a1be2b98612
test,CellWall,CellWall/zzc3_002_Cell_Wall_4.tif,/Users/jason/Desktop/OrganelleClassifyDataset/test/CellWall/zzc3_002_Cell_Wall_4.tif,9581eefe22398c87
test,CellWall,CellWall/zzc3_006_Cell_Wall_1.tif,/Users/jason/Desktop/OrganelleClassifyDataset/test/CellWall/zzc3_006_Cell_Wall_1.tif,96902de5c32877ea
test,CellWall,CellWall/zzc4_016_Cell_Wall_6.tif,/Users/jason/Desktop/OrganelleClassifyDataset/test/CellWall/zzc4_016_Cell_Wall_6.tif,dbe264b195185cd6
test,CellWall,CellWall/zzc6_006_Cell_Wall_2.tif,/Users/jason/Desktop/OrganelleClassifyDataset/test/CellWall/zzc6_006_Cell_Wall_2.tif,bb6e699b8c274350
test,CellWall,CellWall/zzc6_009_Cell_Wall_1.tif,/Users/jason/Desktop/OrganelleClassifyDataset/test/CellWall/zzc6_009_Cell_Wall_1.tif,c69324349fcb2af8
test,CellWall,CellWall/zzc7_016_Cell_Wall_1.tif,/Users/jason/Desktop/OrganelleClassifyDataset/test/CellWall/zzc7_016_Cell_Wall_1.tif,cc0697f8605f91ea
test,CellWall,CellWall/zzc7_019_Cell_Wall_1.tif,/Users/jason/Desktop/OrganelleClassifyDataset/test/CellWall/zzc7_019_Cell_Wall_1.tif,d49b2778cf90a139
test,Chloroplast,Chloroplast/1.1_008_Chloroplast_3.tif,/Users/jason/Desktop/OrganelleClassifyDataset/test/Chloroplast/1.1_008_Chloroplast_3.tif,edc8d83b43d03e49
test,Chloroplast,Chloroplast/1.1_009_Chloroplast_2.tif,/Users/jason/Desktop/OrganelleClassifyDataset/test/Chloroplast/1.1_009_Chloroplast_2.tif,fb42c41d9b34652d
test,Chloroplast,Chloroplast/2.1_002_Chloroplast_2.tif,/Users/jason/Desktop/OrganelleClassifyDataset/test/Chloroplast/2.1_002_Chloroplast_2.tif,bf89d06ac3618667
test,Chloroplast,Chloroplast/2.1_008_Chloroplast_1.tif,/Users/jason/Desktop/OrganelleClassifyDataset/test/Chloroplast/2.1_008_Chloroplast_1.tif,96a0da379b4b81ec
test,Chloroplast,Chloroplast/2.1_008_Chloroplast_3.tif,/Users/jason/Desktop/OrganelleClassifyDataset/test/Chloroplast/2.1_008_Chloroplast_3.tif,abb48580da87cbce
test,Chloroplast,Chloroplast/2gill_002_Chloroplast_4.tif,/Users/jason/Desktop/OrganelleClassifyDataset/test/Chloroplast/2gill_002_Chloroplast_4.tif,be1e8058cd499cf6
test,Chloroplast,Chloroplast/2gill_005_Chloroplast_3.tif,/Users/jason/Desktop/OrganelleClassifyDataset/test/Chloroplast/2gill_005_Chloroplast_3.tif,fd95d07889615547
test,Chloroplast,Chloroplast/2gill_009_Chloroplast_3.tif,/Users/jason/Desktop/OrganelleClassifyDataset/test/Chloroplast/2gill_009_Chloroplast_3.tif,a290f96fc6949b31
test,Chloroplast,Chloroplast/2gill_009_Chloroplast_8.tif,/Users/jason/Desktop/OrganelleClassifyDataset/test/Chloroplast/2gill_009_Chloroplast_8.tif,fbd0c426839c9eb8
test,Chloroplast,Chloroplast/2gill_012_Chloroplast_5.tif,/Users/jason/Desktop/OrganelleClassifyDataset/test/Chloroplast/2gill_012_Chloroplast_5.tif,bbd1974b0a8d4d94
test,Chloroplast,Chloroplast/2gill_012_Chloroplast_7.tif,/Users/jason/Desktop/OrganelleClassifyDataset/test/Chloroplast/2gill_012_Chloroplast_7.tif,eacdb8614c584bd6
test,Chloroplast,Chloroplast/2gill_012_Chloroplast_8.tif,/Users/jason/Desktop/OrganelleClassifyDataset/test/Chloroplast/2gill_012_Chloroplast_8.tif,aa6ac31f8d1a321f
test,Chloroplast,Chloroplast/309n_002_Chloroplast_1.tif,/Users/jason/Desktop/OrganelleClassifyDataset/test/Chloroplast/309n_002_Chloroplast_1.tif,ae40b5ae9a23cf0e
test,Chloroplast,Chloroplast/309n_009_Chloroplast_5.tif,/Users/jason/Desktop/OrganelleClassifyDataset/test/Chloroplast/309n_009_Chloroplast_5.tif,b85da7a294c9cae2
test,Chloroplast,Chloroplast/309n_009_Chloroplast_6.tif,/Users/jason/Desktop/OrganelleClassifyDataset/test/Chloroplast/309n_009_Chloroplast_6.tif,fffac2c08212d51e
test,Chloroplast,Chloroplast/379c_001_Chloroplast_4.tif,/Users/jason/Desktop/OrganelleClassifyDataset/test/Chloroplast/379c_001_Chloroplast_4.tif,bee890bd9b90d491
test,Chloroplast,Chloroplast/379c_001_Chloroplast_5.tif,/Users/jason/Desktop/OrganelleClassifyDataset/test/Chloroplast/379c_001_Chloroplast_5.tif,be6bc035e78c9832
test,Chloroplast,Chloroplast/3gill_002_Chloroplast_2.tif,/Users/jason/Desktop/OrganelleClassifyDataset/test/Chloroplast/3gill_002_Chloroplast_2.tif,af60c23db990f386
test,Chloroplast,Chloroplast/3gill_002_Chloroplast_3.tif,/Users/jason/Desktop/OrganelleClassifyDataset/test/Chloroplast/3gill_002_Chloroplast_3.tif,e83097c5d2cbaf50
test,Chloroplast,Chloroplast/3gill_010_Chloroplast_2.tif,/Users/jason/Desktop/OrganelleClassifyDataset/test/Chloroplast/3gill_010_Chloroplast_2.tif,ea0ed10d9f129a5b
test,Chloroplast,Chloroplast/3gill_010_Chloroplast_4.tif,/Users/jason/Desktop/OrganelleClassifyDataset/test/Chloroplast/3gill_010_Chloroplast_4.tif,ab9694a9ec65f230
test,Chloroplast,Chloroplast/3gill_014_Chloroplast_3.tif,/Users/jason/Desktop/OrganelleClassifyDataset/test/Chloroplast/3gill_014_Chloroplast_3.tif,aeb7984aa1e4f249
test,Chloroplast,Chloroplast/4.1_006_Chloroplast_1.tif,/Users/jason/Desktop/OrganelleClassifyDataset/test/Chloroplast/4.1_006_Chloroplast_1.tif,ee35d3e29c4c8689
test,Chloroplast,Chloroplast/4.1_013_Chloroplast_1.tif,/Users/jason/Desktop/OrganelleClassifyDataset/test/Chloroplast/4.1_013_Chloroplast_1.tif,ffe0c9a46dd0281e
test,Chloroplast,Chloroplast/5gill_011_Chloroplast_1.tif,/Users/jason/Desktop/OrganelleClassifyDataset/test/Chloroplast/5gill_011_Chloroplast_1.tif,ee48d11639b7e621
test,Chloroplast,Chloroplast/6gill_002_Chloroplast_2.tif,/Users/jason/Desktop/OrganelleClassifyDataset/test/Chloroplast/6gill_002_Chloroplast_2.tif,ea378f42e060b3d9
test,Chloroplast,Chloroplast/6gill_008_Chloroplast_1.tif,/Users/jason/Desktop/OrganelleClassifyDataset/test/Chloroplast/6gill_008_Chloroplast_1.tif,af0eb4bd81b0dae0
test,Chloroplast,Chloroplast/6gill_013_Chloroplast_1.tif,/Users/jason/Desktop/OrganelleClassifyDataset/test/Chloroplast/6gill_013_Chloroplast_1.tif,aae0c5ad5e92969a
test,Chloroplast,Chloroplast/HNNA_001_Chloroplast_7.tif,/Users/jason/Desktop/OrganelleClassifyDataset/test/Chloroplast/HNNA_001_Chloroplast_7.tif,bf4195131a787b62
test,Chloroplast,Chloroplast/LNNA_004_Chloroplast_12.tif,/Users/jason/Desktop/OrganelleClassifyDataset/test/Chloroplast/LNNA_004_Chloroplast_12.tif,e2c39ef8932616b4
test,Chloroplast,Chloroplast/LNNA_004_Chloroplast_17.tif,/Users/jason/Desktop/OrganelleClassifyDataset/test/Chloroplast/LNNA_004_Chloroplast_17.tif,bf97e062b7c818c1
test,Chloroplast,Chloroplast/LNNA_004_Chloroplast_5.tif,/Users/jason/Desktop/OrganelleClassifyDataset/test/Chloroplast/LNNA_004_Chloroplast_5.tif,fad0d587d68c54a8
test,Chloroplast,Chloroplast/LNNA_006_Chloroplast_15.tif,/Users/jason/Desktop/OrganelleClassifyDataset/test/Chloroplast/LNNA_006_Chloroplast_15.tif,abc3c3b5fad84809
test,Chloroplast,Chloroplast/M8_014_Chloroplast_10.tif,/Users/jason/Desktop/OrganelleClassifyDataset/test/Chloroplast/M8_014_Chloroplast_10.tif,fe16c26265e6b078
test,Chloroplast,Chloroplast/M8_014_Chloroplast_2.tif,/Users/jason/Desktop/OrganelleClassifyDataset/test/Chloroplast/M8_014_Chloroplast_2.tif,ea46d54d960d9d1c
test,Chloroplast,Chloroplast/M8_014_Chloroplast_9.tif,/Users/jason/Desktop/OrganelleClassifyDataset/test/Chloroplast/M8_014_Chloroplast_9.tif,ae3f8741dc8bda80
test,Chloroplast,Chloroplast/M9-1_002_Chloroplast_2.tif,/Users/jason/Desktop/OrganelleClassifyDataset/test/Chloroplast/M9-1_002_Chloroplast_2.tif,eb4af44d83189f70
test,Chloroplast,Chloroplast/cjy-2_002_Chloroplast_1.tif,/Users/jason/Desktop/OrganelleClassifyDataset/test/Chloroplast/cjy-2_002_Chloroplast_1.tif,acacf414d6c21737
test,Chloroplast,Chloroplast/cjy-2_012_Chloroplast_2.tif,/Users/jason/Desktop/OrganelleClassifyDataset/test/Chloroplast/cjy-2_012_Chloroplast_2.tif,b648d2f69dc3c419
test,Chloroplast,Chloroplast/cjy-2_012_Chloroplast_4.tif,/Users/jason/Desktop/OrganelleClassifyDataset/test/Chloroplast/cjy-2_012_Chloroplast_4.tif,f5c78e38a3278629
test,Chloroplast,Chloroplast/cjy-2_013_Chloroplast_1.tif,/Users/jason/Desktop/OrganelleClassifyDataset/test/Chloroplast/cjy-2_013_Chloroplast_1.tif,ae40d51e233db26e
test,Chloroplast,Chloroplast/cjy-2_013_Chloroplast_2.tif,/Users/jason/Desktop/OrganelleClassifyDataset/test/Chloroplast/cjy-2_013_Chloroplast_2.tif,c1c0ce9cda1b638f
test,Chloroplast,Chloroplast/m-2_004_Chloroplast_1.tif,/Users/jason/Desktop/OrganelleClassifyDataset/test/Chloroplast/m-2_004_Chloroplast_1.tif,eb3f85709a2390e6
test,Chloroplast,Chloroplast/m-2_004_Chloroplast_5.tif,/Users/jason/Desktop/OrganelleClassifyDataset/test/Chloroplast/m-2_004_Chloroplast_5.tif,a8b597d0dacac9c8
test,Chloroplast,Chloroplast/m-3_004_Chloroplast_1.tif,/Users/jason/Desktop/OrganelleClassifyDataset/test/Chloroplast/m-3_004_Chloroplast_1.tif,fd55f00ac038db74
test,Chloroplast,Chloroplast/m-3_004_Chloroplast_2.tif,/Users/jason/Desktop/OrganelleClassifyDataset/test/Chloroplast/m-3_004_Chloroplast_2.tif,edf4e0c2c305dd0e
test,Chloroplast,Chloroplast/m-3_004_Chloroplast_6.tif,/Users/jason/Desktop/OrganelleClassifyDataset/test/Chloroplast/m-3_004_Chloroplast_6.tif,fff050a34a17a558
test,Chloroplast,Chloroplast/m-7_009_Chloroplast_2.tif,/Users/jason/Desktop/OrganelleClassifyDataset/test/Chloroplast/m-7_009_Chloroplast_2.tif,faab9045740f9e0b
test,Chloroplast,Chloroplast/qm-2_026_Chloroplast_3.tif,/Users/jason/Desktop/OrganelleClassifyDataset/test/Chloroplast/qm-2_026_Chloroplast_3.tif,c829d3c38ddcc167
test,Chloroplast,Chloroplast/qm-2_028_Chloroplast_2.tif,/Users/jason/Desktop/OrganelleClassifyDataset/test/Chloroplast/qm-2_028_Chloroplast_2.tif,fcb0c3538bcc9cc8
test,Chloroplast,Chloroplast/qm-2_028_Chloroplast_4.tif,/Users/jason/Desktop/OrganelleClassifyDataset/test/Chloroplast/qm-2_028_Chloroplast_4.tif,e0b0dbc6536d2633
test,Chloroplast,Chloroplast/swccLong day_007_Chloroplast_1.tif,/Users/jason/Desktop/OrganelleClassifyDataset/test/Chloroplast/swccLong day_007_Chloroplast_1.tif,aaead4e59bd08cc1
test,Chloroplast,Chloroplast/swccday neutral_005_Chloroplast_1.tif,/Users/jason/Desktop/OrganelleClassifyDataset/test/Chloroplast/swccday neutral_005_Chloroplast_1.tif,bd3fc6c8946223d1
test,Chloroplast,Chloroplast/swccday neutral_009_Chloroplast_4.tif,/Users/jason/Desktop/OrganelleClassifyDataset/test/Chloroplast/swccday neutral_009_Chloroplast_4.tif,caaff0a09cc994cd
test,Chloroplast,Chloroplast/swccshort day_004_Chloroplast_2.tif,/Users/jason/Desktop/OrganelleClassifyDataset/test/Chloroplast/swccshort day_004_Chloroplast_2.tif,ab95dac9ecc4c0e2
test,Chloroplast,Chloroplast/wbb-3_001_Chloroplast_2.tif,/Users/jason/Desktop/OrganelleClassifyDataset/test/Chloroplast/wbb-3_001_Chloroplast_2.tif,bf0ec01fca9ca83a
test,Chloroplast,Chloroplast/zb1_005_Chloroplast_3.tif,/Users/jason/Desktop/OrganelleClassifyDataset/test/Chloroplast/zb1_005_Chloroplast_3.tif,ba9cd5e04ec78c86
test,Chloroplast,Chloroplast/zb1_006_Chloroplast_1.tif,/Users/jason/Desktop/OrganelleClassifyDataset/test/Chloroplast/zb1_006_Chloroplast_1.tif,fd1f8e62942692a9
test,Chloroplast,Chloroplast/zb1_007_Chloroplast_1.tif,/Users/jason/Desktop/OrganelleClassifyDataset/test/Chloroplast/zb1_007_Chloroplast_1.tif,bf9fc0688751caa1
test,Chloroplast,Chloroplast/zb1_025_Chloroplast_3.tif,/Users/jason/Desktop/OrganelleClassifyDataset/test/Chloroplast/zb1_025_Chloroplast_3.tif,aeb59e0240f86977
test,Chloroplast,Chloroplast/zb1_028_Chloroplast_1.tif,/Users/jason/Desktop/OrganelleClassifyDataset/test/Chloroplast/zb1_028_Chloroplast_1.tif,fba4c44c9b529873
test,ER,ER/#49--23000X--0020_ER_1.tif,/Users/jason/Desktop/OrganelleClassifyDataset/test/ER/#49--23000X--0020_ER_1.tif,95b1ad8dc2e2ca65
test,ER,ER/10-N--23000X--0017_ER_1.tif,/Users/jason/Desktop/OrganelleClassifyDataset/test/ER/10-N--23000X--0017_ER_1.tif,a7a6be3462d895b0
test,ER,ER/2+--30000X--0012_ER_3.tif,/Users/jason/Desktop/OrganelleClassifyDataset/test/ER/2+--30000X--0012_ER_3.tif,c24ca95bd253e53c
test,ER,ER/2+--30000X--0018_ER_1.tif,/Users/jason/Desktop/OrganelleClassifyDataset/test/ER/2+--30000X--0018_ER_1.tif,bde4092ce9a0eea3
test,ER,ER/2+--30000X--0023_ER_1.tif,/Users/jason/Desktop/OrganelleClassifyDataset/test/ER/2+--30000X--0023_ER_1.tif,afcf952e9a90423a
test,ER,ER/2+--6800X--0001_ER_1.tif,/Users/jason/Desktop/OrganelleClassifyDataset/test/ER/2+--6800X--0001_ER_1.tif,a461dbec925a6473
test,ER,ER/2+--6800X--0002_ER_4.tif,/Users/jason/Desktop/OrganelleClassifyDataset/test/ER/2+--6800X--0002_ER_4.tif,891a113ab57ff0d4
test,ER,ER/2+--6800X--0003_ER_2.tif,/Users/jason/Desktop/OrganelleClassifyDataset/test/ER/2+--6800X--0003_ER_2.tif,e03ac1d55db29a69
test,ER,ER/2+--6800X--0003_ER_5.tif,/Users/jason/Desktop/OrganelleClassifyDataset/test/ER/2+--6800X--0003_ER_5.tif,f6b1c163c67499a8
test,ER,ER/2+--6800X--0003_ER_8.tif,/Users/jason/Desktop/OrganelleClassifyDataset/test/ER/2+--6800X--0003_ER_8.tif,81f6156c326dcfd0
test,ER,ER/2+--6800X--0006_ER_3.tif,/Users/jason/Desktop/OrganelleClassifyDataset/test/ER/2+--6800X--0006_ER_3.tif,80ebfe4932a8da4b
test,ER,ER/2+--6800X--0009_ER_2.tif,/Users/jason/Desktop/OrganelleClassifyDataset/test/ER/2+--6800X--0009_ER_2.tif,e66c7b706a550587
test,ER,ER/2+--6800X--0010_ER_4.tif,/Users/jason/Desktop/OrganelleClassifyDataset/test/ER/2+--6800X--0010_ER_4.tif,fe81bf2098425f99
test,ER,ER/2+--6800X--0010_ER_6.tif,/Users/jason/Desktop/OrganelleClassifyDataset/test/ER/2+--6800X--0010_ER_6.tif,aaa852ab6ce47f50
test,ER,ER/2+--6800X--0011_ER_3.tif,/Users/jason/Desktop/OrganelleClassifyDataset/test/ER/2+--6800X--0011_ER_3.tif,b02f1817273af0e7
test,ER,ER/2--30000X--0015_ER_1.tif,/Users/jason/Desktop/OrganelleClassifyDataset/test/ER/2--30000X--0015_ER_1.tif,a27589a576349e95
test,ER,ER/2--30000X--0016_ER_1.tif,/Users/jason/Desktop/OrganelleClassifyDataset/test/ER/2--30000X--0016_ER_1.tif,f5599623285f15b4
test,ER,ER/2--30000X--0018_ER_1.tif,/Users/jason/Desktop/OrganelleClassifyDataset/test/ER/2--30000X--0018_ER_1.tif,bf9b492453526cf0
test,ER,ER/3--6800X--0004_ER_1.tif,/Users/jason/Desktop/OrganelleClassifyDataset/test/ER/3--6800X--0004_ER_1.tif,8eb8b397dd184ca4
test,ER,ER/3--6800X--0004_ER_2.tif,/Users/jason/Desktop/OrganelleClassifyDataset/test/ER/3--6800X--0004_ER_2.tif,ed095c3244c53bfc
test,ER,ER/3--6800X--0004_ER_4.tif,/Users/jason/Desktop/OrganelleClassifyDataset/test/ER/3--6800X--0004_ER_4.tif,c1034db3666df89c
test,ER,ER/3--6800X--0006_ER_3.tif,/Users/jason/Desktop/OrganelleClassifyDataset/test/ER/3--6800X--0006_ER_3.tif,b6de21b1491ce6c3
test,ER,ER/3W-CD4-10nm_GR-1--30000X--0033_ER_1.tif,/Users/jason/Desktop/OrganelleClassifyDataset/test/ER/3W-CD4-10nm_GR-1--30000X--0033_ER_1.tif,cd5e98698da25e54
test,ER,ER/3W-CD4-10nm_GR-1--30000X--0051_ER_2.tif,/Users/jason/Desktop/OrganelleClassifyDataset/test/ER/3W-CD4-10nm_GR-1--30000X--0051_ER_2.tif,ab8c13cf71d278c4
test,ER,ER/3W-CD4-Ctrl2--13000X--0003_ER_2.tif,/Users/jason/Desktop/OrganelleClassifyDataset/test/ER/3W-CD4-Ctrl2--13000X--0003_ER_2.tif,a37d602f44a2f53c
test,ER,ER/3W-CD4-Ctrl2--13000X--0009_ER_1.tif,/Users/jason/Desktop/OrganelleClassifyDataset/test/ER/3W-CD4-Ctrl2--13000X--0009_ER_1.tif,fa5c982d26339d8c
test,ER,ER/3W-CD4-Ctrl2--30000X--0071_ER_1.tif,/Users/jason/Desktop/OrganelleClassifyDataset/test/ER/3W-CD4-Ctrl2--30000X--0071_ER_1.tif,a855aa5765a8d6b8
test,ER,ER/3W-CD4-Ctrl2--30000X--0071_ER_2.tif,/Users/jason/Desktop/OrganelleClassifyDataset/test/ER/3W-CD4-Ctrl2--30000X--0071_ER_2.tif,9a66202e373f1e0f
test,ER,ER/3W-CD4-Ctrl2--30000X--0101_ER_1.tif,/Users/jason/Desktop/OrganelleClassifyDataset/test/ER/3W-CD4-Ctrl2--30000X--0101_ER_1.tif,aad555aa644cba36
test,ER,ER/3W-CD4-Ctrl2--30000X--0109_ER_1.tif,/Users/jason/Desktop/OrganelleClassifyDataset/test/ER/3W-CD4-Ctrl2--30000X--0109_ER_1.tif,daadb8425656750d
test,ER,ER/3W-CD4-Ctrl3--30000X--0033_ER_2.tif,/Users/jason/Desktop/OrganelleClassifyDataset/test/ER/3W-CD4-Ctrl3--30000X--0033_ER_2.tif,a35d19e6c852cb69
test,ER,ER/3W-CD4-Ctrl3--30000X--0040_ER_1.tif,/Users/jason/Desktop/OrganelleClassifyDataset/test/ER/3W-CD4-Ctrl3--30000X--0040_ER_1.tif,e64d1b12de51c378
test,ER,ER/3W-CD4-Ctrl3--30000X--0073_ER_1.tif,/Users/jason/Desktop/OrganelleClassifyDataset/test/ER/3W-CD4-Ctrl3--30000X--0073_ER_1.tif,f2a7dd4d1f824432
test,ER,ER/3W-CD4-Ctrl3--30000X--0090_ER_2.tif,/Users/jason/Desktop/OrganelleClassifyDataset/test/ER/3W-CD4-Ctrl3--30000X--0090_ER_2.tif,d5537584a54a6aae
test,ER,ER/3W-CD4-Ctrl3--30000X--0090_ER_4.tif,/Users/jason/Desktop/OrganelleClassifyDataset/test/ER/3W-CD4-Ctrl3--30000X--0090_ER_4.tif,99c30b0d563915fb
test,ER,ER/4MM--30000X--0037_ER_1.tif,/Users/jason/Desktop/OrganelleClassifyDataset/test/ER/4MM--30000X--0037_ER_1.tif,e8926de190dbd435
test,ER,ER/5.7w-1--30000X--0024_ER_1.tif,/Users/jason/Desktop/OrganelleClassifyDataset/test/ER/5.7w-1--30000X--0024_ER_1.tif,eaac04b37a685976
test,ER,ER/52-WT--18500X--0061_ER_1.tif,/Users/jason/Desktop/OrganelleClassifyDataset/test/ER/52-WT--18500X--0061_ER_1.tif,f92fc25c51c2716c
test,ER,ER/52-WT--18500X--0078_ER_1.tif,/Users/jason/Desktop/OrganelleClassifyDataset/test/ER/52-WT--18500X--0078_ER_1.tif,b6e1582eb336949c
test,ER,ER/58-WT--18500X--0001_ER_1.tif,/Users/jason/Desktop/OrganelleClassifyDataset/test/ER/58-WT--18500X--0001_ER_1.tif,84e669666b285eb3
test,ER,ER/58-WT--18500X--0029_ER_1.tif,/Users/jason/Desktop/OrganelleClassifyDataset/test/ER/58-WT--18500X--0029_ER_1.tif,a2565f4c46f149bc
test,ER,ER/63--23000X--0011_ER_1.tif,/Users/jason/Desktop/OrganelleClassifyDataset/test/ER/63--23000X--0011_ER_1.tif,e44bc0edee5227a4
test,ER,ER/70-WT--18500X--0007_ER_1.tif,/Users/jason/Desktop/OrganelleClassifyDataset/test/ER/70-WT--18500X--0007_ER_1.tif,de09c2617896b778
test,ER,ER/LA--30000X--0012_ER_1.tif,/Users/jason/Desktop/OrganelleClassifyDataset/test/ER/LA--30000X--0012_ER_1.tif,b8014f92b7a9daac
test,ER,ER/LA--30000X--0014_ER_1.tif,/Users/jason/Desktop/OrganelleClassifyDataset/test/ER/LA--30000X--0014_ER_1.tif,c85a36c50fe559b4
test,ER,ER/LA--30000X--0014_ER_2.tif,/Users/jason/Desktop/OrganelleClassifyDataset/test/ER/LA--30000X--0014_ER_2.tif,e132df096156de68
test,ER,ER/LA--30000X--0052_ER_1.tif,/Users/jason/Desktop/OrganelleClassifyDataset/test/ER/LA--30000X--0052_ER_1.tif,f44b8f702748e93a
test,ER,ER/LA--6800X--0009_ER_1.tif,/Users/jason/Desktop/OrganelleClassifyDataset/test/ER/LA--6800X--0009_ER_1.tif,865a99f1ac9d429e
test,ER,ER/MUT3--23000X--0018_ER_2.tif,/Users/jason/Desktop/OrganelleClassifyDataset/test/ER/MUT3--23000X--0018_ER_2.tif,a86bdab723da094c
test,ER,ER/ONC_0DAY_2--23000X--0004_ER_1.tif,/Users/jason/Desktop/OrganelleClassifyDataset/test/ER/ONC_0DAY_2--23000X--0004_ER_1.tif,be07e84d609c84ef
test,ER,ER/PS-50SI--23000X--0034_ER_1.tif,/Users/jason/Desktop/OrganelleClassifyDataset/test/ER/PS-50SI--23000X--0034_ER_1.tif,a37f33284bec0d25
test,ER,ER/PS-N--23000X--0028_ER_1.tif,/Users/jason/Desktop/OrganelleClassifyDataset/test/ER/PS-N--23000X--0028_ER_1.tif,fe709c9184d9d84d
test,ER,ER/PS-N--23000X--0034_ER_1.tif,/Users/jason/Desktop/OrganelleClassifyDataset/test/ER/PS-N--23000X--0034_ER_1.tif,e2c89a32647c7a8f
test,ER,ER/k+1--30000X--0022_ER_1.tif,/Users/jason/Desktop/OrganelleClassifyDataset/test/ER/k+1--30000X--0022_ER_1.tif,aa6f1b2a55998b61
test,ER,ER/k+1--6800X--0009_ER_3.tif,/Users/jason/Desktop/OrganelleClassifyDataset/test/ER/k+1--6800X--0009_ER_3.tif,ef9f699340912e98
test,ER,ER/k+1--6800X--0010_ER_1.tif,/Users/jason/Desktop/OrganelleClassifyDataset/test/ER/k+1--6800X--0010_ER_1.tif,8f9f89d888cbb9a0
test,ER,ER/kw10-1--13000X--0084_ER_3.tif,/Users/jason/Desktop/OrganelleClassifyDataset/test/ER/kw10-1--13000X--0084_ER_3.tif,98834a777a185e67
test,ER,ER/kw10-1--13000X--0085_ER_2.tif,/Users/jason/Desktop/OrganelleClassifyDataset/test/ER/kw10-1--13000X--0085_ER_2.tif,c163fd0717885a2f
test,ER,ER/l--9300X--0013_ER_2.tif,/Users/jason/Desktop/OrganelleClassifyDataset/test/ER/l--9300X--0013_ER_2.tif,abca29ea5446e6a3
test,ER,ER/l--9300X--0031_ER_1.tif,/Users/jason/Desktop/OrganelleClassifyDataset/test/ER/l--9300X--0031_ER_1.tif,a7cda7b75d503420
test,Golgi,Golgi/#3--23000X--0057_Golgi_1.tif,/Users/jason/Desktop/OrganelleClassifyDataset/test/Golgi/#3--23000X--0057_Golgi_1.tif,f11cca6a0bc5bc47
test,Golgi,Golgi/#3--23000X--0058_Golgi_1.tif,/Users/jason/Desktop/OrganelleClassifyDataset/test/Golgi/#3--23000X--0058_Golgi_1.tif,b09b9fe13030fcc6
test,Golgi,Golgi/#3--23000X--0061_Golgi_1.tif,/Users/jason/Desktop/OrganelleClassifyDataset/test/Golgi/#3--23000X--0061_Golgi_1.tif,f85c5e693c32382e
test,Golgi,Golgi/#3--6800X--0009_Golgi_1.tif,/Users/jason/Desktop/OrganelleClassifyDataset/test/Golgi/#3--6800X--0009_Golgi_1.tif,ea698dd64b64d251
test,Golgi,Golgi/#3--6800X--0009_Golgi_2.tif,/Users/jason/Desktop/OrganelleClassifyDataset/test/Golgi/#3--6800X--0009_Golgi_2.tif,8704787f878cb4e3
test,Golgi,Golgi/#3--6800X--0015_Golgi_1.tif,/Users/jason/Desktop/OrganelleClassifyDataset/test/Golgi/#3--6800X--0015_Golgi_1.tif,bf057adc85ed6404
test,Golgi,Golgi/#3-CHMP4B-NC--9300X--0050_Golgi_1.tif,/Users/jason/Desktop/OrganelleClassifyDataset/test/Golgi/#3-CHMP4B-NC--9300X--0050_Golgi_1.tif,ae709d04e3bcea0e
test,Golgi,Golgi/#4-CHMP4B-MYH6-CKO--9300X--0056_Golgi_1.tif,/Users/jason/Desktop/OrganelleClassifyDataset/test/Golgi/#4-CHMP4B-MYH6-CKO--9300X--0056_Golgi_1.tif,be113f7942c62f24
test,Golgi,Golgi/#54--23000X--0022_Golgi_1.tif,/Users/jason/Desktop/OrganelleClassifyDataset/test/Golgi/#54--23000X--0022_Golgi_1.tif,b0c6870e86d73c4f
test,Golgi,Golgi/#54--23000X--0050_Golgi_1.tif,/Users/jason/Desktop/OrganelleClassifyDataset/test/Golgi/#54--23000X--0050_Golgi_1.tif,fce1810da95b2f38
test,Golgi,Golgi/#54--23000X--0063_Golgi_1.tif,/Users/jason/Desktop/OrganelleClassifyDataset/test/Golgi/#54--23000X--0063_Golgi_1.tif,b0ef48ee3b96440b
test,Golgi,Golgi/#54--6800X--0012_Golgi_1.tif,/Users/jason/Desktop/OrganelleClassifyDataset/test/Golgi/#54--6800X--0012_Golgi_1.tif,a2c8d585ce647ce6
test,Golgi,Golgi/#54--6800X--0012_Golgi_3.tif,/Users/jason/Desktop/OrganelleClassifyDataset/test/Golgi/#54--6800X--0012_Golgi_3.tif,a0045dabfa54dcba
test,Golgi,Golgi/#56--23000X--0089_Golgi_2.tif,/Users/jason/Desktop/OrganelleClassifyDataset/test/Golgi/#56--23000X--0089_Golgi_2.tif,a4f0e478c891c7fc
test,Golgi,Golgi/1-11000X--0017_Golgi_1.tif,/Users/jason/Desktop/OrganelleClassifyDataset/test/Golgi/1-11000X--0017_Golgi_1.tif,8176b0c33a4b3fc9
test,Golgi,Golgi/2--6800X--0005_Golgi_1.tif,/Users/jason/Desktop/OrganelleClassifyDataset/test/Golgi/2--6800X--0005_Golgi_1.tif,f8dcaeb261904cc7
test,Golgi,Golgi/2--6800X--0009_Golgi_1.tif,/Users/jason/Desktop/OrganelleClassifyDataset/test/Golgi/2--6800X--0009_Golgi_1.tif,f1c9cc9786056cb5
test,Golgi,Golgi/37--23000X--0002_Golgi_4.tif,/Users/jason/Desktop/OrganelleClassifyDataset/test/Golgi/37--23000X--0002_Golgi_4.tif,bfe082057d74d52a
test,Golgi,Golgi/37--23000X--0002_Golgi_5.tif,/Users/jason/Desktop/OrganelleClassifyDataset/test/Golgi/37--23000X--0002_Golgi_5.tif,f0939bad89f11958
test,Golgi,Golgi/39--23000X--0007_Golgi_1.tif,/Users/jason/Desktop/OrganelleClassifyDataset/test/Golgi/39--23000X--0007_Golgi_1.tif,8c2f6a8b1bc419f3
test,Golgi,Golgi/40--23000X--0011_Golgi_1.tif,/Users/jason/Desktop/OrganelleClassifyDataset/test/Golgi/40--23000X--0011_Golgi_1.tif,a167ec808b5727d5
test,Golgi,Golgi/40--23000X--0012_Golgi_1.tif,/Users/jason/Desktop/OrganelleClassifyDataset/test/Golgi/40--23000X--0012_Golgi_1.tif,a191c0ab6bd24e5f
test,Golgi,Golgi/40--9300X--0005_Golgi_1.tif,/Users/jason/Desktop/OrganelleClassifyDataset/test/Golgi/40--9300X--0005_Golgi_1.tif,a3b9919397c4c4e5
test,Golgi,Golgi/40--9300X--0016_Golgi_1.tif,/Users/jason/Desktop/OrganelleClassifyDataset/test/Golgi/40--9300X--0016_Golgi_1.tif,ae0c5fd03467ac56
test,Golgi,Golgi/44--6800X--0014_Golgi_1.tif,/Users/jason/Desktop/OrganelleClassifyDataset/test/Golgi/44--6800X--0014_Golgi_1.tif,8e1f3e1a9d190b17
test,Golgi,Golgi/45--23000X--0011_Golgi_1.tif,/Users/jason/Desktop/OrganelleClassifyDataset/test/Golgi/45--23000X--0011_Golgi_1.tif,f234d0a331372c5f
test,Golgi,Golgi/45--9300X--0004_Golgi_2.tif,/Users/jason/Desktop/OrganelleClassifyDataset/test/Golgi/45--9300X--0004_Golgi_2.tif,b5dbd794e8dc0910
test,Golgi,Golgi/45--9300X--0007_Golgi_2.tif,/Users/jason/Desktop/OrganelleClassifyDataset/test/Golgi/45--9300X--0007_Golgi_2.tif,e94948682ff4d335
test,Golgi,Golgi/46--6800X--0001_Golgi_2.tif,/Users/jason/Desktop/OrganelleClassifyDataset/test/Golgi/46--6800X--0001_Golgi_2.tif,943bfea026f4b90c
test,Golgi,Golgi/46--6800X--0011_Golgi_1.tif,/Users/jason/Desktop/OrganelleClassifyDataset/test/Golgi/46--6800X--0011_Golgi_1.tif,e9109b4aa2f69b9c
test,Golgi,Golgi/47--23000X--0021_Golgi_1.tif,/Users/jason/Desktop/OrganelleClassifyDataset/test/Golgi/47--23000X--0021_Golgi_1.tif,8adc72b25584e1f6
test,Golgi,Golgi/47--30000X--0031_Golgi_4.tif,/Users/jason/Desktop/OrganelleClassifyDataset/test/Golgi/47--30000X--0031_Golgi_4.tif,b9d8929c419e714f
test,Golgi,Golgi/47--9300X--0006_Golgi_1.tif,/Users/jason/Desktop/OrganelleClassifyDataset/test/Golgi/47--9300X--0006_Golgi_1.tif,e20e8cbbd1799638
test,Golgi,Golgi/49--9300X--0001_Golgi_1.tif,/Users/jason/Desktop/OrganelleClassifyDataset/test/Golgi/49--9300X--0001_Golgi_1.tif,b806db4b7e0f6036
test,Golgi,Golgi/4MM--9300X--0018_Golgi_1.tif,/Users/jason/Desktop/OrganelleClassifyDataset/test/Golgi/4MM--9300X--0018_Golgi_1.tif,f0041efe3f1ae1b0
test,Golgi,Golgi/5.7K+1--6800X--0003_Golgi_2.tif,/Users/jason/Desktop/OrganelleClassifyDataset/test/Golgi/5.7K+1--6800X--0003_Golgi_2.tif,859216ff28e31d55
test,Golgi,Golgi/5.7W+1--6800X--0004_Golgi_1.tif,/Users/jason/Desktop/OrganelleClassifyDataset/test/Golgi/5.7W+1--6800X--0004_Golgi_1.tif,afa393e074d20e4d
test,Golgi,Golgi/5.7w-1--6800X--0012_Golgi_1.tif,/Users/jason/Desktop/OrganelleClassifyDataset/test/Golgi/5.7w-1--6800X--0012_Golgi_1.tif,d70c4e6ea55e246a
test,Golgi,Golgi/52-WT--18500X--0097_Golgi_1.tif,/Users/jason/Desktop/OrganelleClassifyDataset/test/Golgi/52-WT--18500X--0097_Golgi_1.tif,edc78a6817b16a62
test,Golgi,Golgi/52-WT--18500X--0143_Golgi_1.tif,/Users/jason/Desktop/OrganelleClassifyDataset/test/Golgi/52-WT--18500X--0143_Golgi_1.tif,e349ab9ba4fc4207
test,Golgi,Golgi/64--23000X--0012_Golgi_1.tif,/Users/jason/Desktop/OrganelleClassifyDataset/test/Golgi/64--23000X--0012_Golgi_1.tif,bf41431910fbace3
test,Golgi,Golgi/6W-10NM-GR1--30000X--0265_Golgi_1.tif,/Users/jason/Desktop/OrganelleClassifyDataset/test/Golgi/6W-10NM-GR1--30000X--0265_Golgi_1.tif,aafd02e26e10aad7
test,Golgi,Golgi/6W-10nm_GR-2--30000X--0077_Golgi_2.tif,/Users/jason/Desktop/OrganelleClassifyDataset/test/Golgi/6W-10nm_GR-2--30000X--0077_Golgi_2.tif,f3fa9c07b1310ea4
test,Golgi,Golgi/6W-CD4-Ctrl2--13000X--0035_Golgi_1.tif,/Users/jason/Desktop/OrganelleClassifyDataset/test/Golgi/6W-CD4-Ctrl2--13000X--0035_Golgi_1.tif,8fbcd9a3434aa4ac
test,Golgi,Golgi/70-WT--18500X--0031_Golgi_1.tif,/Users/jason/Desktop/OrganelleClassifyDataset/test/Golgi/70-WT--18500X--0031_Golgi_1.tif,e13337363c1e52f0
test,Golgi,Golgi/70-WT--18500X--0033_Golgi_1.tif,/Users/jason/Desktop/OrganelleClassifyDataset/test/Golgi/70-WT--18500X--0033_Golgi_1.tif,81029fbfd142bda9
test,Golgi,Golgi/70-WT--18500X--0082_Golgi_1.tif,/Users/jason/Desktop/OrganelleClassifyDataset/test/Golgi/70-WT--18500X--0082_Golgi_1.tif,ff15c25a2b8fc1a0
test,Golgi,Golgi/70-WT--18500X--0086_Golgi_1.tif,/Users/jason/Desktop/OrganelleClassifyDataset/test/Golgi/70-WT--18500X--0086_Golgi_1.tif,dcc852320ff8e1ab
test,Golgi,Golgi/70-WT--18500X--0093_Golgi_1.tif,/Users/jason/Desktop/OrganelleClassifyDataset/test/Golgi/70-WT--18500X--0093_Golgi_1.tif,ee2594f3c4730b31
test,Golgi,Golgi/D3--23000X--0016_Golgi_1.tif,/Users/jason/Desktop/OrganelleClassifyDataset/test/Golgi/D3--23000X--0016_Golgi_1.tif,f8a69799cc24a395
test,Golgi,Golgi/ISO-3--30000X--0063_Golgi_1.tif,/Users/jason/Desktop/OrganelleClassifyDataset/test/Golgi/ISO-3--30000X--0063_Golgi_1.tif,c25bcc4be6a66391
test,Golgi,Golgi/ISO-3--9300X--0062_Golgi_1.tif,/Users/jason/Desktop/OrganelleClassifyDataset/test/Golgi/ISO-3--9300X--0062_Golgi_1.tif,c059cfc96ead6605
test,Golgi,Golgi/kw10-4--13000X--0101_Golgi_1.tif,/Users/jason/Desktop/OrganelleClassifyDataset/test/Golgi/kw10-4--13000X--0101_Golgi_1.tif,f8c09b9f2f217c18
test,Golgi,Golgi/kw10-4--13000X--0101_Golgi_3.tif,/Users/jason/Desktop/OrganelleClassifyDataset/test/Golgi/kw10-4--13000X--0101_Golgi_3.tif,f416c26bba88e719
test,Golgi,Golgi/kw10-4--13000X--0105_Golgi_3.tif,/Users/jason/Desktop/OrganelleClassifyDataset/test/Golgi/kw10-4--13000X--0105_Golgi_3.tif,9ca11fc5694485fd
test,Golgi,Golgi/kw10-4--13000X--0124_Golgi_1.tif,/Users/jason/Desktop/OrganelleClassifyDataset/test/Golgi/kw10-4--13000X--0124_Golgi_1.tif,dfc1905c8d4cf586
test,Golgi,Golgi/kw10-4--6800X--0041_Golgi_1.tif,/Users/jason/Desktop/OrganelleClassifyDataset/test/Golgi/kw10-4--6800X--0041_Golgi_1.tif,e8c39f3ea404a8eb
test,Golgi,Golgi/kw10-7--6800X--0029_Golgi_3.tif,/Users/jason/Desktop/OrganelleClassifyDataset/test/Golgi/kw10-7--6800X--0029_Golgi_3.tif,db6c260ac958799d
test,Mito,Mito/#3--23000X--0042_Mito_1.tif,/Users/jason/Desktop/OrganelleClassifyDataset/test/Mito/#3--23000X--0042_Mito_1.tif,bf25b153525a5a4a
test,Mito,Mito/#3--23000X--0056_Mito_1.tif,/Users/jason/Desktop/OrganelleClassifyDataset/test/Mito/#3--23000X--0056_Mito_1.tif,cff6e018e39e80ca
test,Mito,Mito/#3--23000X--0070_Mito_1.tif,/Users/jason/Desktop/OrganelleClassifyDataset/test/Mito/#3--23000X--0070_Mito_1.tif,f5ab8650cadac1c5
test,Mito,Mito/10-N--23000X--0010_Mito_1.tif,/Users/jason/Desktop/OrganelleClassifyDataset/test/Mito/10-N--23000X--0010_Mito_1.tif,fa00f16fc60587ab
test,Mito,Mito/13-R-A--18500X--0008_Mito_1.tif,/Users/jason/Desktop/OrganelleClassifyDataset/test/Mito/13-R-A--18500X--0008_Mito_1.tif,feba81d09ad34859
test,Mito,Mito/13-R-A--18500X--0009_Mito_2.tif,/Users/jason/Desktop/OrganelleClassifyDataset/test/Mito/13-R-A--18500X--0009_Mito_2.tif,eeabb185a71c9416
test,Mito,Mito/169--68000X--0072_Mito_1.tif,/Users/jason/Desktop/OrganelleClassifyDataset/test/Mito/169--68000X--0072_Mito_1.tif,ffade494854c9688
test,Mito,Mito/169--68000X--0084_Mito_1.tif,/Users/jason/Desktop/OrganelleClassifyDataset/test/Mito/169--68000X--0084_Mito_1.tif,aeb5cc7580b0dd62
test,Mito,Mito/37--23000X--0002_Mito_3.tif,/Users/jason/Desktop/OrganelleClassifyDataset/test/Mito/37--23000X--0002_Mito_3.tif,b21f91c296c7386d
test,Mito,Mito/42--23000X--0011_Mito_1.tif,/Users/jason/Desktop/OrganelleClassifyDataset/test/Mito/42--23000X--0011_Mito_1.tif,afc5884c48d0fcfa
test,Mito,Mito/43--23000X--0009_Mito_2.tif,/Users/jason/Desktop/OrganelleClassifyDataset/test/Mito/43--23000X--0009_Mito_2.tif,f91f9072daa108cf
test,Mito,Mito/43--23000X--0010_Mito_1.tif,/Users/jason/Desktop/OrganelleClassifyDataset/test/Mito/43--23000X--0010_Mito_1.tif,f63194aafa4f1b08
test,Mito,Mito/43--30000X--0011_Mito_1.tif,/Users/jason/Desktop/OrganelleClassifyDataset/test/Mito/43--30000X--0011_Mito_1.tif,bf5092e8d3bdc302
test,Mito,Mito/44--23000X--0006_Mito_1.tif,/Users/jason/Desktop/OrganelleClassifyDataset/test/Mito/44--23000X--0006_Mito_1.tif,f01e93b08ea5a6e6
test,Mito,Mito/M_J81--11000X--0025_Mito_2.tif,/Users/jason/Desktop/OrganelleClassifyDataset/test/Mito/M_J81--11000X--0025_Mito_2.tif,fa58e40fc438ccda
test,Mito,Mito/M_J81--11000X--0025_Mito_3.tif,/Users/jason/Desktop/OrganelleClassifyDataset/test/Mito/M_J81--11000X--0025_Mito_3.tif,ed48f20bcb3fcc10
test,Mito,Mito/M_J81--30000X--0047_Mito_1.tif,/Users/jason/Desktop/OrganelleClassifyDataset/test/Mito/M_J81--30000X--0047_Mito_1.tif,fd3bd0118255c35b
test,Mito,Mito/M_J83--11000X--0016_Mito_1.tif,/Users/jason/Desktop/OrganelleClassifyDataset/test/Mito/M_J83--11000X--0016_Mito_1.tif,a83ed7029e6ccce4
test,Mito,Mito/M_J83--11000X--0016_Mito_2.tif,/Users/jason/Desktop/OrganelleClassifyDataset/test/Mito/M_J83--11000X--0016_Mito_2.tif,bc90bd9a0f681e87
test,Mito,Mito/M_J83--30000X--0060_Mito_1.tif,/Users/jason/Desktop/OrganelleClassifyDataset/test/Mito/M_J83--30000X--0060_Mito_1.tif,be0794498eeb8d94
test,Mito,Mito/M_J83--30000X--0065_Mito_2.tif,/Users/jason/Desktop/OrganelleClassifyDataset/test/Mito/M_J83--30000X--0065_Mito_2.tif,e10f0abd9e749872
test,Mito,Mito/R1--49000X--0023_Mito_1.tif,/Users/jason/Desktop/OrganelleClassifyDataset/test/Mito/R1--49000X--0023_Mito_1.tif,aa44953e959ed499
test,Mito,Mito/R3--49000X--0022_Mito_3.tif,/Users/jason/Desktop/OrganelleClassifyDataset/test/Mito/R3--49000X--0022_Mito_3.tif,ac94f2a8dbb8ca58
test,Mito,Mito/R3--49000X--0024_Mito_3.tif,/Users/jason/Desktop/OrganelleClassifyDataset/test/Mito/R3--49000X--0024_Mito_3.tif,ea9aa51784f85cd4
test,Mito,Mito/RKO-WT-0--49000X--0002_Mito_1.tif,/Users/jason/Desktop/OrganelleClassifyDataset/test/Mito/RKO-WT-0--49000X--0002_Mito_1.tif,ea50f9c3d14cc273
test,Mito,Mito/WT+LA--30000X--0021_Mito_1.tif,/Users/jason/Desktop/OrganelleClassifyDataset/test/Mito/WT+LA--30000X--0021_Mito_1.tif,facf81149a74d872
test,Mito,Mito/WT1--23000X--0027_Mito_1.tif,/Users/jason/Desktop/OrganelleClassifyDataset/test/Mito/WT1--23000X--0027_Mito_1.tif,fe02ffd755be0000
test,Mito,Mito/WT1--23000X--0028_Mito_1.tif,/Users/jason/Desktop/OrganelleClassifyDataset/test/Mito/WT1--23000X--0028_Mito_1.tif,a530a1ea8f698f47
test,Mito,Mito/WT1--23000X--0029_Mito_1.tif,/Users/jason/Desktop/OrganelleClassifyDataset/test/Mito/WT1--23000X--0029_Mito_1.tif,cd7dcc1ef0ee1402
test,Mito,Mito/WT2--23000X--0009_Mito_3.tif,/Users/jason/Desktop/OrganelleClassifyDataset/test/Mito/WT2--23000X--0009_Mito_3.tif,be403127d6f2d0ba
test,Mito,Mito/WT3--23000X--0013_Mito_1.tif,/Users/jason/Desktop/OrganelleClassifyDataset/test/Mito/WT3--23000X--0013_Mito_1.tif,9363d5225077e19d
test,Mito,Mito/WT3--23000X--0015_Mito_1.tif,/Users/jason/Desktop/OrganelleClassifyDataset/test/Mito/WT3--23000X--0015_Mito_1.tif,8ed48e9585178775
test,Mito,Mito/ZONG_S2_5.27--23000X--0016_Mito_1.tif,/Users/jason/Desktop/OrganelleClassifyDataset/test/Mito/ZONG_S2_5.27--23000X--0016_Mito_1.tif,f8d8d0d9d1d9d0d0
test,Mito,Mito/ZONG_S3_5.27--23000X--0010_Mito_1.tif,/Users/jason/Desktop/OrganelleClassifyDataset/test/Mito/ZONG_S3_5.27--23000X--0010_Mito_1.tif,ec0995cfb50506f3
test,Mito,Mito/ZONG_S3_5.27--23000X--0018_Mito_4.tif,/Users/jason/Desktop/OrganelleClassifyDataset/test/Mito/ZONG_S3_5.27--23000X--0018_Mito_4.tif,b94bd04bcb352936
test,Mito,Mito/ZONG_S3_5.27--23000X--0019_Mito_1.tif,/Users/jason/Desktop/OrganelleClassifyDataset/test/Mito/ZONG_S3_5.27--23000X--0019_Mito_1.tif,f5959fc983087c0b
test,Mito,Mito/ZONG_S3_5.27--23000X--0020_Mito_2.tif,/Users/jason/Desktop/OrganelleClassifyDataset/test/Mito/ZONG_S3_5.27--23000X--0020_Mito_2.tif,aa9290dad5afd425
test,Mito,Mito/ZONG_S3_5.27--23000X--0026_Mito_1.tif,/Users/jason/Desktop/OrganelleClassifyDataset/test/Mito/ZONG_S3_5.27--23000X--0026_Mito_1.tif,fc79f96041014b3f
test,Mito,Mito/m_j76--11000X--0028_Mito_1.tif,/Users/jason/Desktop/OrganelleClassifyDataset/test/Mito/m_j76--11000X--0028_Mito_1.tif,e929e5f535c110ec
test,Mito,Mito/m_j76--30000X--0039_Mito_1.tif,/Users/jason/Desktop/OrganelleClassifyDataset/test/Mito/m_j76--30000X--0039_Mito_1.tif,867a3d61e43cc783
test,Mito,Mito/wt-7--13000X--0136_Mito_1.tif,/Users/jason/Desktop/OrganelleClassifyDataset/test/Mito/wt-7--13000X--0136_Mito_1.tif,b6d3898b856e7823
test,Mito,Mito/wt-7--13000X--0136_Mito_4.tif,/Users/jason/Desktop/OrganelleClassifyDataset/test/Mito/wt-7--13000X--0136_Mito_4.tif,bc0edb300b8ff18c
test,Mito,Mito/wt-7--13000X--0141_Mito_1.tif,/Users/jason/Desktop/OrganelleClassifyDataset/test/Mito/wt-7--13000X--0141_Mito_1.tif,ce7ee168d6a280c7
test,Mito,Mito/wt3--68000X--0019_Mito_1.tif,/Users/jason/Desktop/OrganelleClassifyDataset/test/Mito/wt3--68000X--0019_Mito_1.tif,fa516446b6c3c71a
test,Nucleus,Nucleus/KW10-3--4800X--0021_Nucleus_3.tif,/Users/jason/Desktop/OrganelleClassifyDataset/test/Nucleus/KW10-3--4800X--0021_Nucleus_3.tif,c398e9e425859d37
test,Nucleus,Nucleus/KW10-3--4800X--0036_Nucleus_1.tif,/Users/jason/Desktop/OrganelleClassifyDataset/test/Nucleus/KW10-3--4800X--0036_Nucleus_1.tif,81ea7e9e785c6055
test,Nucleus,Nucleus/KW10-3--4800X--0037_Nucleus_2.tif,/Users/jason/Desktop/OrganelleClassifyDataset/test/Nucleus/KW10-3--4800X--0037_Nucleus_2.tif,8803771f699c6f98
test,Nucleus,Nucleus/RKO-SEP-3--6800X--0004_Nucleus_1.tif,/Users/jason/Desktop/OrganelleClassifyDataset/test/Nucleus/RKO-SEP-3--6800X--0004_Nucleus_1.tif,af489212cb27b9dc
test,Nucleus,Nucleus/RKO-WT-3--6800X--0005_Nucleus_1.tif,/Users/jason/Desktop/OrganelleClassifyDataset/test/Nucleus/RKO-WT-3--6800X--0005_Nucleus_1.tif,fffffdf282080001
test,Nucleus,Nucleus/RKO-WT-3--6800X--0006_Nucleus_1.tif,/Users/jason/Desktop/OrganelleClassifyDataset/test/Nucleus/RKO-WT-3--6800X--0006_Nucleus_1.tif,d2093d237483f3cd
test,Nucleus,Nucleus/RKO-WT-3--6800X--0008_Nucleus_1.tif,/Users/jason/Desktop/OrganelleClassifyDataset/test/Nucleus/RKO-WT-3--6800X--0008_Nucleus_1.tif,ee2aa82eaab869b2
test,Nucleus,Nucleus/YYH-20250605--11000X--0011_Nucleus_1.tif,/Users/jason/Desktop/OrganelleClassifyDataset/test/Nucleus/YYH-20250605--11000X--0011_Nucleus_1.tif,aaa5adf5f0d0d242
test,Nucleus,Nucleus/kw10-1--6800X--0016_Nucleus_2.tif,/Users/jason/Desktop/OrganelleClassifyDataset/test/Nucleus/kw10-1--6800X--0016_Nucleus_2.tif,9d1a28d6755e4da8
test,Nucleus,Nucleus/kw10-1--6800X--0018_Nucleus_1.tif,/Users/jason/Desktop/OrganelleClassifyDataset/test/Nucleus/kw10-1--6800X--0018_Nucleus_1.tif,c0676ae0e94be4c7
test,Nucleus,Nucleus/kw10-1--6800X--0045_Nucleus_1.tif,/Users/jason/Desktop/OrganelleClassifyDataset/test/Nucleus/kw10-1--6800X--0045_Nucleus_1.tif,9a7967bef1889841
test,Nucleus,Nucleus/kw10-1--6800X--0055_Nucleus_1.tif,/Users/jason/Desktop/OrganelleClassifyDataset/test/Nucleus/kw10-1--6800X--0055_Nucleus_1.tif,8f486d2ae13e5764
test,Nucleus,Nucleus/kw10-2--6800X--0021_Nucleus_1.tif,/Users/jason/Desktop/OrganelleClassifyDataset/test/Nucleus/kw10-2--6800X--0021_Nucleus_1.tif,d9116ccff66a1258
test,Nucleus,Nucleus/kw10-3--13000X--0109_Nucleus_1.tif,/Users/jason/Desktop/OrganelleClassifyDataset/test/Nucleus/kw10-3--13000X--0109_Nucleus_1.tif,dec268e0f174d235
test,Nucleus,Nucleus/kw10-3--6800X--0015_Nucleus_1.tif,/Users/jason/Desktop/OrganelleClassifyDataset/test/Nucleus/kw10-3--6800X--0015_Nucleus_1.tif,b85ca90bc33b8de2
test,Nucleus,Nucleus/kw10-3--6800X--0034_Nucleus_1.tif,/Users/jason/Desktop/OrganelleClassifyDataset/test/Nucleus/kw10-3--6800X--0034_Nucleus_1.tif,d6b139d271c0e13b
test,Nucleus,Nucleus/kw10-3--6800X--0035_Nucleus_1.tif,/Users/jason/Desktop/OrganelleClassifyDataset/test/Nucleus/kw10-3--6800X--0035_Nucleus_1.tif,96ea390d0938fc7a
test,Nucleus,Nucleus/kw10-3--6800X--0052_Nucleus_1.tif,/Users/jason/Desktop/OrganelleClassifyDataset/test/Nucleus/kw10-3--6800X--0052_Nucleus_1.tif,c0c0e1fef7b98a24
test,Nucleus,Nucleus/kw10-3--6800X--0069_Nucleus_1.tif,/Users/jason/Desktop/OrganelleClassifyDataset/test/Nucleus/kw10-3--6800X--0069_Nucleus_1.tif,8b0f282a3c64f2bf
test,Nucleus,Nucleus/kw10-3--6800X--0077_Nucleus_1.tif,/Users/jason/Desktop/OrganelleClassifyDataset/test/Nucleus/kw10-3--6800X--0077_Nucleus_1.tif,d2ba1de363ed4441
test,Nucleus,Nucleus/kw10-3--6800X--0080_Nucleus_1.tif,/Users/jason/Desktop/OrganelleClassifyDataset/test/Nucleus/kw10-3--6800X--0080_Nucleus_1.tif,f9eec4818e1d3839
test,Nucleus,Nucleus/kw10-4--13000X--0097_Nucleus_1.tif,/Users/jason/Desktop/OrganelleClassifyDataset/test/Nucleus/kw10-4--13000X--0097_Nucleus_1.tif,85ca7a2465f9659c
test,Nucleus,Nucleus/kw10-4--6800X--0008_Nucleus_1.tif,/Users/jason/Desktop/OrganelleClassifyDataset/test/Nucleus/kw10-4--6800X--0008_Nucleus_1.tif,e6247dd2d50de449
test,Nucleus,Nucleus/kw10-4--6800X--0010_Nucleus_3.tif,/Users/jason/Desktop/OrganelleClassifyDataset/test/Nucleus/kw10-4--6800X--0010_Nucleus_3.tif,989b6e683ac69c3c
test,Nucleus,Nucleus/kw10-4--6800X--0011_Nucleus_1.tif,/Users/jason/Desktop/OrganelleClassifyDataset/test/Nucleus/kw10-4--6800X--0011_Nucleus_1.tif,ef759008d28f499e
test,Nucleus,Nucleus/kw10-4--6800X--0027_Nucleus_1.tif,/Users/jason/Desktop/OrganelleClassifyDataset/test/Nucleus/kw10-4--6800X--0027_Nucleus_1.tif,9ac52b16ae33cd31
test,Nucleus,Nucleus/kw10-4--6800X--0029_Nucleus_1.tif,/Users/jason/Desktop/OrganelleClassifyDataset/test/Nucleus/kw10-4--6800X--0029_Nucleus_1.tif,ffa9e0afc1451688
test,Nucleus,Nucleus/kw10-4--6800X--0030_Nucleus_1.tif,/Users/jason/Desktop/OrganelleClassifyDataset/test/Nucleus/kw10-4--6800X--0030_Nucleus_1.tif,afe0b485968adb2c
test,Nucleus,Nucleus/kw10-6--6800X--0004_Nucleus_1.tif,/Users/jason/Desktop/OrganelleClassifyDataset/test/Nucleus/kw10-6--6800X--0004_Nucleus_1.tif,93717edcc4c8ccc2
test,Nucleus,Nucleus/kw10-6--6800X--0006_Nucleus_1.tif,/Users/jason/Desktop/OrganelleClassifyDataset/test/Nucleus/kw10-6--6800X--0006_Nucleus_1.tif,81622eb53d12d97b
test,Nucleus,Nucleus/kw10-6--6800X--0007_Nucleus_1.tif,/Users/jason/Desktop/OrganelleClassifyDataset/test/Nucleus/kw10-6--6800X--0007_Nucleus_1.tif,96dd2b24714a96f4
test,Nucleus,Nucleus/kw10-6--6800X--0011_Nucleus_1.tif,/Users/jason/Desktop/OrganelleClassifyDataset/test/Nucleus/kw10-6--6800X--0011_Nucleus_1.tif,b318b40fc646d576
test,Nucleus,Nucleus/kw10-6--6800X--0016_Nucleus_1.tif,/Users/jason/Desktop/OrganelleClassifyDataset/test/Nucleus/kw10-6--6800X--0016_Nucleus_1.tif,96836a8439c9377d
test,Nucleus,Nucleus/kw10-6--6800X--0038_Nucleus_1.tif,/Users/jason/Desktop/OrganelleClassifyDataset/test/Nucleus/kw10-6--6800X--0038_Nucleus_1.tif,92136d32e56955d5
test,Nucleus,Nucleus/kw10-7--6800X--0041_Nucleus_1.tif,/Users/jason/Desktop/OrganelleClassifyDataset/test/Nucleus/kw10-7--6800X--0041_Nucleus_1.tif,c9e4784be0f44fe0
test,Nucleus,Nucleus/kw10-7--6800X--0058_Nucleus_1.tif,/Users/jason/Desktop/OrganelleClassifyDataset/test/Nucleus/kw10-7--6800X--0058_Nucleus_1.tif,c7886b9a1257667c
test,Nucleus,Nucleus/wt-6--13000X--0080_Nucleus_1.tif,/Users/jason/Desktop/OrganelleClassifyDataset/test/Nucleus/wt-6--13000X--0080_Nucleus_1.tif,c29ab92fa836cb23
test,Nucleus,Nucleus/wt-6--6800X--0050_Nucleus_1.tif,/Users/jason/Desktop/OrganelleClassifyDataset/test/Nucleus/wt-6--6800X--0050_Nucleus_1.tif,8f2b5509d7ec844e
test,Nucleus,Nucleus/wt-6--6800X--0051_Nucleus_1.tif,/Users/jason/Desktop/OrganelleClassifyDataset/test/Nucleus/wt-6--6800X--0051_Nucleus_1.tif,9c053936e569ce9c
test,Nucleus,Nucleus/wt-7--6800X--0027_Nucleus_1.tif,/Users/jason/Desktop/OrganelleClassifyDataset/test/Nucleus/wt-7--6800X--0027_Nucleus_1.tif,c991944d6197b36b
test,Nucleus,Nucleus/wt-7--6800X--0072_Nucleus_1.tif,/Users/jason/Desktop/OrganelleClassifyDataset/test/Nucleus/wt-7--6800X--0072_Nucleus_1.tif,d3847c497266cde2
test,Nucleus,Nucleus/wt-7--6800X--0077_Nucleus_1.tif,/Users/jason/Desktop/OrganelleClassifyDataset/test/Nucleus/wt-7--6800X--0077_Nucleus_1.tif,aa2137d4e98ee43a
test,Vesicles,Vesicles/#3--23000X--0028_Vesicles_1.tif,/Users/jason/Desktop/OrganelleClassifyDataset/test/Vesicles/#3--23000X--0028_Vesicles_1.tif,96007b1b94e6cec7
test,Vesicles,Vesicles/#3--23000X--0028_Vesicles_2.tif,/Users/jason/Desktop/OrganelleClassifyDataset/test/Vesicles/#3--23000X--0028_Vesicles_2.tif,8f52270e973e9871
test,Vesicles,Vesicles/1-11000X--0026_Vesicles_2.tif,/Users/jason/Desktop/OrganelleClassifyDataset/test/Vesicles/1-11000X--0026_Vesicles_2.tif,cd6c3430cb938e4f
test,Vesicles,Vesicles/1-1shiyan--23000X--0014_Vesicles_1.tif,/Users/jason/Desktop/OrganelleClassifyDataset/test/Vesicles/1-1shiyan--23000X--0014_Vesicles_1.tif,922d6aa8a1f186f7
test,Vesicles,Vesicles/1-1shiyan--23000X--0018_Vesicles_1.tif,/Users/jason/Desktop/OrganelleClassifyDataset/test/Vesicles/1-1shiyan--23000X--0018_Vesicles_1.tif,c38d3dad6069ca6a
test,Vesicles,Vesicles/1-1shiyan--6800X--0012_Vesicles_2.tif,/Users/jason/Desktop/OrganelleClassifyDataset/test/Vesicles/1-1shiyan--6800X--0012_Vesicles_2.tif,c8cb3c6d6092db66
test,Vesicles,Vesicles/1-2-hsfnc_lJ--23000X--0015_Vesicles_1.tif,/Users/jason/Desktop/OrganelleClassifyDataset/test/Vesicles/1-2-hsfnc_lJ--23000X--0015_Vesicles_1.tif,c2503d5ff029dbc1
test,Vesicles,Vesicles/1-2-hsfnc_lJ--6800X--0013_Vesicles_4.tif,/Users/jason/Desktop/OrganelleClassifyDataset/test/Vesicles/1-2-hsfnc_lJ--6800X--0013_Vesicles_4.tif,92fc21f2c7d8dc21
test,Vesicles,Vesicles/169--30000X--0046_Vesicles_1.tif,/Users/jason/Desktop/OrganelleClassifyDataset/test/Vesicles/169--30000X--0046_Vesicles_1.tif,9e22659e96679a4c
test,Vesicles,Vesicles/169--30000X--0049_Vesicles_1.tif,/Users/jason/Desktop/OrganelleClassifyDataset/test/Vesicles/169--30000X--0049_Vesicles_1.tif,ada5b0b4db9a388c
test,Vesicles,Vesicles/169--6800X--0010_Vesicles_2.tif,/Users/jason/Desktop/OrganelleClassifyDataset/test/Vesicles/169--6800X--0010_Vesicles_2.tif,9f1934a5d3b0cb38
test,Vesicles,Vesicles/169--6800X--0030_Vesicles_1.tif,/Users/jason/Desktop/OrganelleClassifyDataset/test/Vesicles/169--6800X--0030_Vesicles_1.tif,8b9225e1f394dc99
test,Vesicles,Vesicles/2+--6800X--0006_Vesicles_2.tif,/Users/jason/Desktop/OrganelleClassifyDataset/test/Vesicles/2+--6800X--0006_Vesicles_2.tif,cbc87d1e92a38b92
test,Vesicles,Vesicles/2+--6800X--0010_Vesicles_2.tif,/Users/jason/Desktop/OrganelleClassifyDataset/test/Vesicles/2+--6800X--0010_Vesicles_2.tif,da9a3868d3b2896d
test,Vesicles,Vesicles/2--30000X--0018_Vesicles_2.tif,/Users/jason/Desktop/OrganelleClassifyDataset/test/Vesicles/2--30000X--0018_Vesicles_2.tif,8f76742acafc5520
test,Vesicles,Vesicles/2--30000X--0020_Vesicles_3.tif,/Users/jason/Desktop/OrganelleClassifyDataset/test/Vesicles/2--30000X--0020_Vesicles_3.tif,dd9da2a09b03cc8f
test,Vesicles,Vesicles/2--9300X--0004_Vesicles_1.tif,/Users/jason/Desktop/OrganelleClassifyDataset/test/Vesicles/2--9300X--0004_Vesicles_1.tif,95c27e2f78b46492
test,Vesicles,Vesicles/231--18500X--0011_Vesicles_1.tif,/Users/jason/Desktop/OrganelleClassifyDataset/test/Vesicles/231--18500X--0011_Vesicles_1.tif,c3667c39513ccc63
test,Vesicles,Vesicles/625X--23000X--0009_Vesicles_1.tif,/Users/jason/Desktop/OrganelleClassifyDataset/test/Vesicles/625X--23000X--0009_Vesicles_1.tif,d90d7138c2c78ddc
test,Vesicles,Vesicles/79-2--11000X--0021_Vesicles_1.tif,/Users/jason/Desktop/OrganelleClassifyDataset/test/Vesicles/79-2--11000X--0021_Vesicles_1.tif,cec82d7d91e0d2c6
test,Vesicles,Vesicles/G50802--18500X--0015_Vesicles_1.tif,/Users/jason/Desktop/OrganelleClassifyDataset/test/Vesicles/G50802--18500X--0015_Vesicles_1.tif,dcfe71248e336c0a
test,Vesicles,Vesicles/LA+1170--30000X--0009_Vesicles_2.tif,/Users/jason/Desktop/OrganelleClassifyDataset/test/Vesicles/LA+1170--30000X--0009_Vesicles_2.tif,da7de12b9f861488
test,Vesicles,Vesicles/LA+1170--30000X--0014_Vesicles_2.tif,/Users/jason/Desktop/OrganelleClassifyDataset/test/Vesicles/LA+1170--30000X--0014_Vesicles_2.tif,b80db77f8a1b0c49
test,Vesicles,Vesicles/LA+1170--30000X--0020_Vesicles_1.tif,/Users/jason/Desktop/OrganelleClassifyDataset/test/Vesicles/LA+1170--30000X--0020_Vesicles_1.tif,da09741dd281dd5b
test,Vesicles,Vesicles/LA+1170--30000X--0029_Vesicles_1.tif,/Users/jason/Desktop/OrganelleClassifyDataset/test/Vesicles/LA+1170--30000X--0029_Vesicles_1.tif,ad2722b2bc983357
test,Vesicles,Vesicles/LA+1170--6800X--0007_Vesicles_1.tif,/Users/jason/Desktop/OrganelleClassifyDataset/test/Vesicles/LA+1170--6800X--0007_Vesicles_1.tif,8bee367ad8b0cd80
test,Vesicles,Vesicles/LA+1170--6800X--0007_Vesicles_2.tif,/Users/jason/Desktop/OrganelleClassifyDataset/test/Vesicles/LA+1170--6800X--0007_Vesicles_2.tif,de9a6d79e001de42
test,Vesicles,Vesicles/LA+1170--6800X--0007_Vesicles_3.tif,/Users/jason/Desktop/OrganelleClassifyDataset/test/Vesicles/LA+1170--6800X--0007_Vesicles_3.tif,8946769acbe90d4e
test,Vesicles,Vesicles/LA+1170--6800X--0007_Vesicles_7.tif,/Users/jason/Desktop/OrganelleClassifyDataset/test/Vesicles/LA+1170--6800X--0007_Vesicles_7.tif,8aed34268593d73c
test,Vesicles,Vesicles/LA--30000X--0050_Vesicles_1.tif,/Users/jason/Desktop/OrganelleClassifyDataset/test/Vesicles/LA--30000X--0050_Vesicles_1.tif,cf8c74cad7099d30
test,Vesicles,Vesicles/LA--30000X--0050_Vesicles_3.tif,/Users/jason/Desktop/OrganelleClassifyDataset/test/Vesicles/LA--30000X--0050_Vesicles_3.tif,c58e3a32e9b179c1
test,Vesicles,Vesicles/LA--30000X--0066_Vesicles_1.tif,/Users/jason/Desktop/OrganelleClassifyDataset/test/Vesicles/LA--30000X--0066_Vesicles_1.tif,df10759fd281ca45
test,Vesicles,Vesicles/LC1-3--6800X--0001_Vesicles_2.tif,/Users/jason/Desktop/OrganelleClassifyDataset/test/Vesicles/LC1-3--6800X--0001_Vesicles_2.tif,c3dc78e4d3c0ce83
test,Vesicles,Vesicles/WT+LA--6800X--0009_Vesicles_3.tif,/Users/jason/Desktop/OrganelleClassifyDataset/test/Vesicles/WT+LA--6800X--0009_Vesicles_3.tif,cb3d60bbc239dc50
test,Vesicles,Vesicles/WT2--30000X--0018_Vesicles_1.tif,/Users/jason/Desktop/OrganelleClassifyDataset/test/Vesicles/WT2--30000X--0018_Vesicles_1.tif,99706533d0cc4fce
test,Vesicles,Vesicles/kw10-4--13000X--0049_Vesicles_1.tif,/Users/jason/Desktop/OrganelleClassifyDataset/test/Vesicles/kw10-4--13000X--0049_Vesicles_1.tif,c8c2e24fda287c73
test,Vesicles,Vesicles/kw10-6--6800X--0044_Vesicles_1.tif,/Users/jason/Desktop/OrganelleClassifyDataset/test/Vesicles/kw10-6--6800X--0044_Vesicles_1.tif,9d8630268e9b5dd9
test,Vesicles,Vesicles/kw3-1--13000X--0135_Vesicles_1.tif,/Users/jason/Desktop/OrganelleClassifyDataset/test/Vesicles/kw3-1--13000X--0135_Vesicles_1.tif,cb483c3f52f04ccb
test,Vesicles,Vesicles/kw3-2--6800X--0056_Vesicles_6.tif,/Users/jason/Desktop/OrganelleClassifyDataset/test/Vesicles/kw3-2--6800X--0056_Vesicles_6.tif,88c361c8da337df2
test,Vesicles,Vesicles/kw3-6--6800X--0043_Vesicles_1.tif,/Users/jason/Desktop/OrganelleClassifyDataset/test/Vesicles/kw3-6--6800X--0043_Vesicles_1.tif,8fba30cf451e7138
test,Vesicles,Vesicles/wt--30000X--0029_Vesicles_1.tif,/Users/jason/Desktop/OrganelleClassifyDataset/test/Vesicles/wt--30000X--0029_Vesicles_1.tif,9ac46787e6aa982b
test,Vesicles,Vesicles/wt--30000X--0029_Vesicles_2.tif,/Users/jason/Desktop/OrganelleClassifyDataset/test/Vesicles/wt--30000X--0029_Vesicles_2.tif,de4830e8dacb3c95
test,Vesicles,Vesicles/wt--30000X--0055_Vesicles_1.tif,/Users/jason/Desktop/OrganelleClassifyDataset/test/Vesicles/wt--30000X--0055_Vesicles_1.tif,89ad25b4d6c6d9c8
test,Vesicles,Vesicles/wt-3--6800X--0015_Vesicles_1.tif,/Users/jason/Desktop/OrganelleClassifyDataset/test/Vesicles/wt-3--6800X--0015_Vesicles_1.tif,c3233e92615fce64
test,Vesicles,Vesicles/wt-6--6800X--0057_Vesicles_2.tif,/Users/jason/Desktop/OrganelleClassifyDataset/test/Vesicles/wt-6--6800X--0057_Vesicles_2.tif,c8ee71af9644ac34
test,Vesicles,Vesicles/wt-6--6800X--0057_Vesicles_3.tif,/Users/jason/Desktop/OrganelleClassifyDataset/test/Vesicles/wt-6--6800X--0057_Vesicles_3.tif,c7646c987b2ac5b8
