train_class,test_class,train_relative_path,test_relative_path,train_path,test_path,train_hash,test_hash,distance,same_class,nearest_tie_count
Chloroplast,Chloroplast,Chloroplast/1.1_008_Chloroplast_6.tif,Chloroplast/1.1_009_Chloroplast_2.tif,/Users/jason/Desktop/OrganelleClassifyDataset/train/Chloroplast/1.1_008_Chloroplast_6.tif,/Users/jason/Desktop/OrganelleClassifyDataset/test/Chloroplast/1.1_009_Chloroplast_2.tif,f346c41d9b34652d,fb42c41d9b34652d,2,True,1
Nucleus,Nucleus,Nucleus/kw10-6--13000X--0122_Nucleus_1.tif,Nucleus/kw10-6--6800X--0006_Nucleus_1.tif,/Users/jason/Desktop/OrganelleClassifyDataset/train/Nucleus/kw10-6--13000X--0122_Nucleus_1.tif,/Users/jason/Desktop/OrganelleClassifyDataset/test/Nucleus/kw10-6--6800X--0006_Nucleus_1.tif,81c22eb53d12d97b,81622eb53d12d97b,2,True,1
Chloroplast,Chloroplast,Chloroplast/LNWT_006_Chloroplast_2.tif,Chloroplast/309n_002_Chloroplast_1.tif,/Users/jason/Desktop/OrganelleClassifyDataset/train/Chloroplast/LNWT_006_Chloroplast_2.tif,/Users/jason/Desktop/OrganelleClassifyDataset/test/Chloroplast/309n_002_Chloroplast_1.tif,af42b6ce9823ce38,ae40b5ae9a23cf0e,12,True,1
Chloroplast,Chloroplast,Chloroplast/cjy-2_002_Chloroplast_3.tif,Chloroplast/cjy-2_012_Chloroplast_4.tif,/Users/jason/Desktop/OrganelleClassifyDataset/train/Chloroplast/cjy-2_002_Chloroplast_3.tif,/Users/jason/Desktop/OrganelleClassifyDataset/test/Chloroplast/cjy-2_012_Chloroplast_4.tif,f1c78fb8b122ae48,f5c78e38a3278629,12,True,1
Chloroplast,Chloroplast,Chloroplast/LNNA_006_Chloroplast_16.tif,Chloroplast/m-2_004_Chloroplast_5.tif,/Users/jason/Desktop/OrganelleClassifyDataset/train/Chloroplast/LNNA_006_Chloroplast_16.tif,/Users/jason/Desktop/OrganelleClassifyDataset/test/Chloroplast/m-2_004_Chloroplast_5.tif,eb1585f09aea89cc,a8b597d0dacac9c8,12,True,1
Golgi,Golgi,Golgi/70-WT--18500X--0081_Golgi_1.tif,Golgi/70-WT--18500X--0082_Golgi_1.tif,/Users/jason/Desktop/OrganelleClassifyDataset/train/Golgi/70-WT--18500X--0081_Golgi_1.tif,/Users/jason/Desktop/OrganelleClassifyDataset/test/Golgi/70-WT--18500X--0082_Golgi_1.tif,ef0fc1582bcfc064,ff15c25a2b8fc1a0,12,True,1
Golgi,Golgi,Golgi/48--9300X--0005_Golgi_1.tif,Golgi/D3--23000X--0016_Golgi_1.tif,/Users/jason/Desktop/OrganelleClassifyDataset/train/Golgi/48--9300X--0005_Golgi_1.tif,/Users/jason/Desktop/OrganelleClassifyDataset/test/Golgi/D3--23000X--0016_Golgi_1.tif,f0a7d699892c6393,f8a69799cc24a395,12,True,1
Mito,Nucleus,Mito/WT2--23000X--0009_Mito_2.tif,Nucleus/RKO-WT-3--6800X--0005_Nucleus_1.tif,/Users/jason/Desktop/OrganelleClassifyDataset/train/Mito/WT2--23000X--0009_Mito_2.tif,/Users/jason/Desktop/OrganelleClassifyDataset/test/Nucleus/RKO-WT-3--6800X--0005_Nucleus_1.tif,fffbfefc10800009,fffffdf282080001,12,False,1
Nucleus,Nucleus,Nucleus/kw10-4--6800X--0021_Nucleus_1.tif,Nucleus/kw10-4--6800X--0027_Nucleus_1.tif,/Users/jason/Desktop/OrganelleClassifyDataset/train/Nucleus/kw10-4--6800X--0021_Nucleus_1.tif,/Users/jason/Desktop/OrganelleClassifyDataset/test/Nucleus/kw10-4--6800X--0027_Nucleus_1.tif,9bc53a972b319d30,9ac52b16ae33cd31,12,True,1
Vesicles,Autosome,Vesicles/#56--23000X--0081_Vesicles_1.tif,Autosome/1--30000X--0009_Autosome_1.tif,/Users/jason/Desktop/OrganelleClassifyDataset/train/Vesicles/#56--23000X--0081_Vesicles_1.tif,/Users/jason/Desktop/OrganelleClassifyDataset/test/Autosome/1--30000X--0009_Autosome_1.tif,c3c674e1c2d6cc99,e3867c3983c4ced1,14,False,1
Chloroplast,Autosome,Chloroplast/4gill_014_Chloroplast_1.tif,Autosome/10-N--23000X--0059_Autosome_3.tif,/Users/jason/Desktop/OrganelleClassifyDataset/train/Chloroplast/4gill_014_Chloroplast_1.tif,/Users/jason/Desktop/OrganelleClassifyDataset/test/Autosome/10-N--23000X--0059_Autosome_3.tif,b86ac39eac19f330,b06e81962cd373b9,14,False,1
Chloroplast,Autosome,Chloroplast/2gill_009_Chloroplast_2.tif,Autosome/10-SI--23000X--0019_Autosome_1.tif,/Users/jason/Desktop/OrganelleClassifyDataset/train/Chloroplast/2gill_009_Chloroplast_2.tif,/Users/jason/Desktop/OrganelleClassifyDataset/test/Autosome/10-SI--23000X--0019_Autosome_1.tif,fb408daf9a35d032,fac0c79b9a2d1436,14,False,1
Chloroplast,Autosome,Chloroplast/zb1_025_Chloroplast_1.tif,Autosome/LC1-3--23000X--0012_Autosome_1.tif,/Users/jason/Desktop/OrganelleClassifyDataset/train/Chloroplast/zb1_025_Chloroplast_1.tif,/Users/jason/Desktop/OrganelleClassifyDataset/test/Autosome/LC1-3--23000X--0012_Autosome_1.tif,fa35c6f090c29bcc,fa2d84d1d246998f,14,False,1
Mito,Autosome,Mito/WT+LA--30000X--0022_Mito_1.tif,Autosome/ZYZ--49000X--0002_Autosome_4.tif,/Users/jason/Desktop/OrganelleClassifyDataset/train/Mito/WT+LA--30000X--0022_Mito_1.tif,/Users/jason/Desktop/OrganelleClassifyDataset/test/Autosome/ZYZ--49000X--0002_Autosome_4.tif,b808946bd3accead,a040d06bdb3c4dfd,14,False,1
Golgi,CellWall,Golgi/52-WT--18500X--0134_Golgi_1.tif,CellWall/4gill_010_Cell_Wall_1.tif,/Users/jason/Desktop/OrganelleClassifyDataset/train/Golgi/52-WT--18500X--0134_Golgi_1.tif,/Users/jason/Desktop/OrganelleClassifyDataset/test/CellWall/4gill_010_Cell_Wall_1.tif,ad0296e9cce0a7f1,ad17164989e4e2f3,14,False,1
Vesicles,CellWall,Vesicles/LA+1170--30000X--0009_Vesicles_1.tif,CellWall/mkb4_013_Cell_Wall_1.tif,/Users/jason/Desktop/OrganelleClassifyDataset/train/Vesicles/LA+1170--30000X--0009_Vesicles_1.tif,/Users/jason/Desktop/OrganelleClassifyDataset/test/CellWall/mkb4_013_Cell_Wall_1.tif,ca3f35d9c21ecb04,ab2ba5dbc6564344,14,False,1
Autosome,Chloroplast,Autosome/1--30000X--0008_Autosome_1.tif,Chloroplast/2.1_002_Chloroplast_2.tif,/Users/jason/Desktop/OrganelleClassifyDataset/train/Autosome/1--30000X--0008_Autosome_1.tif,/Users/jason/Desktop/OrganelleClassifyDataset/test/Chloroplast/2.1_002_Chloroplast_2.tif,bda9d0ebcfc98201,bf89d06ac3618667,14,False,2
Chloroplast,Chloroplast,Chloroplast/M8-1_006_Chloroplast_4.tif,Chloroplast/2.1_002_Chloroplast_2.tif,/Users/jason/Desktop/OrganelleClassifyDataset/train/Chloroplast/M8-1_006_Chloroplast_4.tif,/Users/jason/Desktop/OrganelleClassifyDataset/test/Chloroplast/2.1_002_Chloroplast_2.tif,ff41d058c3738355,bf89d06ac3618667,14,True,2
Chloroplast,Chloroplast,Chloroplast/309n_009_Chloroplast_8.tif,Chloroplast/2gill_002_Chloroplast_4.tif,/Users/jason/Desktop/OrganelleClassifyDataset/train/Chloroplast/309n_009_Chloroplast_8.tif,/Users/jason/Desktop/OrganelleClassifyDataset/test/Chloroplast/2gill_002_Chloroplast_4.tif,bfb8905a8f493c46,be1e8058cd499cf6,14,True,1
Mito,Chloroplast,Mito/WT2--23000X--0002_Mito_2.tif,Chloroplast/2gill_005_Chloroplast_3.tif,/Users/jason/Desktop/OrganelleClassifyDataset/train/Mito/WT2--23000X--0002_Mito_2.tif,/Users/jason/Desktop/OrganelleClassifyDataset/test/Chloroplast/2gill_005_Chloroplast_3.tif,bd55504aaa29d567,fd95d07889615547,14,False,1
Mito,Chloroplast,Mito/Q3--11000X--0008_Mito_2.tif,Chloroplast/6gill_013_Chloroplast_1.tif,/Users/jason/Desktop/OrganelleClassifyDataset/train/Mito/Q3--11000X--0008_Mito_2.tif,/Users/jason/Desktop/OrganelleClassifyDataset/test/Chloroplast/6gill_013_Chloroplast_1.tif,ebe084859f9f9498,aae0c5ad5e92969a,14,False,1
Chloroplast,Chloroplast,Chloroplast/zb2_022_Chloroplast_2.tif,Chloroplast/LNNA_004_Chloroplast_5.tif,/Users/jason/Desktop/OrganelleClassifyDataset/train/Chloroplast/zb2_022_Chloroplast_2.tif,/Users/jason/Desktop/OrganelleClassifyDataset/test/Chloroplast/LNNA_004_Chloroplast_5.tif,ffc08587d89cd0b1,fad0d587d68c54a8,14,True,1
Chloroplast,Chloroplast,Chloroplast/M8_014_Chloroplast_1.tif,Chloroplast/M8_014_Chloroplast_2.tif,/Users/jason/Desktop/OrganelleClassifyDataset/train/Chloroplast/M8_014_Chloroplast_1.tif,/Users/jason/Desktop/OrganelleClassifyDataset/test/Chloroplast/M8_014_Chloroplast_2.tif,ea42c50d873d9bb1,ea46d54d960d9d1c,14,True,1
Chloroplast,Chloroplast,Chloroplast/3gill_007_Chloroplast_1.tif,Chloroplast/M9-1_002_Chloroplast_2.tif,/Users/jason/Desktop/OrganelleClassifyDataset/train/Chloroplast/3gill_007_Chloroplast_1.tif,/Users/jason/Desktop/OrganelleClassifyDataset/test/Chloroplast/M9-1_002_Chloroplast_2.tif,ab4ad0ad9b349d32,eb4af44d83189f70,14,True,5
Chloroplast,Chloroplast,Chloroplast/M8_014_Chloroplast_1.tif,Chloroplast/M9-1_002_Chloroplast_2.tif,/Users/jason/Desktop/OrganelleClassifyDataset/train/Chloroplast/M8_014_Chloroplast_1.tif,/Users/jason/Desktop/OrganelleClassifyDataset/test/Chloroplast/M9-1_002_Chloroplast_2.tif,ea42c50d873d9bb1,eb4af44d83189f70,14,True,5
Mito,Chloroplast,Mito/169--68000X--0073_Mito_1.tif,Chloroplast/M9-1_002_Chloroplast_2.tif,/Users/jason/Desktop/OrganelleClassifyDataset/train/Mito/169--68000X--0073_Mito_1.tif,/Users/jason/Desktop/OrganelleClassifyDataset/test/Chloroplast/M9-1_002_Chloroplast_2.tif,fb4bc06d87349e90,eb4af44d83189f70,14,False,5
Mito,Chloroplast,Mito/M_J83--30000X--0044_Mito_1.tif,Chloroplast/M9-1_002_Chloroplast_2.tif,/Users/jason/Desktop/OrganelleClassifyDataset/train/Mito/M_J83--30000X--0044_Mito_1.tif,/Users/jason/Desktop/OrganelleClassifyDataset/test/Chloroplast/M9-1_002_Chloroplast_2.tif,ab68b408971e9e7c,eb4af44d83189f70,14,False,5
Vesicles,Chloroplast,Vesicles/169--30000X--0053_Vesicles_1.tif,Chloroplast/M9-1_002_Chloroplast_2.tif,/Users/jason/Desktop/OrganelleClassifyDataset/train/Vesicles/169--30000X--0053_Vesicles_1.tif,/Users/jason/Desktop/OrganelleClassifyDataset/test/Chloroplast/M9-1_002_Chloroplast_2.tif,ad6a34478238df53,eb4af44d83189f70,14,False,5
Chloroplast,Chloroplast,Chloroplast/LNNA_006_Chloroplast_16.tif,Chloroplast/m-2_004_Chloroplast_1.tif,/Users/jason/Desktop/OrganelleClassifyDataset/train/Chloroplast/LNNA_006_Chloroplast_16.tif,/Users/jason/Desktop/OrganelleClassifyDataset/test/Chloroplast/m-2_004_Chloroplast_1.tif,eb1585f09aea89cc,eb3f85709a2390e6,14,True,1
Chloroplast,Chloroplast,Chloroplast/3gill_010_Chloroplast_1.tif,Chloroplast/swccday neutral_005_Chloroplast_1.tif,/Users/jason/Desktop/OrganelleClassifyDataset/train/Chloroplast/3gill_010_Chloroplast_1.tif,/Users/jason/Desktop/OrganelleClassifyDataset/test/Chloroplast/swccday neutral_005_Chloroplast_1.tif,be37cb69a4422359,bd3fc6c8946223d1,14,True,1
Chloroplast,Chloroplast,Chloroplast/379n_004_Chloroplast_1.tif,Chloroplast/swccshort day_004_Chloroplast_2.tif,/Users/jason/Desktop/OrganelleClassifyDataset/train/Chloroplast/379n_004_Chloroplast_1.tif,/Users/jason/Desktop/OrganelleClassifyDataset/test/Chloroplast/swccshort day_004_Chloroplast_2.tif,aa9591cacd65d0e6,ab95dac9ecc4c0e2,14,True,1
Chloroplast,Chloroplast,Chloroplast/6gill_002_Chloroplast_3.tif,Chloroplast/zb1_007_Chloroplast_1.tif,/Users/jason/Desktop/OrganelleClassifyDataset/train/Chloroplast/6gill_002_Chloroplast_3.tif,/Users/jason/Desktop/OrganelleClassifyDataset/test/Chloroplast/zb1_007_Chloroplast_1.tif,bf9f814ac431d2c9,bf9fc0688751caa1,14,True,1
Chloroplast,Chloroplast,Chloroplast/M8-1_006_Chloroplast_2.tif,Chloroplast/zb1_028_Chloroplast_1.tif,/Users/jason/Desktop/OrganelleClassifyDataset/train/Chloroplast/M8-1_006_Chloroplast_2.tif,/Users/jason/Desktop/OrganelleClassifyDataset/test/Chloroplast/zb1_028_Chloroplast_1.tif,bbb4c44416d35a5b,fba4c44c9b529873,14,True,1
Golgi,ER,Golgi/43--6800X--0009_Golgi_2.tif,ER/2+--6800X--0011_ER_3.tif,/Users/jason/Desktop/OrganelleClassifyDataset/train/Golgi/43--6800X--0009_Golgi_2.tif,/Users/jason/Desktop/OrganelleClassifyDataset/test/ER/2+--6800X--0011_ER_3.tif,b1e19a1f0790f0e7,b02f1817273af0e7,14,False,1
Golgi,Golgi,Golgi/#3--6800X--0008_Golgi_1.tif,Golgi/#3--23000X--0057_Golgi_1.tif,/Users/jason/Desktop/OrganelleClassifyDataset/train/Golgi/#3--6800X--0008_Golgi_1.tif,/Users/jason/Desktop/OrganelleClassifyDataset/test/Golgi/#3--23000X--0057_Golgi_1.tif,f31cea6229e13e92,f11cca6a0bc5bc47,14,True,1
Golgi,Golgi,Golgi/#54--23000X--0075_Golgi_1.tif,Golgi/#54--23000X--0050_Golgi_1.tif,/Users/jason/Desktop/OrganelleClassifyDataset/train/Golgi/#54--23000X--0075_Golgi_1.tif,/Users/jason/Desktop/OrganelleClassifyDataset/test/Golgi/#54--23000X--0050_Golgi_1.tif,eef0c01da92b0779,fce1810da95b2f38,14,True,1
Chloroplast,Golgi,Chloroplast/6gill_013_Chloroplast_2.tif,Golgi/37--23000X--0002_Golgi_4.tif,/Users/jason/Desktop/OrganelleClassifyDataset/train/Chloroplast/6gill_013_Chloroplast_2.tif,/Users/jason/Desktop/OrganelleClassifyDataset/test/Golgi/37--23000X--0002_Golgi_4.tif,afc892853b70c33e,bfe082057d74d52a,14,False,1
Golgi,Golgi,Golgi/45--9300X--0004_Golgi_1.tif,Golgi/45--23000X--0011_Golgi_1.tif,/Users/jason/Desktop/OrganelleClassifyDataset/train/Golgi/45--9300X--0004_Golgi_1.tif,/Users/jason/Desktop/OrganelleClassifyDataset/test/Golgi/45--23000X--0011_Golgi_1.tif,f734f4a131354f0c,f234d0a331372c5f,14,True,1
Chloroplast,Mito,Chloroplast/3gill_007_Chloroplast_5.tif,Mito/R1--49000X--0023_Mito_1.tif,/Users/jason/Desktop/OrganelleClassifyDataset/train/Chloroplast/3gill_007_Chloroplast_5.tif,/Users/jason/Desktop/OrganelleClassifyDataset/test/Mito/R1--49000X--0023_Mito_1.tif,aa4095a7cf96cd98,aa44953e959ed499,14,False,2
Chloroplast,Mito,Chloroplast/M9-1_002_Chloroplast_1.tif,Mito/R1--49000X--0023_Mito_1.tif,/Users/jason/Desktop/OrganelleClassifyDataset/train/Chloroplast/M9-1_002_Chloroplast_1.tif,/Users/jason/Desktop/OrganelleClassifyDataset/test/Mito/R1--49000X--0023_Mito_1.tif,ab4790bc9fc6c491,aa44953e959ed499,14,False,2
Mito,Mito,Mito/169--68000X--0077_Mito_1.tif,Mito/WT+LA--30000X--0021_Mito_1.tif,/Users/jason/Desktop/OrganelleClassifyDataset/train/Mito/169--68000X--0077_Mito_1.tif,/Users/jason/Desktop/OrganelleClassifyDataset/test/Mito/WT+LA--30000X--0021_Mito_1.tif,fac0912f9a7cd0f0,facf81149a74d872,14,True,1
Autosome,Mito,Autosome/4--30000X--0021_Autosome_2.tif,Mito/ZONG_S3_5.27--23000X--0018_Mito_4.tif,/Users/jason/Desktop/OrganelleClassifyDataset/train/Autosome/4--30000X--0021_Autosome_2.tif,/Users/jason/Desktop/OrganelleClassifyDataset/test/Mito/ZONG_S3_5.27--23000X--0018_Mito_4.tif,bd87d24b8b2d8970,b94bd04bcb352936,14,False,1
Golgi,Nucleus,Golgi/44--23000X--0015_Golgi_2.tif,Nucleus/KW10-3--4800X--0037_Nucleus_2.tif,/Users/jason/Desktop/OrganelleClassifyDataset/train/Golgi/44--23000X--0015_Golgi_2.tif,/Users/jason/Desktop/OrganelleClassifyDataset/test/Nucleus/KW10-3--4800X--0037_Nucleus_2.tif,8a033f1fcf945958,8803771f699c6f98,14,False,1
Chloroplast,Nucleus,Chloroplast/cjy-2_013_Chloroplast_6.tif,Nucleus/kw10-3--6800X--0052_Nucleus_1.tif,/Users/jason/Desktop/OrganelleClassifyDataset/train/Chloroplast/cjy-2_013_Chloroplast_6.tif,/Users/jason/Desktop/OrganelleClassifyDataset/test/Nucleus/kw10-3--6800X--0052_Nucleus_1.tif,c0c18b3ef56d8a6c,c0c0e1fef7b98a24,14,False,1
Nucleus,Nucleus,Nucleus/kw10-7--6800X--0013_Nucleus_1.tif,Nucleus/kw10-3--6800X--0080_Nucleus_1.tif,/Users/jason/Desktop/OrganelleClassifyDataset/train/Nucleus/kw10-7--6800X--0013_Nucleus_1.tif,/Users/jason/Desktop/OrganelleClassifyDataset/test/Nucleus/kw10-3--6800X--0080_Nucleus_1.tif,bbe4e449ce173834,f9eec4818e1d3839,14,True,1
Chloroplast,Nucleus,Chloroplast/1.1_008_Chloroplast_9.tif,Nucleus/kw10-4--6800X--0030_Nucleus_1.tif,/Users/jason/Desktop/OrganelleClassifyDataset/train/Chloroplast/1.1_008_Chloroplast_9.tif,/Users/jason/Desktop/OrganelleClassifyDataset/test/Nucleus/kw10-4--6800X--0030_Nucleus_1.tif,eae2d785b49ad20c,afe0b485968adb2c,14,False,1
Nucleus,Nucleus,Nucleus/kw10-6--6800X--0014_Nucleus_1.tif,Nucleus/kw10-6--6800X--0004_Nucleus_1.tif,/Users/jason/Desktop/OrganelleClassifyDataset/train/Nucleus/kw10-6--6800X--0014_Nucleus_1.tif,/Users/jason/Desktop/OrganelleClassifyDataset/test/Nucleus/kw10-6--6800X--0004_Nucleus_1.tif,97737a5d24d08cd8,93717edcc4c8ccc2,14,True,1
CellWall,Nucleus,CellWall/essam21_009_Cell_Wall_1.tif,Nucleus/wt-6--13000X--0080_Nucleus_1.tif,/Users/jason/Desktop/OrganelleClassifyDataset/train/CellWall/essam21_009_Cell_Wall_1.tif,/Users/jason/Desktop/OrganelleClassifyDataset/test/Nucleus/wt-6--13000X--0080_Nucleus_1.tif,c2ddbd25ab3aca02,c29ab92fa836cb23,14,False,1
CellWall,Nucleus,CellWall/zzc4_012_Cell_Wall_2.tif,Nucleus/wt-7--6800X--0077_Nucleus_1.tif,/Users/jason/Desktop/OrganelleClassifyDataset/train/CellWall/zzc4_012_Cell_Wall_2.tif,/Users/jason/Desktop/OrganelleClassifyDataset/test/Nucleus/wt-7--6800X--0077_Nucleus_1.tif,8a2f7717a48ee438,aa2137d4e98ee43a,14,False,1
Nucleus,Vesicles,Nucleus/kw10-3--6800X--0077_Nucleus_2.tif,Vesicles/1-1shiyan--23000X--0014_Vesicles_1.tif,/Users/jason/Desktop/OrganelleClassifyDataset/train/Nucleus/kw10-3--6800X--0077_Nucleus_2.tif,/Users/jason/Desktop/OrganelleClassifyDataset/test/Vesicles/1-1shiyan--23000X--0014_Vesicles_1.tif,823a2aaba1e3c6bd,922d6aa8a1f186f7,14,False,1
Vesicles,Vesicles,Vesicles/79-1--11000X--0014_Vesicles_3.tif,Vesicles/169--30000X--0046_Vesicles_1.tif,/Users/jason/Desktop/OrganelleClassifyDataset/train/Vesicles/79-1--11000X--0014_Vesicles_3.tif,/Users/jason/Desktop/OrganelleClassifyDataset/test/Vesicles/169--30000X--0046_Vesicles_1.tif,9a0e65e496cf9a54,9e22659e96679a4c,14,True,1
Vesicles,Vesicles,Vesicles/#56--23000X--0081_Vesicles_1.tif,Vesicles/169--6800X--0030_Vesicles_1.tif,/Users/jason/Desktop/OrganelleClassifyDataset/train/Vesicles/#56--23000X--0081_Vesicles_1.tif,/Users/jason/Desktop/OrganelleClassifyDataset/test/Vesicles/169--6800X--0030_Vesicles_1.tif,c3c674e1c2d6cc99,8b9225e1f394dc99,14,True,1
Vesicles,Vesicles,Vesicles/2+--6800X--0011_Vesicles_1.tif,Vesicles/kw3-1--13000X--0135_Vesicles_1.tif,/Users/jason/Desktop/OrganelleClassifyDataset/train/Vesicles/2+--6800X--0011_Vesicles_1.tif,/Users/jason/Desktop/OrganelleClassifyDataset/test/Vesicles/kw3-1--13000X--0135_Vesicles_1.tif,cfc9353ee270c483,cb483c3f52f04ccb,14,True,1
Autosome,Autosome,Autosome/10-SI--23000X--0038_Autosome_2.tif,Autosome/1--30000X--0006_Autosome_6.tif,/Users/jason/Desktop/OrganelleClassifyDataset/train/Autosome/10-SI--23000X--0038_Autosome_2.tif,/Users/jason/Desktop/OrganelleClassifyDataset/test/Autosome/1--30000X--0006_Autosome_6.tif,fc5688314fcc3c3c,fd50b069cf643a34,16,True,2
Mito,Autosome,Mito/10-N--23000X--0025_Mito_1.tif,Autosome/1--30000X--0006_Autosome_6.tif,/Users/jason/Desktop/OrganelleClassifyDataset/train/Mito/10-N--23000X--0025_Mito_1.tif,/Users/jason/Desktop/OrganelleClassifyDataset/test/Autosome/1--30000X--0006_Autosome_6.tif,ef40d04d87a4db3c,fd50b069cf643a34,16,False,2
Chloroplast,Autosome,Chloroplast/M8_014_Chloroplast_1.tif,Autosome/1--30000X--0007_Autosome_2.tif,/Users/jason/Desktop/OrganelleClassifyDataset/train/Chloroplast/M8_014_Chloroplast_1.tif,/Users/jason/Desktop/OrganelleClassifyDataset/test/Autosome/1--30000X--0007_Autosome_2.tif,ea42c50d873d9bb1,b282d18e872dd9e5,16,False,4
Mito,Autosome,Mito/#3--23000X--0039_Mito_1.tif,Autosome/1--30000X--0007_Autosome_2.tif,/Users/jason/Desktop/OrganelleClassifyDataset/train/Mito/#3--23000X--0039_Mito_1.tif,/Users/jason/Desktop/OrganelleClassifyDataset/test/Autosome/1--30000X--0007_Autosome_2.tif,a3aac1ccc15dd86d,b282d18e872dd9e5,16,False,4
Mito,Autosome,Mito/R3--49000X--0020_Mito_1.tif,Autosome/1--30000X--0007_Autosome_2.tif,/Users/jason/Desktop/OrganelleClassifyDataset/train/Mito/R3--49000X--0020_Mito_1.tif,/Users/jason/Desktop/OrganelleClassifyDataset/test/Autosome/1--30000X--0007_Autosome_2.tif,aac681ae8f2d4f0d,b282d18e872dd9e5,16,False,4
Mito,Autosome,Mito/m_j76--30000X--0036_Mito_2.tif,Autosome/1--30000X--0007_Autosome_2.tif,/Users/jason/Desktop/OrganelleClassifyDataset/train/Mito/m_j76--30000X--0036_Mito_2.tif,/Users/jason/Desktop/OrganelleClassifyDataset/test/Autosome/1--30000X--0007_Autosome_2.tif,aba491adc30d5de4,b282d18e872dd9e5,16,False,4
Vesicles,Autosome,Vesicles/1--18500X--0029_Vesicles_1.tif,Autosome/1--30000X--0010_Autosome_2.tif,/Users/jason/Desktop/OrganelleClassifyDataset/train/Vesicles/1--18500X--0029_Vesicles_1.tif,/Users/jason/Desktop/OrganelleClassifyDataset/test/Autosome/1--30000X--0010_Autosome_2.tif,cd363234cfeb340c,bd3d9030cefb1c09,16,False,1
Autosome,Autosome,Autosome/1-3-hkf--6800X--0007_Autosome_1.tif,Autosome/1--30000X--0010_Autosome_3.tif,/Users/jason/Desktop/OrganelleClassifyDataset/train/Autosome/1-3-hkf--6800X--0007_Autosome_1.tif,/Users/jason/Desktop/OrganelleClassifyDataset/test/Autosome/1--30000X--0010_Autosome_3.tif,a9c49674d81965eb,b944971ecf31252b,16,True,2
Autosome,Autosome,Autosome/PG1--98000X--0030_Autosome_1.tif,Autosome/1--30000X--0010_Autosome_3.tif,/Users/jason/Desktop/OrganelleClassifyDataset/train/Autosome/PG1--98000X--0030_Autosome_1.tif,/Users/jason/Desktop/OrganelleClassifyDataset/test/Autosome/1--30000X--0010_Autosome_3.tif,a881951ede246f3b,b944971ecf31252b,16,True,2
Mito,Autosome,Mito/R3--49000X--0022_Mito_1.tif,Autosome/1-1shiyan--23000X--0014_Autosome_1.tif,/Users/jason/Desktop/OrganelleClassifyDataset/train/Mito/R3--49000X--0022_Mito_1.tif,/Users/jason/Desktop/OrganelleClassifyDataset/test/Autosome/1-1shiyan--23000X--0014_Autosome_1.tif,eaf7c4e18e4198c6,e837c321cc4797c6,16,False,1
Vesicles,Autosome,Vesicles/1-3-hkf--6800X--0002_Vesicles_1.tif,Autosome/10-N--23000X--0010_Autosome_1.tif,/Users/jason/Desktop/OrganelleClassifyDataset/train/Vesicles/1-3-hkf--6800X--0002_Vesicles_1.tif,/Users/jason/Desktop/OrganelleClassifyDataset/test/Autosome/10-N--23000X--0010_Autosome_1.tif,9a4d65c88fb0bba8,f1cdc5098f708ba9,16,False,1
Chloroplast,Autosome,Chloroplast/M8-1_006_Chloroplast_3.tif,Autosome/10-N--23000X--0052_Autosome_1.tif,/Users/jason/Desktop/OrganelleClassifyDataset/train/Chloroplast/M8-1_006_Chloroplast_3.tif,/Users/jason/Desktop/OrganelleClassifyDataset/test/Autosome/10-N--23000X--0052_Autosome_1.tif,fd87822c8e05b8f9,fd929848e42db8f8,16,False,1
Autosome,Autosome,Autosome/ZYZ--49000X--0001_Autosome_1.tif,Autosome/10-N--23000X--0059_Autosome_1.tif,/Users/jason/Desktop/OrganelleClassifyDataset/train/Autosome/ZYZ--49000X--0001_Autosome_1.tif,/Users/jason/Desktop/OrganelleClassifyDataset/test/Autosome/10-N--23000X--0059_Autosome_1.tif,ffd8d0c98dc66604,fd90d242cdcc4e74,16,True,1
Autosome,Autosome,Autosome/1-1shiyan--6800X--0002_Autosome_1.tif,Autosome/10-SI--23000X--0027_Autosome_2.tif,/Users/jason/Desktop/OrganelleClassifyDataset/train/Autosome/1-1shiyan--6800X--0002_Autosome_1.tif,/Users/jason/Desktop/OrganelleClassifyDataset/test/Autosome/10-SI--23000X--0027_Autosome_2.tif,f981c4d59ab56171,a1f19615fa352571,16,True,1
Mito,Autosome,Mito/#3--23000X--0039_Mito_1.tif,Autosome/LC1-3--23000X--0010_Autosome_3.tif,/Users/jason/Desktop/OrganelleClassifyDataset/train/Mito/#3--23000X--0039_Mito_1.tif,/Users/jason/Desktop/OrganelleClassifyDataset/test/Autosome/LC1-3--23000X--0010_Autosome_3.tif,a3aac1ccc15dd86d,bfece0c2d04dd02d,16,False,1
Nucleus,Autosome,Nucleus/kw10-6--6800X--0034_Nucleus_1.tif,Autosome/PG1--98000X--0009_Autosome_1.tif,/Users/jason/Desktop/OrganelleClassifyDataset/train/Nucleus/kw10-6--6800X--0034_Nucleus_1.tif,/Users/jason/Desktop/OrganelleClassifyDataset/test/Autosome/PG1--98000X--0009_Autosome_1.tif,eec0a14f98bed609,ee70818e9cdae529,16,False,1
Autosome,Autosome,Autosome/PG1--98000X--0018_Autosome_1.tif,Autosome/PG1--98000X--0013_Autosome_1.tif,/Users/jason/Desktop/OrganelleClassifyDataset/train/Autosome/PG1--98000X--0018_Autosome_1.tif,/Users/jason/Desktop/OrganelleClassifyDataset/test/Autosome/PG1--98000X--0013_Autosome_1.tif,e19e98613de732c4,ec9a8e793c613266,16,True,1
CellWall,Autosome,CellWall/HST-CK_007_Cell_Wall_1.tif,Autosome/RKO-SEP-0--30000X--0011_Autosome_1.tif,/Users/jason/Desktop/OrganelleClassifyDataset/train/CellWall/HST-CK_007_Cell_Wall_1.tif,/Users/jason/Desktop/OrganelleClassifyDataset/test/Autosome/RKO-SEP-0--30000X--0011_Autosome_1.tif,87b0f63f4b54290b,a5fcd6274916611d,16,False,1
CellWall,CellWall,CellWall/lyn6_007_Cell_Wall_2.tif,CellWall/18-1_002_Cell_Wall_1.tif,/Users/jason/Desktop/OrganelleClassifyDataset/train/CellWall/lyn6_007_Cell_Wall_2.tif,/Users/jason/Desktop/OrganelleClassifyDataset/test/CellWall/18-1_002_Cell_Wall_1.tif,a249e6eccb5a5c0d,aef9c68d8b1a5614,16,True,1
ER,CellWall,ER/3W-CD4-Ctrl2--13000X--0002_ER_1.tif,CellWall/HST-TREAT_010_Cell_Wall_1.tif,/Users/jason/Desktop/OrganelleClassifyDataset/train/ER/3W-CD4-Ctrl2--13000X--0002_ER_1.tif,/Users/jason/Desktop/OrganelleClassifyDataset/test/CellWall/HST-TREAT_010_Cell_Wall_1.tif,bf5caa56a356a111,dd95aa56a554a94a,16,False,1
Golgi,CellWall,Golgi/47--30000X--0030_Golgi_2.tif,CellWall/HST-TREAT_013_Cell_Wall_1.tif,/Users/jason/Desktop/OrganelleClassifyDataset/train/Golgi/47--30000X--0030_Golgi_2.tif,/Users/jason/Desktop/OrganelleClassifyDataset/test/CellWall/HST-TREAT_013_Cell_Wall_1.tif,dd21dfd0455939c2,9d38fcc0851d3ba3,16,False,1
Golgi,CellWall,Golgi/47--9300X--0008_Golgi_1.tif,CellWall/HST-TREAT_016_Cell_Wall_1.tif,/Users/jason/Desktop/OrganelleClassifyDataset/train/Golgi/47--9300X--0008_Golgi_1.tif,/Users/jason/Desktop/OrganelleClassifyDataset/test/CellWall/HST-TREAT_016_Cell_Wall_1.tif,811fe5b5408ebfc8,8b12a5b768a4bf0e,16,False,1
CellWall,CellWall,CellWall/ech_001_Cell_Wall_1.tif,CellWall/drp1a+_004_Cell_Wall_1.tif,/Users/jason/Desktop/OrganelleClassifyDataset/train/CellWall/ech_001_Cell_Wall_1.tif,/Users/jason/Desktop/OrganelleClassifyDataset/test/CellWall/drp1a+_004_Cell_Wall_1.tif,e168bfde0420d87b,c12ab7fe478011fa,16,True,1
CellWall,CellWall,CellWall/wht1_004_Cell_Wall_1.tif,CellWall/essam25_003_Cell_Wall_1.tif,/Users/jason/Desktop/OrganelleClassifyDataset/train/CellWall/wht1_004_Cell_Wall_1.tif,/Users/jason/Desktop/OrganelleClassifyDataset/test/CellWall/essam25_003_Cell_Wall_1.tif,bf1ec73689e01a0d,f70ffd1acce00a05,16,True,2
Chloroplast,CellWall,Chloroplast/zb2_025_Chloroplast_2.tif,CellWall/essam25_003_Cell_Wall_1.tif,/Users/jason/Desktop/OrganelleClassifyDataset/train/Chloroplast/zb2_025_Chloroplast_2.tif,/Users/jason/Desktop/OrganelleClassifyDataset/test/CellWall/essam25_003_Cell_Wall_1.tif,f80ff5788f618825,f70ffd1acce00a05,16,False,2
Golgi,CellWall,Golgi/ISO-3--30000X--0042_Golgi_2.tif,CellWall/lyn8_009_Cell_Wall_1.tif,/Users/jason/Desktop/OrganelleClassifyDataset/train/Golgi/ISO-3--30000X--0042_Golgi_2.tif,/Users/jason/Desktop/OrganelleClassifyDataset/test/CellWall/lyn8_009_Cell_Wall_1.tif,bca0ce2398cd175b,b8b8c66398ae439d,16,False,1
CellWall,CellWall,CellWall/mkb7_006_Cell_Wall_2.tif,CellWall/mkb5_001_Cell_Wall_1.tif,/Users/jason/Desktop/OrganelleClassifyDataset/train/CellWall/mkb7_006_Cell_Wall_2.tif,/Users/jason/Desktop/OrganelleClassifyDataset/test/CellWall/mkb5_001_Cell_Wall_1.tif,cb89e433c3e187e2,e119e533c8e136c7,16,True,4
CellWall,CellWall,CellWall/qm-2_001_Cell_Wall_5.tif,CellWall/mkb5_001_Cell_Wall_1.tif,/Users/jason/Desktop/OrganelleClassifyDataset/train/CellWall/qm-2_001_Cell_Wall_5.tif,/Users/jason/Desktop/OrganelleClassifyDataset/test/CellWall/mkb5_001_Cell_Wall_1.tif,e2717977c8e50685,e119e533c8e136c7,16,True,4
Golgi,CellWall,Golgi/40--9300X--0002_Golgi_2.tif,CellWall/mkb5_001_Cell_Wall_1.tif,/Users/jason/Desktop/OrganelleClassifyDataset/train/Golgi/40--9300X--0002_Golgi_2.tif,/Users/jason/Desktop/OrganelleClassifyDataset/test/CellWall/mkb5_001_Cell_Wall_1.tif,c11d5f134de129c7,e119e533c8e136c7,16,False,4
Golgi,CellWall,Golgi/47--30000X--0031_Golgi_3.tif,CellWall/mkb5_001_Cell_Wall_1.tif,/Users/jason/Desktop/OrganelleClassifyDataset/train/Golgi/47--30000X--0031_Golgi_3.tif,/Users/jason/Desktop/OrganelleClassifyDataset/test/CellWall/mkb5_001_Cell_Wall_1.tif,f1589737cc8922cd,e119e533c8e136c7,16,False,4
ER,CellWall,ER/2+--6800X--0002_ER_3.tif,CellWall/mkb7_008_Cell_Wall_1.tif,/Users/jason/Desktop/OrganelleClassifyDataset/train/ER/2+--6800X--0002_ER_3.tif,/Users/jason/Desktop/OrganelleClassifyDataset/test/CellWall/mkb7_008_Cell_Wall_1.tif,8959bbc68c53b654,8bd989dacb52e454,16,False,1
Autosome,CellWall,Autosome/ZYZ--49000X--0002_Autosome_5.tif,CellWall/mkb9_001_Cell_Wall_3.tif,/Users/jason/Desktop/OrganelleClassifyDataset/train/Autosome/ZYZ--49000X--0002_Autosome_5.tif,/Users/jason/Desktop/OrganelleClassifyDataset/test/CellWall/mkb9_001_Cell_Wall_3.tif,ef38d0c28a6f1b2c,ebb2d192cbf21a0c,16,False,1
CellWall,CellWall,CellWall/xsj2_009_Cell_Wall_1.tif,CellWall/qm-2_005_Cell_Wall_1.tif,/Users/jason/Desktop/OrganelleClassifyDataset/train/CellWall/xsj2_009_Cell_Wall_1.tif,/Users/jason/Desktop/OrganelleClassifyDataset/test/CellWall/qm-2_005_Cell_Wall_1.tif,a3b233c40ece9cec,a1b239807f8ab5ea,16,True,1
Chloroplast,CellWall,Chloroplast/379c_002_Chloroplast_1.tif,CellWall/qm-2_011_Cell_Wall_1.tif,/Users/jason/Desktop/OrganelleClassifyDataset/train/Chloroplast/379c_002_Chloroplast_1.tif,/Users/jason/Desktop/OrganelleClassifyDataset/test/CellWall/qm-2_011_Cell_Wall_1.tif,8f04b0fbd8ccc671,cf17b4f8dc4483a1,16,False,1
ER,CellWall,ER/2--30000X--0020_ER_1.tif,CellWall/qm1_014_Cell_Wall_3.tif,/Users/jason/Desktop/OrganelleClassifyDataset/train/ER/2--30000X--0020_ER_1.tif,/Users/jason/Desktop/OrganelleClassifyDataset/test/CellWall/qm1_014_Cell_Wall_3.tif,a27a0af693b193e2,e67649f593b01a4a,16,False,1
Chloroplast,CellWall,Chloroplast/2gill_009_Chloroplast_13.tif,CellWall/qm1_019_Cell_Wall_1.tif,/Users/jason/Desktop/OrganelleClassifyDataset/train/Chloroplast/2gill_009_Chloroplast_13.tif,/Users/jason/Desktop/OrganelleClassifyDataset/test/CellWall/qm1_019_Cell_Wall_1.tif,b61681694eb72d53,d21e91416e7e8f43,16,False,1
CellWall,CellWall,CellWall/4-llq_002_Cell_Wall_1.tif,CellWall/shd2_011_Cell_Wall_3.tif,/Users/jason/Desktop/OrganelleClassifyDataset/train/CellWall/4-llq_002_Cell_Wall_1.tif,/Users/jason/Desktop/OrganelleClassifyDataset/test/CellWall/shd2_011_Cell_Wall_3.tif,8e63cf1813b6a70d,98c3ce1810f7b7b4,16,True,1
CellWall,CellWall,CellWall/qm-2_001_Cell_Wall_3.tif,CellWall/tjq-4_006_Cell_Wall_2.tif,/Users/jason/Desktop/OrganelleClassifyDataset/train/CellWall/qm-2_001_Cell_Wall_3.tif,/Users/jason/Desktop/OrganelleClassifyDataset/test/CellWall/tjq-4_006_Cell_Wall_2.tif,ceec9527b21972c1,cccdd926d24c32cd,16,True,1
Golgi,CellWall,Golgi/47--9300X--0008_Golgi_3.tif,CellWall/wbb-4_008_Cell_Wall_1.tif,/Users/jason/Desktop/OrganelleClassifyDataset/train/Golgi/47--9300X--0008_Golgi_3.tif,/Users/jason/Desktop/OrganelleClassifyDataset/test/CellWall/wbb-4_008_Cell_Wall_1.tif,c9586aa00dcb2ff5,d9d64b8809cd6cf1,16,False,1
CellWall,CellWall,CellWall/lyn5_008_Cell_Wall_1.tif,CellWall/xsj2_005_Cell_Wall_2.tif,/Users/jason/Desktop/OrganelleClassifyDataset/train/CellWall/lyn5_008_Cell_Wall_1.tif,/Users/jason/Desktop/OrganelleClassifyDataset/test/CellWall/xsj2_005_Cell_Wall_2.tif,b3b3c92c7201dee8,a373983c60871efa,16,True,1
Vesicles,CellWall,Vesicles/1-3-hkf--6800X--0006_Vesicles_2.tif,CellWall/zzc3_002_Cell_Wall_4.tif,/Users/jason/Desktop/OrganelleClassifyDataset/train/Vesicles/1-3-hkf--6800X--0006_Vesicles_2.tif,/Users/jason/Desktop/OrganelleClassifyDataset/test/CellWall/zzc3_002_Cell_Wall_4.tif,9f007afe216185e7,9581eefe22398c87,16,False,1
Vesicles,CellWall,Vesicles/1170--30000X--0022_Vesicles_3.tif,CellWall/zzc6_009_Cell_Wall_1.tif,/Users/jason/Desktop/OrganelleClassifyDataset/train/Vesicles/1170--30000X--0022_Vesicles_3.tif,/Users/jason/Desktop/OrganelleClassifyDataset/test/CellWall/zzc6_009_Cell_Wall_1.tif,cf9b307482ca1edc,c69324349fcb2af8,16,False,1
CellWall,Chloroplast,CellWall/lyn5_001_Cell_Wall_2.tif,Chloroplast/1.1_008_Chloroplast_3.tif,/Users/jason/Desktop/OrganelleClassifyDataset/train/CellWall/lyn5_001_Cell_Wall_2.tif,/Users/jason/Desktop/OrganelleClassifyDataset/test/Chloroplast/1.1_008_Chloroplast_3.tif,e9a4c93d03d83b47,edc8d83b43d03e49,16,False,1
Autosome,Chloroplast,Autosome/1-3-hkf--23000X--0016_Autosome_1.tif,Chloroplast/2.1_008_Chloroplast_3.tif,/Users/jason/Desktop/OrganelleClassifyDataset/train/Autosome/1-3-hkf--23000X--0016_Autosome_1.tif,/Users/jason/Desktop/OrganelleClassifyDataset/test/Chloroplast/2.1_008_Chloroplast_3.tif,beb5d5008e07d98d,abb48580da87cbce,16,False,5
Chloroplast,Chloroplast,Chloroplast/6gill_002_Chloroplast_5.tif,Chloroplast/2.1_008_Chloroplast_3.tif,/Users/jason/Desktop/OrganelleClassifyDataset/train/Chloroplast/6gill_002_Chloroplast_5.tif,/Users/jason/Desktop/OrganelleClassifyDataset/test/Chloroplast/2.1_008_Chloroplast_3.tif,bab4c4e89ec3994c,abb48580da87cbce,16,True,5
Chloroplast,Chloroplast,Chloroplast/LNNA_006_Chloroplast_16.tif,Chloroplast/2.1_008_Chloroplast_3.tif,/Users/jason/Desktop/OrganelleClassifyDataset/train/Chloroplast/LNNA_006_Chloroplast_16.tif,/Users/jason/Desktop/OrganelleClassifyDataset/test/Chloroplast/2.1_008_Chloroplast_3.tif,eb1585f09aea89cc,abb48580da87cbce,16,True,5
Chloroplast,Chloroplast,Chloroplast/zb2_006_Chloroplast_2.tif,Chloroplast/2.1_008_Chloroplast_3.tif,/Users/jason/Desktop/OrganelleClassifyDataset/train/Chloroplast/zb2_006_Chloroplast_2.tif,/Users/jason/Desktop/OrganelleClassifyDataset/test/Chloroplast/2.1_008_Chloroplast_3.tif,aab5d58ad29b8949,abb48580da87cbce,16,True,5
Mito,Chloroplast,Mito/M_J83--30000X--0048_Mito_1.tif,Chloroplast/2.1_008_Chloroplast_3.tif,/Users/jason/Desktop/OrganelleClassifyDataset/train/Mito/M_J83--30000X--0048_Mito_1.tif,/Users/jason/Desktop/OrganelleClassifyDataset/test/Chloroplast/2.1_008_Chloroplast_3.tif,ed74c440ce875ec6,abb48580da87cbce,16,False,5
Chloroplast,Chloroplast,Chloroplast/379n_009_Chloroplast_7.tif,Chloroplast/2gill_009_Chloroplast_8.tif,/Users/jason/Desktop/OrganelleClassifyDataset/train/Chloroplast/379n_009_Chloroplast_7.tif,/Users/jason/Desktop/OrganelleClassifyDataset/test/Chloroplast/2gill_009_Chloroplast_8.tif,fb45e547862c9ab0,fbd0c426839c9eb8,16,True,7
Chloroplast,Chloroplast,Chloroplast/3gill_007_Chloroplast_2.tif,Chloroplast/2gill_009_Chloroplast_8.tif,/Users/jason/Desktop/OrganelleClassifyDataset/train/Chloroplast/3gill_007_Chloroplast_2.tif,/Users/jason/Desktop/OrganelleClassifyDataset/test/Chloroplast/2gill_009_Chloroplast_8.tif,fa42c02fd23f9a38,fbd0c426839c9eb8,16,True,7
Chloroplast,Chloroplast,Chloroplast/M8_014_Chloroplast_3.tif,Chloroplast/2gill_009_Chloroplast_8.tif,/Users/jason/Desktop/OrganelleClassifyDataset/train/Chloroplast/M8_014_Chloroplast_3.tif,/Users/jason/Desktop/OrganelleClassifyDataset/test/Chloroplast/2gill_009_Chloroplast_8.tif,ebe1c503c7199e68,fbd0c426839c9eb8,16,True,7
Chloroplast,Chloroplast,Chloroplast/m-2_004_Chloroplast_11.tif,Chloroplast/2gill_009_Chloroplast_8.tif,/Users/jason/Desktop/OrganelleClassifyDataset/train/Chloroplast/m-2_004_Chloroplast_11.tif,/Users/jason/Desktop/OrganelleClassifyDataset/test/Chloroplast/2gill_009_Chloroplast_8.tif,fbc0c4ce9d9b9230,fbd0c426839c9eb8,16,True,7
Mito,Chloroplast,Mito/169--68000X--0073_Mito_1.tif,Chloroplast/2gill_009_Chloroplast_8.tif,/Users/jason/Desktop/OrganelleClassifyDataset/train/Mito/169--68000X--0073_Mito_1.tif,/Users/jason/Desktop/OrganelleClassifyDataset/test/Chloroplast/2gill_009_Chloroplast_8.tif,fb4bc06d87349e90,fbd0c426839c9eb8,16,False,7
Mito,Chloroplast,Mito/M_J81--11000X--0018_Mito_1.tif,Chloroplast/2gill_009_Chloroplast_8.tif,/Users/jason/Desktop/OrganelleClassifyDataset/train/Mito/M_J81--11000X--0018_Mito_1.tif,/Users/jason/Desktop/OrganelleClassifyDataset/test/Chloroplast/2gill_009_Chloroplast_8.tif,ff50e12a863d923c,fbd0c426839c9eb8,16,False,7
Mito,Chloroplast,Mito/Q3--11000X--0008_Mito_2.tif,Chloroplast/2gill_009_Chloroplast_8.tif,/Users/jason/Desktop/OrganelleClassifyDataset/train/Mito/Q3--11000X--0008_Mito_2.tif,/Users/jason/Desktop/OrganelleClassifyDataset/test/Chloroplast/2gill_009_Chloroplast_8.tif,ebe084859f9f9498,fbd0c426839c9eb8,16,False,7
Chloroplast,Chloroplast,Chloroplast/4gill_014_Chloroplast_1.tif,Chloroplast/2gill_012_Chloroplast_8.tif,/Users/jason/Desktop/OrganelleClassifyDataset/train/Chloroplast/4gill_014_Chloroplast_1.tif,/Users/jason/Desktop/OrganelleClassifyDataset/test/Chloroplast/2gill_012_Chloroplast_8.tif,b86ac39eac19f330,aa6ac31f8d1a321f,16,True,1
Chloroplast,Chloroplast,Chloroplast/m-3_004_Chloroplast_8.tif,Chloroplast/309n_009_Chloroplast_6.tif,/Users/jason/Desktop/OrganelleClassifyDataset/train/Chloroplast/m-3_004_Chloroplast_8.tif,/Users/jason/Desktop/OrganelleClassifyDataset/test/Chloroplast/309n_009_Chloroplast_6.tif,faefe0e08382870f,fffac2c08212d51e,16,True,2
Nucleus,Chloroplast,Nucleus/wt-6--13000X--0089_Nucleus_1.tif,Chloroplast/309n_009_Chloroplast_6.tif,/Users/jason/Desktop/OrganelleClassifyDataset/train/Nucleus/wt-6--13000X--0089_Nucleus_1.tif,/Users/jason/Desktop/OrganelleClassifyDataset/test/Chloroplast/309n_009_Chloroplast_6.tif,fff9628217138c0e,fffac2c08212d51e,16,False,2
Autosome,Chloroplast,Autosome/2--30000X--0006_Autosome_2.tif,Chloroplast/379c_001_Chloroplast_4.tif,/Users/jason/Desktop/OrganelleClassifyDataset/train/Autosome/2--30000X--0006_Autosome_2.tif,/Users/jason/Desktop/OrganelleClassifyDataset/test/Chloroplast/379c_001_Chloroplast_4.tif,af48d0b5c3941f93,bee890bd9b90d491,16,False,4
Chloroplast,Chloroplast,Chloroplast/LNNA_004_Chloroplast_6.tif,Chloroplast/379c_001_Chloroplast_4.tif,/Users/jason/Desktop/OrganelleClassifyDataset/train/Chloroplast/LNNA_004_Chloroplast_6.tif,/Users/jason/Desktop/OrganelleClassifyDataset/test/Chloroplast/379c_001_Chloroplast_4.tif,fff090a58393858b,bee890bd9b90d491,16,True,4
Chloroplast,Chloroplast,Chloroplast/M9-1_002_Chloroplast_1.tif,Chloroplast/379c_001_Chloroplast_4.tif,/Users/jason/Desktop/OrganelleClassifyDataset/train/Chloroplast/M9-1_002_Chloroplast_1.tif,/Users/jason/Desktop/OrganelleClassifyDataset/test/Chloroplast/379c_001_Chloroplast_4.tif,ab4790bc9fc6c491,bee890bd9b90d491,16,True,4
ER,Chloroplast,ER/3W-CD4-10nmGR1--30000X--0060_ER_1.tif,Chloroplast/379c_001_Chloroplast_4.tif,/Users/jason/Desktop/OrganelleClassifyDataset/train/ER/3W-CD4-10nmGR1--30000X--0060_ER_1.tif,/Users/jason/Desktop/OrganelleClassifyDataset/test/Chloroplast/379c_001_Chloroplast_4.tif,a2a8b3bdad959415,bee890bd9b90d491,16,False,4
Chloroplast,Chloroplast,Chloroplast/M9-1_005_Chloroplast_1.tif,Chloroplast/379c_001_Chloroplast_5.tif,/Users/jason/Desktop/OrganelleClassifyDataset/train/Chloroplast/M9-1_005_Chloroplast_1.tif,/Users/jason/Desktop/OrganelleClassifyDataset/test/Chloroplast/379c_001_Chloroplast_5.tif,eee8d031cf8ecc18,be6bc035e78c9832,16,True,1
Vesicles,Chloroplast,Vesicles/79-2--11000X--0011_Vesicles_1.tif,Chloroplast/3gill_002_Chloroplast_3.tif,/Users/jason/Desktop/OrganelleClassifyDataset/train/Vesicles/79-2--11000X--0011_Vesicles_1.tif,/Users/jason/Desktop/OrganelleClassifyDataset/test/Chloroplast/3gill_002_Chloroplast_3.tif,c93c3447d2ceed30,e83097c5d2cbaf50,16,False,1
CellWall,Chloroplast,CellWall/3gill_011_Cell_Wall_1.tif,Chloroplast/3gill_010_Chloroplast_2.tif,/Users/jason/Desktop/OrganelleClassifyDataset/train/CellWall/3gill_011_Cell_Wall_1.tif,/Users/jason/Desktop/OrganelleClassifyDataset/test/Chloroplast/3gill_010_Chloroplast_2.tif,c902058f9f121f7f,ea0ed10d9f129a5b,16,False,1
Chloroplast,Chloroplast,Chloroplast/379n_009_Chloroplast_3.tif,Chloroplast/6gill_002_Chloroplast_2.tif,/Users/jason/Desktop/OrganelleClassifyDataset/train/Chloroplast/379n_009_Chloroplast_3.tif,/Users/jason/Desktop/OrganelleClassifyDataset/test/Chloroplast/6gill_002_Chloroplast_2.tif,ea3e8f67914c9249,ea378f42e060b3d9,16,True,2
Chloroplast,Chloroplast,Chloroplast/3gill_010_Chloroplast_1.tif,Chloroplast/6gill_002_Chloroplast_2.tif,/Users/jason/Desktop/OrganelleClassifyDataset/train/Chloroplast/3gill_010_Chloroplast_1.tif,/Users/jason/Desktop/OrganelleClassifyDataset/test/Chloroplast/6gill_002_Chloroplast_2.tif,be37cb69a4422359,ea378f42e060b3d9,16,True,2
Mito,Chloroplast,Mito/M_J81--11000X--0026_Mito_1.tif,Chloroplast/HNNA_001_Chloroplast_7.tif,/Users/jason/Desktop/OrganelleClassifyDataset/train/Mito/M_J81--11000X--0026_Mito_1.tif,/Users/jason/Desktop/OrganelleClassifyDataset/test/Chloroplast/HNNA_001_Chloroplast_7.tif,be41952f5a744935,bf4195131a787b62,16,False,1
Chloroplast,Chloroplast,Chloroplast/379c_001_Chloroplast_7.tif,Chloroplast/LNNA_004_Chloroplast_17.tif,/Users/jason/Desktop/OrganelleClassifyDataset/train/Chloroplast/379c_001_Chloroplast_7.tif,/Users/jason/Desktop/OrganelleClassifyDataset/test/Chloroplast/LNNA_004_Chloroplast_17.tif,fb95e06496c2996c,bf97e062b7c818c1,16,True,3
Chloroplast,Chloroplast,Chloroplast/wbb-1_005_Chloroplast_1.tif,Chloroplast/LNNA_004_Chloroplast_17.tif,/Users/jason/Desktop/OrganelleClassifyDataset/train/Chloroplast/wbb-1_005_Chloroplast_1.tif,/Users/jason/Desktop/OrganelleClassifyDataset/test/Chloroplast/LNNA_004_Chloroplast_17.tif,bf1f80129728dbe1,bf97e062b7c818c1,16,True,3
Golgi,Chloroplast,Golgi/58-WT--18500X--0028_Golgi_1.tif,Chloroplast/LNNA_004_Chloroplast_17.tif,/Users/jason/Desktop/OrganelleClassifyDataset/train/Golgi/58-WT--18500X--0028_Golgi_1.tif,/Users/jason/Desktop/OrganelleClassifyDataset/test/Chloroplast/LNNA_004_Chloroplast_17.tif,b7f4f26290c51ec1,bf97e062b7c818c1,16,False,3
Autosome,Chloroplast,Autosome/10-N--23000X--0058_Autosome_2.tif,Chloroplast/M8_014_Chloroplast_10.tif,/Users/jason/Desktop/OrganelleClassifyDataset/train/Autosome/10-N--23000X--0058_Autosome_2.tif,/Users/jason/Desktop/OrganelleClassifyDataset/test/Chloroplast/M8_014_Chloroplast_10.tif,bc14c36b4d07327b,fe16c26265e6b078,16,False,2
Chloroplast,Chloroplast,Chloroplast/2.1_006_Chloroplast_1.tif,Chloroplast/M8_014_Chloroplast_10.tif,/Users/jason/Desktop/OrganelleClassifyDataset/train/Chloroplast/2.1_006_Chloroplast_1.tif,/Users/jason/Desktop/OrganelleClassifyDataset/test/Chloroplast/M8_014_Chloroplast_10.tif,ff87c0608d63b86c,fe16c26265e6b078,16,True,2
Mito,Chloroplast,Mito/169--68000X--0081_Mito_1.tif,Chloroplast/m-3_004_Chloroplast_1.tif,/Users/jason/Desktop/OrganelleClassifyDataset/train/Mito/169--68000X--0081_Mito_1.tif,/Users/jason/Desktop/OrganelleClassifyDataset/test/Chloroplast/m-3_004_Chloroplast_1.tif,ff18d00b807973f8,fd55f00ac038db74,16,False,4
Mito,Chloroplast,Mito/M_J81--11000X--0018_Mito_1.tif,Chloroplast/m-3_004_Chloroplast_1.tif,/Users/jason/Desktop/OrganelleClassifyDataset/train/Mito/M_J81--11000X--0018_Mito_1.tif,/Users/jason/Desktop/OrganelleClassifyDataset/test/Chloroplast/m-3_004_Chloroplast_1.tif,ff50e12a863d923c,fd55f00ac038db74,16,False,4
Mito,Chloroplast,Mito/R3--49000X--0022_Mito_2.tif,Chloroplast/m-3_004_Chloroplast_1.tif,/Users/jason/Desktop/OrganelleClassifyDataset/train/Mito/R3--49000X--0022_Mito_2.tif,/Users/jason/Desktop/OrganelleClassifyDataset/test/Chloroplast/m-3_004_Chloroplast_1.tif,ad95f000c3fcdd68,fd55f00ac038db74,16,False,4
Mito,Chloroplast,Mito/WT2--23000X--0002_Mito_2.tif,Chloroplast/m-3_004_Chloroplast_1.tif,/Users/jason/Desktop/OrganelleClassifyDataset/train/Mito/WT2--23000X--0002_Mito_2.tif,/Users/jason/Desktop/OrganelleClassifyDataset/test/Chloroplast/m-3_004_Chloroplast_1.tif,bd55504aaa29d567,fd55f00ac038db74,16,False,4
Autosome,Chloroplast,Autosome/LA+1170--30000X--0014_Autosome_1.tif,Chloroplast/m-3_004_Chloroplast_2.tif,/Users/jason/Desktop/OrganelleClassifyDataset/train/Autosome/LA+1170--30000X--0014_Autosome_1.tif,/Users/jason/Desktop/OrganelleClassifyDataset/test/Chloroplast/m-3_004_Chloroplast_2.tif,ad99c0c08b87d9af,edf4e0c2c305dd0e,16,False,3
Mito,Chloroplast,Mito/44--23000X--0010_Mito_1.tif,Chloroplast/m-3_004_Chloroplast_2.tif,/Users/jason/Desktop/OrganelleClassifyDataset/train/Mito/44--23000X--0010_Mito_1.tif,/Users/jason/Desktop/OrganelleClassifyDataset/test/Chloroplast/m-3_004_Chloroplast_2.tif,eda5e116c117ce1a,edf4e0c2c305dd0e,16,False,3
Mito,Chloroplast,Mito/M_J83--30000X--0048_Mito_1.tif,Chloroplast/m-3_004_Chloroplast_2.tif,/Users/jason/Desktop/OrganelleClassifyDataset/train/Mito/M_J83--30000X--0048_Mito_1.tif,/Users/jason/Desktop/OrganelleClassifyDataset/test/Chloroplast/m-3_004_Chloroplast_2.tif,ed74c440ce875ec6,edf4e0c2c305dd0e,16,False,3
Chloroplast,Chloroplast,Chloroplast/1.1_008_Chloroplast_1.tif,Chloroplast/m-3_004_Chloroplast_6.tif,/Users/jason/Desktop/OrganelleClassifyDataset/train/Chloroplast/1.1_008_Chloroplast_1.tif,/Users/jason/Desktop/OrganelleClassifyDataset/test/Chloroplast/m-3_004_Chloroplast_6.tif,ff30a0879a378c5a,fff050a34a17a558,16,True,3
Chloroplast,Chloroplast,Chloroplast/LNNA_004_Chloroplast_6.tif,Chloroplast/m-3_004_Chloroplast_6.tif,/Users/jason/Desktop/OrganelleClassifyDataset/train/Chloroplast/LNNA_004_Chloroplast_6.tif,/Users/jason/Desktop/OrganelleClassifyDataset/test/Chloroplast/m-3_004_Chloroplast_6.tif,fff090a58393858b,fff050a34a17a558,16,True,3
Nucleus,Chloroplast,Nucleus/wt-7--6800X--0045_Nucleus_1.tif,Chloroplast/m-3_004_Chloroplast_6.tif,/Users/jason/Desktop/OrganelleClassifyDataset/train/Nucleus/wt-7--6800X--0045_Nucleus_1.tif,/Users/jason/Desktop/OrganelleClassifyDataset/test/Chloroplast/m-3_004_Chloroplast_6.tif,ff5043270b37471c,fff050a34a17a558,16,False,3
Golgi,Chloroplast,Golgi/kw10-4--13000X--0063_Golgi_1.tif,Chloroplast/qm-2_026_Chloroplast_3.tif,/Users/jason/Desktop/OrganelleClassifyDataset/train/Golgi/kw10-4--13000X--0063_Golgi_1.tif,/Users/jason/Desktop/OrganelleClassifyDataset/test/Chloroplast/qm-2_026_Chloroplast_3.tif,e8ab83f2a1d483a7,c829d3c38ddcc167,16,False,1
Autosome,Chloroplast,Autosome/1-3-hkf--23000X--0015_Autosome_1.tif,Chloroplast/qm-2_028_Chloroplast_2.tif,/Users/jason/Desktop/OrganelleClassifyDataset/train/Autosome/1-3-hkf--23000X--0015_Autosome_1.tif,/Users/jason/Desktop/OrganelleClassifyDataset/test/Chloroplast/qm-2_028_Chloroplast_2.tif,ad7cd2638bcd9c02,fcb0c3538bcc9cc8,16,False,1
Golgi,Chloroplast,Golgi/47--23000X--0020_Golgi_1.tif,Chloroplast/qm-2_028_Chloroplast_4.tif,/Users/jason/Desktop/OrganelleClassifyDataset/train/Golgi/47--23000X--0020_Golgi_1.tif,/Users/jason/Desktop/OrganelleClassifyDataset/test/Chloroplast/qm-2_028_Chloroplast_4.tif,a8b490cc57e9ae3a,e0b0dbc6536d2633,16,False,1
Chloroplast,Chloroplast,Chloroplast/swccshort day_006_Chloroplast_2.tif,Chloroplast/swccLong day_007_Chloroplast_1.tif,/Users/jason/Desktop/OrganelleClassifyDataset/train/Chloroplast/swccshort day_006_Chloroplast_2.tif,/Users/jason/Desktop/OrganelleClassifyDataset/test/Chloroplast/swccLong day_007_Chloroplast_1.tif,b0aff4e093e09e89,aaead4e59bd08cc1,16,True,2
Vesicles,Chloroplast,Vesicles/kw3-1--13000X--0118_Vesicles_1.tif,Chloroplast/swccLong day_007_Chloroplast_1.tif,/Users/jason/Desktop/OrganelleClassifyDataset/train/Vesicles/kw3-1--13000X--0118_Vesicles_1.tif,/Users/jason/Desktop/OrganelleClassifyDataset/test/Chloroplast/swccLong day_007_Chloroplast_1.tif,8aee3485c3e28fd1,aaead4e59bd08cc1,16,False,2
ER,Chloroplast,ER/#3--6800X--0002_ER_1.tif,Chloroplast/swccday neutral_009_Chloroplast_4.tif,/Users/jason/Desktop/OrganelleClassifyDataset/train/ER/#3--6800X--0002_ER_1.tif,/Users/jason/Desktop/OrganelleClassifyDataset/test/Chloroplast/swccday neutral_009_Chloroplast_4.tif,eabfd3081ce39429,caaff0a09cc994cd,16,False,2
Vesicles,Chloroplast,Vesicles/LA+1170--6800X--0007_Vesicles_8.tif,Chloroplast/swccday neutral_009_Chloroplast_4.tif,/Users/jason/Desktop/OrganelleClassifyDataset/train/Vesicles/LA+1170--6800X--0007_Vesicles_8.tif,/Users/jason/Desktop/OrganelleClassifyDataset/test/Chloroplast/swccday neutral_009_Chloroplast_4.tif,ca5e70a8cbc15ccd,caaff0a09cc994cd,16,False,2
Chloroplast,Chloroplast,Chloroplast/6gill_002_Chloroplast_7.tif,Chloroplast/wbb-3_001_Chloroplast_2.tif,/Users/jason/Desktop/OrganelleClassifyDataset/train/Chloroplast/6gill_002_Chloroplast_7.tif,/Users/jason/Desktop/OrganelleClassifyDataset/test/Chloroplast/wbb-3_001_Chloroplast_2.tif,ff03811f9a3c9d30,bf0ec01fca9ca83a,16,True,1
Chloroplast,Chloroplast,Chloroplast/6gill_002_Chloroplast_5.tif,Chloroplast/zb1_005_Chloroplast_3.tif,/Users/jason/Desktop/OrganelleClassifyDataset/train/Chloroplast/6gill_002_Chloroplast_5.tif,/Users/jason/Desktop/OrganelleClassifyDataset/test/Chloroplast/zb1_005_Chloroplast_3.tif,bab4c4e89ec3994c,ba9cd5e04ec78c86,16,True,1
Autosome,ER,Autosome/10-SI--23000X--0026_Autosome_1.tif,ER/2+--30000X--0023_ER_1.tif,/Users/jason/Desktop/OrganelleClassifyDataset/train/Autosome/10-SI--23000X--0026_Autosome_1.tif,/Users/jason/Desktop/OrganelleClassifyDataset/test/ER/2+--30000X--0023_ER_1.tif,eb4a8728dad15a2e,afcf952e9a90423a,16,False,1
Chloroplast,ER,Chloroplast/5gill_003_Chloroplast_1.tif,ER/3W-CD4-Ctrl2--13000X--0009_ER_1.tif,/Users/jason/Desktop/OrganelleClassifyDataset/train/Chloroplast/5gill_003_Chloroplast_1.tif,/Users/jason/Desktop/OrganelleClassifyDataset/test/ER/3W-CD4-Ctrl2--13000X--0009_ER_1.tif,fed0b027c61b988e,fa5c982d26339d8c,16,False,1
Nucleus,ER,Nucleus/kw10-6--6800X--0032_Nucleus_1.tif,ER/3W-CD4-Ctrl2--30000X--0071_ER_1.tif,/Users/jason/Desktop/OrganelleClassifyDataset/train/Nucleus/kw10-6--6800X--0032_Nucleus_1.tif,/Users/jason/Desktop/OrganelleClassifyDataset/test/ER/3W-CD4-Ctrl2--30000X--0071_ER_1.tif,aa51bb37c42c923e,a855aa5765a8d6b8,16,False,1
Mito,ER,Mito/#3--23000X--0083_Mito_1.tif,ER/3W-CD4-Ctrl3--30000X--0073_ER_1.tif,/Users/jason/Desktop/OrganelleClassifyDataset/train/Mito/#3--23000X--0083_Mito_1.tif,/Users/jason/Desktop/OrganelleClassifyDataset/test/ER/3W-CD4-Ctrl3--30000X--0073_ER_1.tif,fa37814c7f0b14b2,f2a7dd4d1f824432,16,False,1
Golgi,ER,Golgi/5.7W+1--6800X--0010_Golgi_1.tif,ER/52-WT--18500X--0061_ER_1.tif,/Users/jason/Desktop/OrganelleClassifyDataset/train/Golgi/5.7W+1--6800X--0010_Golgi_1.tif,/Users/jason/Desktop/OrganelleClassifyDataset/test/ER/52-WT--18500X--0061_ER_1.tif,bb0fc21c758c30cf,f92fc25c51c2716c,16,False,1
Golgi,ER,Golgi/#3--6800X--0002_Golgi_1.tif,ER/LA--30000X--0014_ER_2.tif,/Users/jason/Desktop/OrganelleClassifyDataset/train/Golgi/#3--6800X--0002_Golgi_1.tif,/Users/jason/Desktop/OrganelleClassifyDataset/test/ER/LA--30000X--0014_ER_2.tif,e130d718e1d553ba,e132df096156de68,16,False,2
Nucleus,ER,Nucleus/kw10-4--6800X--0017_Nucleus_1.tif,ER/LA--30000X--0014_ER_2.tif,/Users/jason/Desktop/OrganelleClassifyDataset/train/Nucleus/kw10-4--6800X--0017_Nucleus_1.tif,/Users/jason/Desktop/OrganelleClassifyDataset/test/ER/LA--30000X--0014_ER_2.tif,f722f549c0d4d662,e132df096156de68,16,False,2
CellWall,ER,CellWall/xsj2_003_Cell_Wall_1.tif,ER/LA--30000X--0052_ER_1.tif,/Users/jason/Desktop/OrganelleClassifyDataset/train/CellWall/xsj2_003_Cell_Wall_1.tif,/Users/jason/Desktop/OrganelleClassifyDataset/test/ER/LA--30000X--0052_ER_1.tif,ba438fe8275cd131,f44b8f702748e93a,16,False,1
Golgi,ER,Golgi/47--23000X--0013_Golgi_2.tif,ER/LA--6800X--0009_ER_1.tif,/Users/jason/Desktop/OrganelleClassifyDataset/train/Golgi/47--23000X--0013_Golgi_2.tif,/Users/jason/Desktop/OrganelleClassifyDataset/test/ER/LA--6800X--0009_ER_1.tif,846a9cb5a895ceb3,865a99f1ac9d429e,16,False,1
Golgi,ER,Golgi/D3--23000X--0016_Golgi_2.tif,ER/MUT3--23000X--0018_ER_2.tif,/Users/jason/Desktop/OrganelleClassifyDataset/train/Golgi/D3--23000X--0016_Golgi_2.tif,/Users/jason/Desktop/OrganelleClassifyDataset/test/ER/MUT3--23000X--0018_ER_2.tif,a26ddb670f932944,a86bdab723da094c,16,False,1
Chloroplast,ER,Chloroplast/M8-1_003_Chloroplast_7.tif,ER/k+1--6800X--0009_ER_3.tif,/Users/jason/Desktop/OrganelleClassifyDataset/train/Chloroplast/M8-1_003_Chloroplast_7.tif,/Users/jason/Desktop/OrganelleClassifyDataset/test/ER/k+1--6800X--0009_ER_3.tif,ff8ae1b1c3858e18,ef9f699340912e98,16,False,1
ER,Golgi,ER/3W-CD4-10nm_GR-1--30000X--0049_ER_1.tif,Golgi/#3--23000X--0058_Golgi_1.tif,/Users/jason/Desktop/OrganelleClassifyDataset/train/ER/3W-CD4-10nm_GR-1--30000X--0049_ER_1.tif,/Users/jason/Desktop/OrganelleClassifyDataset/test/Golgi/#3--23000X--0058_Golgi_1.tif,9a9fcee330582dc2,b09b9fe13030fcc6,16,False,1
CellWall,Golgi,CellWall/qm1_017_Cell_Wall_1.tif,Golgi/#3--23000X--0061_Golgi_1.tif,/Users/jason/Desktop/OrganelleClassifyDataset/train/CellWall/qm1_017_Cell_Wall_1.tif,/Users/jason/Desktop/OrganelleClassifyDataset/test/Golgi/#3--23000X--0061_Golgi_1.tif,dc3e9e4d2e12592c,f85c5e693c32382e,16,False,1
Autosome,Golgi,Autosome/1--30000X--0010_Autosome_5.tif,Golgi/#3-CHMP4B-NC--9300X--0050_Golgi_1.tif,/Users/jason/Desktop/OrganelleClassifyDataset/train/Autosome/1--30000X--0010_Autosome_5.tif,/Users/jason/Desktop/OrganelleClassifyDataset/test/Golgi/#3-CHMP4B-NC--9300X--0050_Golgi_1.tif,e77091864778eb4a,ae709d04e3bcea0e,16,False,1
Autosome,Golgi,Autosome/4--30000X--0022_Autosome_1.tif,Golgi/#54--6800X--0012_Golgi_1.tif,/Users/jason/Desktop/OrganelleClassifyDataset/train/Autosome/4--30000X--0022_Autosome_1.tif,/Users/jason/Desktop/OrganelleClassifyDataset/test/Golgi/#54--6800X--0012_Golgi_1.tif,fb08d7008f277c66,a2c8d585ce647ce6,16,False,2
Golgi,Golgi,Golgi/#54--23000X--0060_Golgi_1.tif,Golgi/#54--6800X--0012_Golgi_1.tif,/Users/jason/Desktop/OrganelleClassifyDataset/train/Golgi/#54--23000X--0060_Golgi_1.tif,/Users/jason/Desktop/OrganelleClassifyDataset/test/Golgi/#54--6800X--0012_Golgi_1.tif,a2c8d58f6230d5eb,a2c8d585ce647ce6,16,True,2
CellWall,Golgi,CellWall/mkb7_003_Cell_Wall_1.tif,Golgi/#56--23000X--0089_Golgi_2.tif,/Users/jason/Desktop/OrganelleClassifyDataset/train/CellWall/mkb7_003_Cell_Wall_1.tif,/Users/jason/Desktop/OrganelleClassifyDataset/test/Golgi/#56--23000X--0089_Golgi_2.tif,e0f2a60eecc187bc,a4f0e478c891c7fc,16,False,1
Autosome,Golgi,Autosome/PS-N--23000X--0061_Autosome_2.tif,Golgi/40--23000X--0012_Golgi_1.tif,/Users/jason/Desktop/OrganelleClassifyDataset/train/Autosome/PS-N--23000X--0061_Autosome_2.tif,/Users/jason/Desktop/OrganelleClassifyDataset/test/Golgi/40--23000X--0012_Golgi_1.tif,e991d0394f3c4e53,a191c0ab6bd24e5f,16,False,1
CellWall,Golgi,CellWall/wht2_017_Cell_Wall_1.tif,Golgi/40--9300X--0016_Golgi_1.tif,/Users/jason/Desktop/OrganelleClassifyDataset/train/CellWall/wht2_017_Cell_Wall_1.tif,/Users/jason/Desktop/OrganelleClassifyDataset/test/Golgi/40--9300X--0016_Golgi_1.tif,a34cd711366fc81e,ae0c5fd03467ac56,16,False,1
Golgi,Golgi,Golgi/#3--23000X--0031_Golgi_1.tif,Golgi/47--30000X--0031_Golgi_4.tif,/Users/jason/Desktop/OrganelleClassifyDataset/train/Golgi/#3--23000X--0031_Golgi_1.tif,/Users/jason/Desktop/OrganelleClassifyDataset/test/Golgi/47--30000X--0031_Golgi_4.tif,b7c8849e529659c7,b9d8929c419e714f,16,True,1
Mito,Golgi,Mito/#3--23000X--0077_Mito_1.tif,Golgi/47--9300X--0006_Golgi_1.tif,/Users/jason/Desktop/OrganelleClassifyDataset/train/Mito/#3--23000X--0077_Mito_1.tif,/Users/jason/Desktop/OrganelleClassifyDataset/test/Golgi/47--9300X--0006_Golgi_1.tif,e00ff01b957997e0,e20e8cbbd1799638,16,False,1
Autosome,Golgi,Autosome/3W-CD4-Ctrl3--30000X--0050_Autosome_1.tif,Golgi/49--9300X--0001_Golgi_1.tif,/Users/jason/Desktop/OrganelleClassifyDataset/train/Autosome/3W-CD4-Ctrl3--30000X--0050_Autosome_1.tif,/Users/jason/Desktop/OrganelleClassifyDataset/test/Golgi/49--9300X--0001_Golgi_1.tif,fc1cd259da272836,b806db4b7e0f6036,16,False,1
Chloroplast,Golgi,Chloroplast/M9-1_002_Chloroplast_4.tif,Golgi/52-WT--18500X--0097_Golgi_1.tif,/Users/jason/Desktop/OrganelleClassifyDataset/train/Chloroplast/M9-1_002_Chloroplast_4.tif,/Users/jason/Desktop/OrganelleClassifyDataset/test/Golgi/52-WT--18500X--0097_Golgi_1.tif,f565caca25954a6a,edc78a6817b16a62,16,False,1
Golgi,Golgi,Golgi/#3--23000X--0026_Golgi_1.tif,Golgi/ISO-3--30000X--0063_Golgi_1.tif,/Users/jason/Desktop/OrganelleClassifyDataset/train/Golgi/#3--23000X--0026_Golgi_1.tif,/Users/jason/Desktop/OrganelleClassifyDataset/test/Golgi/ISO-3--30000X--0063_Golgi_1.tif,ca73ce59ce278115,c25bcc4be6a66391,16,True,1
CellWall,Golgi,CellWall/mkb4_012_Cell_Wall_1.tif,Golgi/kw10-4--13000X--0124_Golgi_1.tif,/Users/jason/Desktop/OrganelleClassifyDataset/train/CellWall/mkb4_012_Cell_Wall_1.tif,/Users/jason/Desktop/OrganelleClassifyDataset/test/Golgi/kw10-4--13000X--0124_Golgi_1.tif,de0099fe8c8efc06,dfc1905c8d4cf586,16,False,1
CellWall,Golgi,CellWall/drp1a+_014_Cell_Wall_1.tif,Golgi/kw10-4--6800X--0041_Golgi_1.tif,/Users/jason/Desktop/OrganelleClassifyDataset/train/CellWall/drp1a+_014_Cell_Wall_1.tif,/Users/jason/Desktop/OrganelleClassifyDataset/test/Golgi/kw10-4--6800X--0041_Golgi_1.tif,c087bfff81a400eb,e8c39f3ea404a8eb,16,False,1
Nucleus,Mito,Nucleus/RKO-WT-0--6800X--0005_Nucleus_1.tif,Mito/#3--23000X--0042_Mito_1.tif,/Users/jason/Desktop/OrganelleClassifyDataset/train/Nucleus/RKO-WT-0--6800X--0005_Nucleus_1.tif,/Users/jason/Desktop/OrganelleClassifyDataset/test/Mito/#3--23000X--0042_Mito_1.tif,9f653090f2da474b,bf25b153525a5a4a,16,False,1
Chloroplast,Mito,Chloroplast/LNNA_006_Chloroplast_2.tif,Mito/#3--23000X--0070_Mito_1.tif,/Users/jason/Desktop/OrganelleClassifyDataset/train/Chloroplast/LNNA_006_Chloroplast_2.tif,/Users/jason/Desktop/OrganelleClassifyDataset/test/Mito/#3--23000X--0070_Mito_1.tif,ffa5c0d282d8c3cc,f5ab8650cadac1c5,16,False,2
Vesicles,Mito,Vesicles/1--30000X--0007_Vesicles_4.tif,Mito/#3--23000X--0070_Mito_1.tif,/Users/jason/Desktop/OrganelleClassifyDataset/train/Vesicles/1--30000X--0007_Vesicles_4.tif,/Users/jason/Desktop/OrganelleClassifyDataset/test/Mito/#3--23000X--0070_Mito_1.tif,c98f2670c2d3e0cf,f5ab8650cadac1c5,16,False,2
Mito,Mito,Mito/ZONG_S3_5.27--23000X--0016_Mito_3.tif,Mito/10-N--23000X--0010_Mito_1.tif,/Users/jason/Desktop/OrganelleClassifyDataset/train/Mito/ZONG_S3_5.27--23000X--0016_Mito_3.tif,/Users/jason/Desktop/OrganelleClassifyDataset/test/Mito/10-N--23000X--0010_Mito_1.tif,f448c347c2459fad,fa00f16fc60587ab,16,True,1
Chloroplast,Mito,Chloroplast/2gill_002_Chloroplast_3.tif,Mito/13-R-A--18500X--0008_Mito_1.tif,/Users/jason/Desktop/OrganelleClassifyDataset/train/Chloroplast/2gill_002_Chloroplast_3.tif,/Users/jason/Desktop/OrganelleClassifyDataset/test/Mito/13-R-A--18500X--0008_Mito_1.tif,bbbfd0d0cac34905,feba81d09ad34859,16,False,2
Mito,Mito,Mito/37--23000X--0002_Mito_2.tif,Mito/13-R-A--18500X--0008_Mito_1.tif,/Users/jason/Desktop/OrganelleClassifyDataset/train/Mito/37--23000X--0002_Mito_2.tif,/Users/jason/Desktop/OrganelleClassifyDataset/test/Mito/13-R-A--18500X--0008_Mito_1.tif,fabc8300b251d8fd,feba81d09ad34859,16,True,2
Chloroplast,Mito,Chloroplast/wanke-1_014_Chloroplast_1.tif,Mito/13-R-A--18500X--0009_Mito_2.tif,/Users/jason/Desktop/OrganelleClassifyDataset/train/Chloroplast/wanke-1_014_Chloroplast_1.tif,/Users/jason/Desktop/OrganelleClassifyDataset/test/Mito/13-R-A--18500X--0009_Mito_2.tif,ede8b085cf3898b2,eeabb185a71c9416,16,False,2
ER,Mito,ER/3W-CD4-10nmGR1--30000X--0060_ER_1.tif,Mito/13-R-A--18500X--0009_Mito_2.tif,/Users/jason/Desktop/OrganelleClassifyDataset/train/ER/3W-CD4-10nmGR1--30000X--0060_ER_1.tif,/Users/jason/Desktop/OrganelleClassifyDataset/test/Mito/13-R-A--18500X--0009_Mito_2.tif,a2a8b3bdad959415,eeabb185a71c9416,16,False,2
Mito,Mito,Mito/WT2--23000X--0009_Mito_1.tif,Mito/169--68000X--0072_Mito_1.tif,/Users/jason/Desktop/OrganelleClassifyDataset/train/Mito/WT2--23000X--0009_Mito_1.tif,/Users/jason/Desktop/OrganelleClassifyDataset/test/Mito/169--68000X--0072_Mito_1.tif,afa535951554d2a9,ffade494854c9688,16,True,1
Autosome,Mito,Autosome/1-3-hkf--23000X--0024_Autosome_5.tif,Mito/37--23000X--0002_Mito_3.tif,/Users/jason/Desktop/OrganelleClassifyDataset/train/Autosome/1-3-hkf--23000X--0024_Autosome_5.tif,/Users/jason/Desktop/OrganelleClassifyDataset/test/Mito/37--23000X--0002_Mito_3.tif,f29780039fe73895,b21f91c296c7386d,16,False,1
Autosome,Mito,Autosome/ZYZ--49000X--0002_Autosome_5.tif,Mito/43--23000X--0010_Mito_1.tif,/Users/jason/Desktop/OrganelleClassifyDataset/train/Autosome/ZYZ--49000X--0002_Autosome_5.tif,/Users/jason/Desktop/OrganelleClassifyDataset/test/Mito/43--23000X--0010_Mito_1.tif,ef38d0c28a6f1b2c,f63194aafa4f1b08,16,False,1
Autosome,Mito,Autosome/10-SI--23000X--0027_Autosome_1.tif,Mito/M_J81--11000X--0025_Mito_3.tif,/Users/jason/Desktop/OrganelleClassifyDataset/train/Autosome/10-SI--23000X--0027_Autosome_1.tif,/Users/jason/Desktop/OrganelleClassifyDataset/test/Mito/M_J81--11000X--0025_Mito_3.tif,ae49d02bc37cc752,ed48f20bcb3fcc10,16,False,4
Autosome,Mito,Autosome/5-3-1--30000X--0014_Autosome_1.tif,Mito/M_J81--11000X--0025_Mito_3.tif,/Users/jason/Desktop/OrganelleClassifyDataset/train/Autosome/5-3-1--30000X--0014_Autosome_1.tif,/Users/jason/Desktop/OrganelleClassifyDataset/test/Mito/M_J81--11000X--0025_Mito_3.tif,bd60e202df5ccd13,ed48f20bcb3fcc10,16,False,4
Chloroplast,Mito,Chloroplast/HNWT_006_Chloroplast_1.tif,Mito/M_J81--11000X--0025_Mito_3.tif,/Users/jason/Desktop/OrganelleClassifyDataset/train/Chloroplast/HNWT_006_Chloroplast_1.tif,/Users/jason/Desktop/OrganelleClassifyDataset/test/Mito/M_J81--11000X--0025_Mito_3.tif,edcad01dc132cd9a,ed48f20bcb3fcc10,16,False,4
Chloroplast,Mito,Chloroplast/M9-1_005_Chloroplast_1.tif,Mito/M_J81--11000X--0025_Mito_3.tif,/Users/jason/Desktop/OrganelleClassifyDataset/train/Chloroplast/M9-1_005_Chloroplast_1.tif,/Users/jason/Desktop/OrganelleClassifyDataset/test/Mito/M_J81--11000X--0025_Mito_3.tif,eee8d031cf8ecc18,ed48f20bcb3fcc10,16,False,4
Autosome,Mito,Autosome/1--30000X--0008_Autosome_2.tif,Mito/M_J83--11000X--0016_Mito_1.tif,/Users/jason/Desktop/OrganelleClassifyDataset/train/Autosome/1--30000X--0008_Autosome_2.tif,/Users/jason/Desktop/OrganelleClassifyDataset/test/Mito/M_J83--11000X--0016_Mito_1.tif,e29897cb8e6c8e64,a83ed7029e6ccce4,16,False,1
Autosome,Mito,Autosome/PW10--30000X--0043_Autosome_1.tif,Mito/M_J83--30000X--0060_Mito_1.tif,/Users/jason/Desktop/OrganelleClassifyDataset/train/Autosome/PW10--30000X--0043_Autosome_1.tif,/Users/jason/Desktop/OrganelleClassifyDataset/test/Mito/M_J83--30000X--0060_Mito_1.tif,bf80844997e78d66,be0794498eeb8d94,16,False,1
Mito,Mito,Mito/R3--49000X--0022_Mito_2.tif,Mito/R3--49000X--0022_Mito_3.tif,/Users/jason/Desktop/OrganelleClassifyDataset/train/Mito/R3--49000X--0022_Mito_2.tif,/Users/jason/Desktop/OrganelleClassifyDataset/test/Mito/R3--49000X--0022_Mito_3.tif,ad95f000c3fcdd68,ac94f2a8dbb8ca58,16,True,1
Chloroplast,Mito,Chloroplast/zb2_023_Chloroplast_2.tif,Mito/RKO-WT-0--49000X--0002_Mito_1.tif,/Users/jason/Desktop/OrganelleClassifyDataset/train/Chloroplast/zb2_023_Chloroplast_2.tif,/Users/jason/Desktop/OrganelleClassifyDataset/test/Mito/RKO-WT-0--49000X--0002_Mito_1.tif,aaf0b182c5cdca5d,ea50f9c3d14cc273,16,False,2
Golgi,Mito,Golgi/#56--23000X--0053_Golgi_1.tif,Mito/RKO-WT-0--49000X--0002_Mito_1.tif,/Users/jason/Desktop/OrganelleClassifyDataset/train/Golgi/#56--23000X--0053_Golgi_1.tif,/Users/jason/Desktop/OrganelleClassifyDataset/test/Mito/RKO-WT-0--49000X--0002_Mito_1.tif,ce408f47994ec63b,ea50f9c3d14cc273,16,False,2
Chloroplast,Mito,Chloroplast/5gill_003_Chloroplast_1.tif,Mito/WT2--23000X--0009_Mito_3.tif,/Users/jason/Desktop/OrganelleClassifyDataset/train/Chloroplast/5gill_003_Chloroplast_1.tif,/Users/jason/Desktop/OrganelleClassifyDataset/test/Mito/WT2--23000X--0009_Mito_3.tif,fed0b027c61b988e,be403127d6f2d0ba,16,False,2
Mito,Mito,Mito/169--68000X--0077_Mito_1.tif,Mito/WT2--23000X--0009_Mito_3.tif,/Users/jason/Desktop/OrganelleClassifyDataset/train/Mito/169--68000X--0077_Mito_1.tif,/Users/jason/Desktop/OrganelleClassifyDataset/test/Mito/WT2--23000X--0009_Mito_3.tif,fac0912f9a7cd0f0,be403127d6f2d0ba,16,True,2
Chloroplast,Mito,Chloroplast/379n_004_Chloroplast_1.tif,Mito/ZONG_S3_5.27--23000X--0020_Mito_2.tif,/Users/jason/Desktop/OrganelleClassifyDataset/train/Chloroplast/379n_004_Chloroplast_1.tif,/Users/jason/Desktop/OrganelleClassifyDataset/test/Mito/ZONG_S3_5.27--23000X--0020_Mito_2.tif,aa9591cacd65d0e6,aa9290dad5afd425,16,False,2
Chloroplast,Mito,Chloroplast/LNA1_004_Chloroplast_4.tif,Mito/ZONG_S3_5.27--23000X--0020_Mito_2.tif,/Users/jason/Desktop/OrganelleClassifyDataset/train/Chloroplast/LNA1_004_Chloroplast_4.tif,/Users/jason/Desktop/OrganelleClassifyDataset/test/Mito/ZONG_S3_5.27--23000X--0020_Mito_2.tif,aa92d0caeaebc8e1,aa9290dad5afd425,16,False,2
Vesicles,Mito,Vesicles/1-1shiyan--6800X--0012_Vesicles_3.tif,Mito/m_j76--11000X--0028_Mito_1.tif,/Users/jason/Desktop/OrganelleClassifyDataset/train/Vesicles/1-1shiyan--6800X--0012_Vesicles_3.tif,/Users/jason/Desktop/OrganelleClassifyDataset/test/Mito/m_j76--11000X--0028_Mito_1.tif,e86df1748d8534cc,e929e5f535c110ec,16,False,1
Mito,Mito,Mito/wt-7--13000X--0137_Mito_2.tif,Mito/wt-7--13000X--0136_Mito_1.tif,/Users/jason/Desktop/OrganelleClassifyDataset/train/Mito/wt-7--13000X--0137_Mito_2.tif,/Users/jason/Desktop/OrganelleClassifyDataset/test/Mito/wt-7--13000X--0136_Mito_1.tif,b7c38bcf8e4a484a,b6d3898b856e7823,16,True,1
Mito,Nucleus,Mito/m_j76--11000X--0026_Mito_1.tif,Nucleus/RKO-SEP-3--6800X--0004_Nucleus_1.tif,/Users/jason/Desktop/OrganelleClassifyDataset/train/Mito/m_j76--11000X--0026_Mito_1.tif,/Users/jason/Desktop/OrganelleClassifyDataset/test/Nucleus/RKO-SEP-3--6800X--0004_Nucleus_1.tif,fe05d056c22fb954,af489212cb27b9dc,16,False,1
Vesicles,Nucleus,Vesicles/1-3-hkf--6800X--0001_Vesicles_1.tif,Nucleus/YYH-20250605--11000X--0011_Nucleus_1.tif,/Users/jason/Desktop/OrganelleClassifyDataset/train/Vesicles/1-3-hkf--6800X--0001_Vesicles_1.tif,/Users/jason/Desktop/OrganelleClassifyDataset/test/Nucleus/YYH-20250605--11000X--0011_Nucleus_1.tif,ca853df434f87350,aaa5adf5f0d0d242,16,False,1
Nucleus,Nucleus,Nucleus/1170--6800X--0012_Nucleus_1.tif,Nucleus/kw10-1--6800X--0055_Nucleus_1.tif,/Users/jason/Desktop/OrganelleClassifyDataset/train/Nucleus/1170--6800X--0012_Nucleus_1.tif,/Users/jason/Desktop/OrganelleClassifyDataset/test/Nucleus/kw10-1--6800X--0055_Nucleus_1.tif,cc16ed2af5b81664,8f486d2ae13e5764,16,True,1
Nucleus,Nucleus,Nucleus/kw10-3--6800X--0050_Nucleus_1.tif,Nucleus/kw10-3--13000X--0109_Nucleus_1.tif,/Users/jason/Desktop/OrganelleClassifyDataset/train/Nucleus/kw10-3--6800X--0050_Nucleus_1.tif,/Users/jason/Desktop/OrganelleClassifyDataset/test/Nucleus/kw10-3--13000X--0109_Nucleus_1.tif,dbd36820f072ced1,dec268e0f174d235,16,True,1
Nucleus,Nucleus,Nucleus/kw10-3--6800X--0018_Nucleus_1.tif,Nucleus/kw10-3--6800X--0015_Nucleus_1.tif,/Users/jason/Desktop/OrganelleClassifyDataset/train/Nucleus/kw10-3--6800X--0018_Nucleus_1.tif,/Users/jason/Desktop/OrganelleClassifyDataset/test/Nucleus/kw10-3--6800X--0015_Nucleus_1.tif,fc15e037c1328fe2,b85ca90bc33b8de2,16,True,1
Nucleus,Nucleus,Nucleus/1170--6800X--0006_Nucleus_1.tif,Nucleus/kw10-3--6800X--0069_Nucleus_1.tif,/Users/jason/Desktop/OrganelleClassifyDataset/train/Nucleus/1170--6800X--0006_Nucleus_1.tif,/Users/jason/Desktop/OrganelleClassifyDataset/test/Nucleus/kw10-3--6800X--0069_Nucleus_1.tif,cb072c2932eea6b9,8b0f282a3c64f2bf,16,True,1
Chloroplast,Nucleus,Chloroplast/4gill_006_Chloroplast_1.tif,Nucleus/kw10-4--6800X--0011_Nucleus_1.tif,/Users/jason/Desktop/OrganelleClassifyDataset/train/Chloroplast/4gill_006_Chloroplast_1.tif,/Users/jason/Desktop/OrganelleClassifyDataset/test/Nucleus/kw10-4--6800X--0011_Nucleus_1.tif,bef09007da9fc898,ef759008d28f499e,16,False,2
Vesicles,Nucleus,Vesicles/LA--30000X--0022_Vesicles_2.tif,Nucleus/kw10-4--6800X--0011_Nucleus_1.tif,/Users/jason/Desktop/OrganelleClassifyDataset/train/Vesicles/LA--30000X--0022_Vesicles_2.tif,/Users/jason/Desktop/OrganelleClassifyDataset/test/Nucleus/kw10-4--6800X--0011_Nucleus_1.tif,cf3de02dd2a64d82,ef759008d28f499e,16,False,2
Chloroplast,Nucleus,Chloroplast/M8-1_003_Chloroplast_7.tif,Nucleus/kw10-4--6800X--0029_Nucleus_1.tif,/Users/jason/Desktop/OrganelleClassifyDataset/train/Chloroplast/M8-1_003_Chloroplast_7.tif,/Users/jason/Desktop/OrganelleClassifyDataset/test/Nucleus/kw10-4--6800X--0029_Nucleus_1.tif,ff8ae1b1c3858e18,ffa9e0afc1451688,16,False,1
CellWall,Nucleus,CellWall/mkb7_012_Cell_Wall_1.tif,Nucleus/kw10-6--6800X--0011_Nucleus_1.tif,/Users/jason/Desktop/OrganelleClassifyDataset/train/CellWall/mkb7_012_Cell_Wall_1.tif,/Users/jason/Desktop/OrganelleClassifyDataset/test/Nucleus/kw10-6--6800X--0011_Nucleus_1.tif,c919bc07c6765333,b318b40fc646d576,16,False,1
ER,Nucleus,ER/52-WT--18500X--0075_ER_2.tif,Nucleus/kw10-7--6800X--0041_Nucleus_1.tif,/Users/jason/Desktop/OrganelleClassifyDataset/train/ER/52-WT--18500X--0075_ER_2.tif,/Users/jason/Desktop/OrganelleClassifyDataset/test/Nucleus/kw10-7--6800X--0041_Nucleus_1.tif,83fcf803f0e01ee6,c9e4784be0f44fe0,16,False,1
Mito,Nucleus,Mito/M_J83--30000X--0059_Mito_1.tif,Nucleus/wt-6--6800X--0051_Nucleus_1.tif,/Users/jason/Desktop/OrganelleClassifyDataset/train/Mito/M_J83--30000X--0059_Mito_1.tif,/Users/jason/Desktop/OrganelleClassifyDataset/test/Nucleus/wt-6--6800X--0051_Nucleus_1.tif,f60db116e64e8e94,9c053936e569ce9c,16,False,3
Mito,Nucleus,Mito/wt-7--13000X--0136_Mito_3.tif,Nucleus/wt-6--6800X--0051_Nucleus_1.tif,/Users/jason/Desktop/OrganelleClassifyDataset/train/Mito/wt-7--13000X--0136_Mito_3.tif,/Users/jason/Desktop/OrganelleClassifyDataset/test/Nucleus/wt-6--6800X--0051_Nucleus_1.tif,bd40b83ea5ecd88c,9c053936e569ce9c,16,False,3
Nucleus,Nucleus,Nucleus/kw10-4--6800X--0044_Nucleus_1.tif,Nucleus/wt-6--6800X--0051_Nucleus_1.tif,/Users/jason/Desktop/OrganelleClassifyDataset/train/Nucleus/kw10-4--6800X--0044_Nucleus_1.tif,/Users/jason/Desktop/OrganelleClassifyDataset/test/Nucleus/wt-6--6800X--0051_Nucleus_1.tif,9d007a966d4fc29e,9c053936e569ce9c,16,True,3
Chloroplast,Vesicles,Chloroplast/309c_002_Chloroplast_2.tif,Vesicles/1-11000X--0026_Vesicles_2.tif,/Users/jason/Desktop/OrganelleClassifyDataset/train/Chloroplast/309c_002_Chloroplast_2.tif,/Users/jason/Desktop/OrganelleClassifyDataset/test/Vesicles/1-11000X--0026_Vesicles_2.tif,8f0cf63283cf8e4a,cd6c3430cb938e4f,16,False,3
Vesicles,Vesicles,Vesicles/LA+1170--30000X--0013_Vesicles_1.tif,Vesicles/1-11000X--0026_Vesicles_2.tif,/Users/jason/Desktop/OrganelleClassifyDataset/train/Vesicles/LA+1170--30000X--0013_Vesicles_1.tif,/Users/jason/Desktop/OrganelleClassifyDataset/test/Vesicles/1-11000X--0026_Vesicles_2.tif,ef26f030c3832dce,cd6c3430cb938e4f,16,True,3
Vesicles,Vesicles,Vesicles/wt-2--6800X--0044_Vesicles_1.tif,Vesicles/1-11000X--0026_Vesicles_2.tif,/Users/jason/Desktop/OrganelleClassifyDataset/train/Vesicles/wt-2--6800X--0044_Vesicles_1.tif,/Users/jason/Desktop/OrganelleClassifyDataset/test/Vesicles/1-11000X--0026_Vesicles_2.tif,cfd43434d1b2cb0b,cd6c3430cb938e4f,16,True,3
Vesicles,Vesicles,Vesicles/k-1--6800X--0004_Vesicles_1.tif,Vesicles/1-1shiyan--6800X--0012_Vesicles_2.tif,/Users/jason/Desktop/OrganelleClassifyDataset/train/Vesicles/k-1--6800X--0004_Vesicles_1.tif,/Users/jason/Desktop/OrganelleClassifyDataset/test/Vesicles/1-1shiyan--6800X--0012_Vesicles_2.tif,cd203c6d70b3d33a,c8cb3c6d6092db66,16,True,1
Chloroplast,Vesicles,Chloroplast/wbb-3_009_Chloroplast_1.tif,Vesicles/169--6800X--0010_Vesicles_2.tif,/Users/jason/Desktop/OrganelleClassifyDataset/train/Chloroplast/wbb-3_009_Chloroplast_1.tif,/Users/jason/Desktop/OrganelleClassifyDataset/test/Vesicles/169--6800X--0010_Vesicles_2.tif,aea894a5d0b6cb9a,9f1934a5d3b0cb38,16,False,3
Vesicles,Vesicles,Vesicles/1-3-hkf--6800X--0003_Vesicles_3.tif,Vesicles/169--6800X--0010_Vesicles_2.tif,/Users/jason/Desktop/OrganelleClassifyDataset/train/Vesicles/1-3-hkf--6800X--0003_Vesicles_3.tif,/Users/jason/Desktop/OrganelleClassifyDataset/test/Vesicles/169--6800X--0010_Vesicles_2.tif,9d10748ff0fc89b8,9f1934a5d3b0cb38,16,True,3
Vesicles,Vesicles,Vesicles/wt-2--6800X--0044_Vesicles_1.tif,Vesicles/169--6800X--0010_Vesicles_2.tif,/Users/jason/Desktop/OrganelleClassifyDataset/train/Vesicles/wt-2--6800X--0044_Vesicles_1.tif,/Users/jason/Desktop/OrganelleClassifyDataset/test/Vesicles/169--6800X--0010_Vesicles_2.tif,cfd43434d1b2cb0b,9f1934a5d3b0cb38,16,True,3
Autosome,Vesicles,Autosome/LA+1170--30000X--0014_Autosome_1.tif,Vesicles/2--30000X--0020_Vesicles_3.tif,/Users/jason/Desktop/OrganelleClassifyDataset/train/Autosome/LA+1170--30000X--0014_Autosome_1.tif,/Users/jason/Desktop/OrganelleClassifyDataset/test/Vesicles/2--30000X--0020_Vesicles_3.tif,ad99c0c08b87d9af,dd9da2a09b03cc8f,16,False,2
Nucleus,Vesicles,Nucleus/wt-6--13000X--0089_Nucleus_1.tif,Vesicles/2--30000X--0020_Vesicles_3.tif,/Users/jason/Desktop/OrganelleClassifyDataset/train/Nucleus/wt-6--13000X--0089_Nucleus_1.tif,/Users/jason/Desktop/OrganelleClassifyDataset/test/Vesicles/2--30000X--0020_Vesicles_3.tif,fff9628217138c0e,dd9da2a09b03cc8f,16,False,2
Nucleus,Vesicles,Nucleus/C2--9300X--0001_Nucleus_1.tif,Vesicles/2--9300X--0004_Vesicles_1.tif,/Users/jason/Desktop/OrganelleClassifyDataset/train/Nucleus/C2--9300X--0001_Nucleus_1.tif,/Users/jason/Desktop/OrganelleClassifyDataset/test/Vesicles/2--9300X--0004_Vesicles_1.tif,dccafe7478748490,95c27e2f78b46492,16,False,1
Vesicles,Vesicles,Vesicles/LA--30000X--0045_Vesicles_3.tif,Vesicles/231--18500X--0011_Vesicles_1.tif,/Users/jason/Desktop/OrganelleClassifyDataset/train/Vesicles/LA--30000X--0045_Vesicles_3.tif,/Users/jason/Desktop/OrganelleClassifyDataset/test/Vesicles/231--18500X--0011_Vesicles_1.tif,cf26343ad321cd66,c3667c39513ccc63,16,True,1
ER,Vesicles,ER/kw10-1--13000X--0086_ER_1.tif,Vesicles/625X--23000X--0009_Vesicles_1.tif,/Users/jason/Desktop/OrganelleClassifyDataset/train/ER/kw10-1--13000X--0086_ER_1.tif,/Users/jason/Desktop/OrganelleClassifyDataset/test/Vesicles/625X--23000X--0009_Vesicles_1.tif,db3d10bc82c3b8ce,d90d7138c2c78ddc,16,False,1
Nucleus,Vesicles,Nucleus/kw10-7--6800X--0045_Nucleus_1.tif,Vesicles/LA+1170--30000X--0020_Vesicles_1.tif,/Users/jason/Desktop/OrganelleClassifyDataset/train/Nucleus/kw10-7--6800X--0045_Nucleus_1.tif,/Users/jason/Desktop/OrganelleClassifyDataset/test/Vesicles/LA+1170--30000X--0020_Vesicles_1.tif,eb02f44dd092c75b,da09741dd281dd5b,16,False,1
Vesicles,Vesicles,Vesicles/2+--6800X--0011_Vesicles_2.tif,Vesicles/LA+1170--6800X--0007_Vesicles_3.tif,/Users/jason/Desktop/OrganelleClassifyDataset/train/Vesicles/2+--6800X--0011_Vesicles_2.tif,/Users/jason/Desktop/OrganelleClassifyDataset/test/Vesicles/LA+1170--6800X--0007_Vesicles_3.tif,c827369ad0c9cf6a,8946769acbe90d4e,16,True,1
Vesicles,Vesicles,Vesicles/#56--23000X--0029_Vesicles_1.tif,Vesicles/LA--30000X--0050_Vesicles_1.tif,/Users/jason/Desktop/OrganelleClassifyDataset/train/Vesicles/#56--23000X--0029_Vesicles_1.tif,/Users/jason/Desktop/OrganelleClassifyDataset/test/Vesicles/LA--30000X--0050_Vesicles_1.tif,cf047492dea194b7,cf8c74cad7099d30,16,True,2
Vesicles,Vesicles,Vesicles/625X--23000X--0010_Vesicles_1.tif,Vesicles/LA--30000X--0050_Vesicles_1.tif,/Users/jason/Desktop/OrganelleClassifyDataset/train/Vesicles/625X--23000X--0010_Vesicles_1.tif,/Users/jason/Desktop/OrganelleClassifyDataset/test/Vesicles/LA--30000X--0050_Vesicles_1.tif,cf087c9ec18d8f25,cf8c74cad7099d30,16,True,2
CellWall,Vesicles,CellWall/5gill_005_Cell_Wall_3.tif,Vesicles/LA--30000X--0066_Vesicles_1.tif,/Users/jason/Desktop/OrganelleClassifyDataset/train/CellWall/5gill_005_Cell_Wall_3.tif,/Users/jason/Desktop/OrganelleClassifyDataset/test/Vesicles/LA--30000X--0066_Vesicles_1.tif,f53231c6e2e5ca45,df10759fd281ca45,16,False,5
Mito,Vesicles,Mito/M_J83--30000X--0065_Mito_1.tif,Vesicles/LA--30000X--0066_Vesicles_1.tif,/Users/jason/Desktop/OrganelleClassifyDataset/train/Mito/M_J83--30000X--0065_Mito_1.tif,/Users/jason/Desktop/OrganelleClassifyDataset/test/Vesicles/LA--30000X--0066_Vesicles_1.tif,de58f9dcda84c940,df10759fd281ca45,16,False,5
Vesicles,Vesicles,Vesicles/625X--23000X--0010_Vesicles_1.tif,Vesicles/LA--30000X--0066_Vesicles_1.tif,/Users/jason/Desktop/OrganelleClassifyDataset/train/Vesicles/625X--23000X--0010_Vesicles_1.tif,/Users/jason/Desktop/OrganelleClassifyDataset/test/Vesicles/LA--30000X--0066_Vesicles_1.tif,cf087c9ec18d8f25,df10759fd281ca45,16,True,5
Vesicles,Vesicles,Vesicles/79-2--11000X--0029_Vesicles_1.tif,Vesicles/LA--30000X--0066_Vesicles_1.tif,/Users/jason/Desktop/OrganelleClassifyDataset/train/Vesicles/79-2--11000X--0029_Vesicles_1.tif,/Users/jason/Desktop/OrganelleClassifyDataset/test/Vesicles/LA--30000X--0066_Vesicles_1.tif,df2161df929d1861,df10759fd281ca45,16,True,5
Vesicles,Vesicles,Vesicles/LA--30000X--0042_Vesicles_1.tif,Vesicles/LA--30000X--0066_Vesicles_1.tif,/Users/jason/Desktop/OrganelleClassifyDataset/train/Vesicles/LA--30000X--0042_Vesicles_1.tif,/Users/jason/Desktop/OrganelleClassifyDataset/test/Vesicles/LA--30000X--0066_Vesicles_1.tif,cbc07c8af3818aed,df10759fd281ca45,16,True,5
Vesicles,Vesicles,Vesicles/#56--23000X--0081_Vesicles_1.tif,Vesicles/LC1-3--6800X--0001_Vesicles_2.tif,/Users/jason/Desktop/OrganelleClassifyDataset/train/Vesicles/#56--23000X--0081_Vesicles_1.tif,/Users/jason/Desktop/OrganelleClassifyDataset/test/Vesicles/LC1-3--6800X--0001_Vesicles_2.tif,c3c674e1c2d6cc99,c3dc78e4d3c0ce83,16,True,1
Vesicles,Vesicles,Vesicles/LC1-3--6800X--0001_Vesicles_1.tif,Vesicles/wt--30000X--0029_Vesicles_1.tif,/Users/jason/Desktop/OrganelleClassifyDataset/train/Vesicles/LC1-3--6800X--0001_Vesicles_1.tif,/Users/jason/Desktop/OrganelleClassifyDataset/test/Vesicles/wt--30000X--0029_Vesicles_1.tif,9ade6100a7fb982e,9ac46787e6aa982b,16,True,1
Vesicles,Vesicles,Vesicles/LA+1170--6800X--0007_Vesicles_8.tif,Vesicles/wt--30000X--0029_Vesicles_2.tif,/Users/jason/Desktop/OrganelleClassifyDataset/train/Vesicles/LA+1170--6800X--0007_Vesicles_8.tif,/Users/jason/Desktop/OrganelleClassifyDataset/test/Vesicles/wt--30000X--0029_Vesicles_2.tif,ca5e70a8cbc15ccd,de4830e8dacb3c95,16,True,2
Vesicles,Vesicles,Vesicles/wt--30000X--0039_Vesicles_1.tif,Vesicles/wt--30000X--0029_Vesicles_2.tif,/Users/jason/Desktop/OrganelleClassifyDataset/train/Vesicles/wt--30000X--0039_Vesicles_1.tif,/Users/jason/Desktop/OrganelleClassifyDataset/test/Vesicles/wt--30000X--0029_Vesicles_2.tif,dc5b7260cbcb4cc4,de4830e8dacb3c95,16,True,2
Chloroplast,Vesicles,Chloroplast/2gill_012_Chloroplast_10.tif,Vesicles/wt--30000X--0055_Vesicles_1.tif,/Users/jason/Desktop/OrganelleClassifyDataset/train/Chloroplast/2gill_012_Chloroplast_10.tif,/Users/jason/Desktop/OrganelleClassifyDataset/test/Vesicles/wt--30000X--0055_Vesicles_1.tif,8a35f1bcd6c37188,89ad25b4d6c6d9c8,16,False,1
ER,Autosome,ER/3W-CD4-10nm_GR-1--30000X--0016_ER_1.tif,Autosome/1-3-hkf--23000X--0024_Autosome_2.tif,/Users/jason/Desktop/OrganelleClassifyDataset/train/ER/3W-CD4-10nm_GR-1--30000X--0016_ER_1.tif,/Users/jason/Desktop/OrganelleClassifyDataset/test/Autosome/1-3-hkf--23000X--0024_Autosome_2.tif,b34e994f4879d14c,a04a971f4af16b4d,18,False,3
Golgi,Autosome,Golgi/47--30000X--0031_Golgi_3.tif,Autosome/1-3-hkf--23000X--0024_Autosome_2.tif,/Users/jason/Desktop/OrganelleClassifyDataset/train/Golgi/47--30000X--0031_Golgi_3.tif,/Users/jason/Desktop/OrganelleClassifyDataset/test/Autosome/1-3-hkf--23000X--0024_Autosome_2.tif,f1589737cc8922cd,a04a971f4af16b4d,18,False,3
Mito,Autosome,Mito/wt-8--13000X--0035_Mito_3.tif,Autosome/1-3-hkf--23000X--0024_Autosome_2.tif,/Users/jason/Desktop/OrganelleClassifyDataset/train/Mito/wt-8--13000X--0035_Mito_3.tif,/Users/jason/Desktop/OrganelleClassifyDataset/test/Autosome/1-3-hkf--23000X--0024_Autosome_2.tif,a88f96fc50a12b4f,a04a971f4af16b4d,18,False,3
ER,Autosome,ER/ko--6800X--0006_ER_3.tif,Autosome/10-N--23000X--0059_Autosome_2.tif,/Users/jason/Desktop/OrganelleClassifyDataset/train/ER/ko--6800X--0006_ER_3.tif,/Users/jason/Desktop/OrganelleClassifyDataset/test/Autosome/10-N--23000X--0059_Autosome_2.tif,e8e51bd398cc609e,e80e83cbdc8f619c,18,False,1
Autosome,Autosome,Autosome/1-3-hkf--23000X--0015_Autosome_1.tif,Autosome/2--30000X--0006_Autosome_4.tif,/Users/jason/Desktop/OrganelleClassifyDataset/train/Autosome/1-3-hkf--23000X--0015_Autosome_1.tif,/Users/jason/Desktop/OrganelleClassifyDataset/test/Autosome/2--30000X--0006_Autosome_4.tif,ad7cd2638bcd9c02,be74d22b2d4d3590,18,True,4
ER,Autosome,ER/k+1--6800X--0011_ER_2.tif,Autosome/2--30000X--0006_Autosome_4.tif,/Users/jason/Desktop/OrganelleClassifyDataset/train/ER/k+1--6800X--0011_ER_2.tif,/Users/jason/Desktop/OrganelleClassifyDataset/test/Autosome/2--30000X--0006_Autosome_4.tif,be5f932021ce259b,be74d22b2d4d3590,18,False,4
Golgi,Autosome,Golgi/46--6800X--0003_Golgi_2.tif,Autosome/2--30000X--0006_Autosome_4.tif,/Users/jason/Desktop/OrganelleClassifyDataset/train/Golgi/46--6800X--0003_Golgi_2.tif,/Users/jason/Desktop/OrganelleClassifyDataset/test/Autosome/2--30000X--0006_Autosome_4.tif,ae2fd723e14cb610,be74d22b2d4d3590,18,False,4
Golgi,Autosome,Golgi/wt--30000X--0017_Golgi_1.tif,Autosome/2--30000X--0006_Autosome_4.tif,/Users/jason/Desktop/OrganelleClassifyDataset/train/Golgi/wt--30000X--0017_Golgi_1.tif,/Users/jason/Desktop/OrganelleClassifyDataset/test/Autosome/2--30000X--0006_Autosome_4.tif,aab452a3cd4eb8b1,be74d22b2d4d3590,18,False,4
ER,Autosome,ER/5.7w-1--30000X--0024_ER_3.tif,Autosome/2--30000X--0010_Autosome_2.tif,/Users/jason/Desktop/OrganelleClassifyDataset/train/ER/5.7w-1--30000X--0024_ER_3.tif,/Users/jason/Desktop/OrganelleClassifyDataset/test/Autosome/2--30000X--0010_Autosome_2.tif,da0d8e1e599a9ce8,caaf9e14038e16ee,18,False,1
Vesicles,Autosome,Vesicles/LA+1170--30000X--0013_Vesicles_1.tif,Autosome/3W-CD4-10nmGR1--30000X--0101_Autosome_1.tif,/Users/jason/Desktop/OrganelleClassifyDataset/train/Vesicles/LA+1170--30000X--0013_Vesicles_1.tif,/Users/jason/Desktop/OrganelleClassifyDataset/test/Autosome/3W-CD4-10nmGR1--30000X--0101_Autosome_1.tif,ef26f030c3832dce,ed92c633cb8449ce,18,False,1
Autosome,Autosome,Autosome/1-3-hkf--23000X--0016_Autosome_1.tif,Autosome/4--30000X--0021_Autosome_1.tif,/Users/jason/Desktop/OrganelleClassifyDataset/train/Autosome/1-3-hkf--23000X--0016_Autosome_1.tif,/Users/jason/Desktop/OrganelleClassifyDataset/test/Autosome/4--30000X--0021_Autosome_1.tif,beb5d5008e07d98d,bff005b0ac07ce0f,18,True,3
ER,Autosome,ER/58-WT--18500X--0064_ER_1.tif,Autosome/4--30000X--0021_Autosome_1.tif,/Users/jason/Desktop/OrganelleClassifyDataset/train/ER/58-WT--18500X--0064_ER_1.tif,/Users/jason/Desktop/OrganelleClassifyDataset/test/Autosome/4--30000X--0021_Autosome_1.tif,bd61bc302daf8607,bff005b0ac07ce0f,18,False,3
Golgi,Autosome,Golgi/1-2-hsfnc_lJ--6800X--0001_Golgi_1.tif,Autosome/4--30000X--0021_Autosome_1.tif,/Users/jason/Desktop/OrganelleClassifyDataset/train/Golgi/1-2-hsfnc_lJ--6800X--0001_Golgi_1.tif,/Users/jason/Desktop/OrganelleClassifyDataset/test/Autosome/4--30000X--0021_Autosome_1.tif,af608da18fb6c48b,bff005b0ac07ce0f,18,False,3
CellWall,Autosome,CellWall/HST-TREAT_007_Cell_Wall_4.tif,Autosome/5-HT1D--30000X--0011_Autosome_1.tif,/Users/jason/Desktop/OrganelleClassifyDataset/train/CellWall/HST-TREAT_007_Cell_Wall_4.tif,/Users/jason/Desktop/OrganelleClassifyDataset/test/Autosome/5-HT1D--30000X--0011_Autosome_1.tif,e38fb267604983e6,c9d7a23d72c18327,18,False,1
ER,Autosome,ER/4--6800X--0006_ER_1.tif,Autosome/LC1-4--23000X--0011_Autosome_1.tif,/Users/jason/Desktop/OrganelleClassifyDataset/train/ER/4--6800X--0006_ER_1.tif,/Users/jason/Desktop/OrganelleClassifyDataset/test/Autosome/LC1-4--23000X--0011_Autosome_1.tif,907dfd80e6b4c856,b99de524e62cc117,18,False,1
ER,Autosome,ER/3W-CD4-Ctrl3--30000X--0090_ER_1.tif,Autosome/NC--30000X--0015_Autosome_1.tif,/Users/jason/Desktop/OrganelleClassifyDataset/train/ER/3W-CD4-Ctrl3--30000X--0090_ER_1.tif,/Users/jason/Desktop/OrganelleClassifyDataset/test/Autosome/NC--30000X--0015_Autosome_1.tif,cd951aeb40e0f1e9,c4941bfaf6a42969,18,False,1
Autosome,Autosome,Autosome/PS-SI--23000X--0028_Autosome_1.tif,Autosome/PG1--98000X--0016_Autosome_1.tif,/Users/jason/Desktop/OrganelleClassifyDataset/train/Autosome/PS-SI--23000X--0028_Autosome_1.tif,/Users/jason/Desktop/OrganelleClassifyDataset/test/Autosome/PG1--98000X--0016_Autosome_1.tif,c134a5ca3e7a946d,e15499ce2ccbf429,18,True,1
Autosome,Autosome,Autosome/LC1-3--23000X--0011_Autosome_2.tif,Autosome/PG1--98000X--0034_Autosome_1.tif,/Users/jason/Desktop/OrganelleClassifyDataset/train/Autosome/LC1-3--23000X--0011_Autosome_2.tif,/Users/jason/Desktop/OrganelleClassifyDataset/test/Autosome/PG1--98000X--0034_Autosome_1.tif,bf62f0b6c0c251cb,bf68eebcc0c32906,18,True,2
CellWall,Autosome,CellWall/3-llq_013_Cell_Wall_1.tif,Autosome/PG1--98000X--0034_Autosome_1.tif,/Users/jason/Desktop/OrganelleClassifyDataset/train/CellWall/3-llq_013_Cell_Wall_1.tif,/Users/jason/Desktop/OrganelleClassifyDataset/test/Autosome/PG1--98000X--0034_Autosome_1.tif,b5ca6abc80157967,bf68eebcc0c32906,18,False,2
Chloroplast,Autosome,Chloroplast/4gill_006_Chloroplast_1.tif,Autosome/PG1--98000X--0036_Autosome_1.tif,/Users/jason/Desktop/OrganelleClassifyDataset/train/Chloroplast/4gill_006_Chloroplast_1.tif,/Users/jason/Desktop/OrganelleClassifyDataset/test/Autosome/PG1--98000X--0036_Autosome_1.tif,bef09007da9fc898,eff392c41a93c816,18,False,2
Nucleus,Autosome,Nucleus/wt-6--13000X--0089_Nucleus_1.tif,Autosome/PG1--98000X--0036_Autosome_1.tif,/Users/jason/Desktop/OrganelleClassifyDataset/train/Nucleus/wt-6--13000X--0089_Nucleus_1.tif,/Users/jason/Desktop/OrganelleClassifyDataset/test/Autosome/PG1--98000X--0036_Autosome_1.tif,fff9628217138c0e,eff392c41a93c816,18,False,2
Autosome,Autosome,Autosome/2--30000X--0006_Autosome_1.tif,Autosome/PG2--98000X--0015_Autosome_1.tif,/Users/jason/Desktop/OrganelleClassifyDataset/train/Autosome/2--30000X--0006_Autosome_1.tif,/Users/jason/Desktop/OrganelleClassifyDataset/test/Autosome/PG2--98000X--0015_Autosome_1.tif,bf4ac42a8f366e12,ac57902acd376695,18,True,3
Autosome,Autosome,Autosome/PW10--30000X--0075_Autosome_1.tif,Autosome/PG2--98000X--0015_Autosome_1.tif,/Users/jason/Desktop/OrganelleClassifyDataset/train/Autosome/PW10--30000X--0075_Autosome_1.tif,/Users/jason/Desktop/OrganelleClassifyDataset/test/Autosome/PG2--98000X--0015_Autosome_1.tif,af92902b8d345ef2,ac57902acd376695,18,True,3
Golgi,Autosome,Golgi/47--9300X--0001_Golgi_1.tif,Autosome/PG2--98000X--0015_Autosome_1.tif,/Users/jason/Desktop/OrganelleClassifyDataset/train/Golgi/47--9300X--0001_Golgi_1.tif,/Users/jason/Desktop/OrganelleClassifyDataset/test/Autosome/PG2--98000X--0015_Autosome_1.tif,a5479f78842b6a95,ac57902acd376695,18,False,3
CellWall,Autosome,CellWall/15-1_006_Cell_Wall_1.tif,Autosome/PV--30000X--0094_Autosome_2.tif,/Users/jason/Desktop/OrganelleClassifyDataset/train/CellWall/15-1_006_Cell_Wall_1.tif,/Users/jason/Desktop/OrganelleClassifyDataset/test/Autosome/PV--30000X--0094_Autosome_2.tif,f3315890bcab7255,f964d499b4b37290,18,False,4
Chloroplast,Autosome,Chloroplast/6gill_002_Chloroplast_4.tif,Autosome/PV--30000X--0094_Autosome_2.tif,/Users/jason/Desktop/OrganelleClassifyDataset/train/Chloroplast/6gill_002_Chloroplast_4.tif,/Users/jason/Desktop/OrganelleClassifyDataset/test/Autosome/PV--30000X--0094_Autosome_2.tif,ea71c197b4ab2394,f964d499b4b37290,18,False,4
Golgi,Autosome,Golgi/#4-CHMP4B-MYH6-CKO--9300X--0052_Golgi_1.tif,Autosome/PV--30000X--0094_Autosome_2.tif,/Users/jason/Desktop/OrganelleClassifyDataset/train/Golgi/#4-CHMP4B-MYH6-CKO--9300X--0052_Golgi_1.tif,/Users/jason/Desktop/OrganelleClassifyDataset/test/Autosome/PV--30000X--0094_Autosome_2.tif,bb148290f4b35e97,f964d499b4b37290,18,False,4
Nucleus,Autosome,Nucleus/wt-7--6800X--0006_Nucleus_1.tif,Autosome/PV--30000X--0094_Autosome_2.tif,/Users/jason/Desktop/OrganelleClassifyDataset/train/Nucleus/wt-7--6800X--0006_Nucleus_1.tif,/Users/jason/Desktop/OrganelleClassifyDataset/test/Autosome/PV--30000X--0094_Autosome_2.tif,bb61d48dda963096,f964d499b4b37290,18,False,4
Autosome,Autosome,Autosome/RKO-SEP-0--30000X--0012_Autosome_1.tif,Autosome/SH1--18500X--0031_Autosome_1.tif,/Users/jason/Desktop/OrganelleClassifyDataset/train/Autosome/RKO-SEP-0--30000X--0012_Autosome_1.tif,/Users/jason/Desktop/OrganelleClassifyDataset/test/Autosome/SH1--18500X--0031_Autosome_1.tif,f09ac3341b5527ce,f18d835d1b812bc7,18,True,4
CellWall,Autosome,CellWall/5gill_006_Cell_Wall_2.tif,Autosome/SH1--18500X--0031_Autosome_1.tif,/Users/jason/Desktop/OrganelleClassifyDataset/train/CellWall/5gill_006_Cell_Wall_2.tif,/Users/jason/Desktop/OrganelleClassifyDataset/test/Autosome/SH1--18500X--0031_Autosome_1.tif,a48d1b4f1f0f0b0f,f18d835d1b812bc7,18,False,4
CellWall,Autosome,CellWall/lyn5_001_Cell_Wall_2.tif,Autosome/SH1--18500X--0031_Autosome_1.tif,/Users/jason/Desktop/OrganelleClassifyDataset/train/CellWall/lyn5_001_Cell_Wall_2.tif,/Users/jason/Desktop/OrganelleClassifyDataset/test/Autosome/SH1--18500X--0031_Autosome_1.tif,e9a4c93d03d83b47,f18d835d1b812bc7,18,False,4
Mito,Autosome,Mito/wt-8--13000X--0035_Mito_3.tif,Autosome/SH1--18500X--0031_Autosome_1.tif,/Users/jason/Desktop/OrganelleClassifyDataset/train/Mito/wt-8--13000X--0035_Mito_3.tif,/Users/jason/Desktop/OrganelleClassifyDataset/test/Autosome/SH1--18500X--0031_Autosome_1.tif,a88f96fc50a12b4f,f18d835d1b812bc7,18,False,4
Autosome,CellWall,Autosome/PG1--98000X--0033_Autosome_1.tif,CellWall/1-1-llq_008_Cell_Wall_2.tif,/Users/jason/Desktop/OrganelleClassifyDataset/train/Autosome/PG1--98000X--0033_Autosome_1.tif,/Users/jason/Desktop/OrganelleClassifyDataset/test/CellWall/1-1-llq_008_Cell_Wall_2.tif,ba0fa4b0d75adb80,f82fb526d6780b50,18,False,3
Chloroplast,CellWall,Chloroplast/2.1_006_Chloroplast_2.tif,CellWall/1-1-llq_008_Cell_Wall_2.tif,/Users/jason/Desktop/OrganelleClassifyDataset/train/Chloroplast/2.1_006_Chloroplast_2.tif,/Users/jason/Desktop/OrganelleClassifyDataset/test/CellWall/1-1-llq_008_Cell_Wall_2.tif,ab249537e6b91b12,f82fb526d6780b50,18,False,3
Mito,CellWall,Mito/wt-8--13000X--0037_Mito_1.tif,CellWall/1-1-llq_008_Cell_Wall_2.tif,/Users/jason/Desktop/OrganelleClassifyDataset/train/Mito/wt-8--13000X--0037_Mito_1.tif,/Users/jason/Desktop/OrganelleClassifyDataset/test/CellWall/1-1-llq_008_Cell_Wall_2.tif,e05f150ede118f56,f82fb526d6780b50,18,False,3
Autosome,CellWall,Autosome/1-3-hkf--23000X--0016_Autosome_3.tif,CellWall/1-1-llq_010_Cell_Wall_1.tif,/Users/jason/Desktop/OrganelleClassifyDataset/train/Autosome/1-3-hkf--23000X--0016_Autosome_3.tif,/Users/jason/Desktop/OrganelleClassifyDataset/test/CellWall/1-1-llq_010_Cell_Wall_1.tif,b532918b87ce8d2d,bd63b191538e899c,18,False,4
CellWall,CellWall,CellWall/19-1_001_Cell_Wall_2.tif,CellWall/1-1-llq_010_Cell_Wall_1.tif,/Users/jason/Desktop/OrganelleClassifyDataset/train/CellWall/19-1_001_Cell_Wall_2.tif,/Users/jason/Desktop/OrganelleClassifyDataset/test/CellWall/1-1-llq_010_Cell_Wall_1.tif,ad63359546b25aac,bd63b191538e899c,18,True,4
Chloroplast,CellWall,Chloroplast/LNNA_006_Chloroplast_3.tif,CellWall/1-1-llq_010_Cell_Wall_1.tif,/Users/jason/Desktop/OrganelleClassifyDataset/train/Chloroplast/LNNA_006_Chloroplast_3.tif,/Users/jason/Desktop/OrganelleClassifyDataset/test/CellWall/1-1-llq_010_Cell_Wall_1.tif,bf6a9195605c873c,bd63b191538e899c,18,False,4
Mito,CellWall,Mito/R3--49000X--0024_Mito_2.tif,CellWall/1-1-llq_010_Cell_Wall_1.tif,/Users/jason/Desktop/OrganelleClassifyDataset/train/Mito/R3--49000X--0024_Mito_2.tif,/Users/jason/Desktop/OrganelleClassifyDataset/test/CellWall/1-1-llq_010_Cell_Wall_1.tif,ab01b5c1d29da9b9,bd63b191538e899c,18,False,4
CellWall,CellWall,CellWall/lyn5_008_Cell_Wall_1.tif,CellWall/1.1_001_Cell_Wall_1.tif,/Users/jason/Desktop/OrganelleClassifyDataset/train/CellWall/lyn5_008_Cell_Wall_1.tif,/Users/jason/Desktop/OrganelleClassifyDataset/test/CellWall/1.1_001_Cell_Wall_1.tif,b3b3c92c7201dee8,931549ec7ac9c27a,18,True,3
CellWall,CellWall,CellWall/lyn6_008_Cell_Wall_1.tif,CellWall/1.1_001_Cell_Wall_1.tif,/Users/jason/Desktop/OrganelleClassifyDataset/train/CellWall/lyn6_008_Cell_Wall_1.tif,/Users/jason/Desktop/OrganelleClassifyDataset/test/CellWall/1.1_001_Cell_Wall_1.tif,f30469e5a9c7c83a,931549ec7ac9c27a,18,True,3
Golgi,CellWall,Golgi/6W-CD4-Ctrl2--30000X--0147_Golgi_1.tif,CellWall/1.1_001_Cell_Wall_1.tif,/Users/jason/Desktop/OrganelleClassifyDataset/train/Golgi/6W-CD4-Ctrl2--30000X--0147_Golgi_1.tif,/Users/jason/Desktop/OrganelleClassifyDataset/test/CellWall/1.1_001_Cell_Wall_1.tif,a11448ecfaf8ae96,931549ec7ac9c27a,18,False,3
ER,CellWall,ER/2--30000X--0015_ER_3.tif,CellWall/12-1-1_004_Cell_Wall_1.tif,/Users/jason/Desktop/OrganelleClassifyDataset/train/ER/2--30000X--0015_ER_3.tif,/Users/jason/Desktop/OrganelleClassifyDataset/test/CellWall/12-1-1_004_Cell_Wall_1.tif,ef1988f29e14ccd4,ce1b39e2a71c6cb0,18,False,2
Vesicles,CellWall,Vesicles/wt-6--6800X--0052_Vesicles_4.tif,CellWall/12-1-1_004_Cell_Wall_1.tif,/Users/jason/Desktop/OrganelleClassifyDataset/train/Vesicles/wt-6--6800X--0052_Vesicles_4.tif,/Users/jason/Desktop/OrganelleClassifyDataset/test/CellWall/12-1-1_004_Cell_Wall_1.tif,8e5a25ce8e144cf7,ce1b39e2a71c6cb0,18,False,2
Vesicles,CellWall,Vesicles/1-3-hkf--6800X--0004_Vesicles_3.tif,CellWall/14-1_001_Cell_Wall_2.tif,/Users/jason/Desktop/OrganelleClassifyDataset/train/Vesicles/1-3-hkf--6800X--0004_Vesicles_3.tif,/Users/jason/Desktop/OrganelleClassifyDataset/test/CellWall/14-1_001_Cell_Wall_2.tif,8a8a3d68d764ce36,82cb7f2895c36a3c,18,False,2
Vesicles,CellWall,Vesicles/LA+1170--6800X--0007_Vesicles_4.tif,CellWall/14-1_001_Cell_Wall_2.tif,/Users/jason/Desktop/OrganelleClassifyDataset/train/Vesicles/LA+1170--6800X--0007_Vesicles_4.tif,/Users/jason/Desktop/OrganelleClassifyDataset/test/CellWall/14-1_001_Cell_Wall_2.tif,cf4f722093d32acc,82cb7f2895c36a3c,18,False,2
Vesicles,CellWall,Vesicles/wt-6--6800X--0052_Vesicles_4.tif,CellWall/14-1_009_Cell_Wall_1.tif,/Users/jason/Desktop/OrganelleClassifyDataset/train/Vesicles/wt-6--6800X--0052_Vesicles_4.tif,/Users/jason/Desktop/OrganelleClassifyDataset/test/CellWall/14-1_009_Cell_Wall_1.tif,8e5a25ce8e144cf7,925aed56aa14ee85,18,False,1
Mito,CellWall,Mito/ZONG_S2_5.27--23000X--0021_Mito_1.tif,CellWall/15-1_007_Cell_Wall_1.tif,/Users/jason/Desktop/OrganelleClassifyDataset/train/Mito/ZONG_S2_5.27--23000X--0021_Mito_1.tif,/Users/jason/Desktop/OrganelleClassifyDataset/test/CellWall/15-1_007_Cell_Wall_1.tif,86037c3e34abd333,8e4caca636baf113,18,False,2
Nucleus,CellWall,Nucleus/wt3--6800X--0001_Nucleus_2.tif,CellWall/15-1_007_Cell_Wall_1.tif,/Users/jason/Desktop/OrganelleClassifyDataset/train/Nucleus/wt3--6800X--0001_Nucleus_2.tif,/Users/jason/Desktop/OrganelleClassifyDataset/test/CellWall/15-1_007_Cell_Wall_1.tif,aa56aaeab53aa183,8e4caca636baf113,18,False,2
Vesicles,CellWall,Vesicles/3--6800X--0007_Vesicles_2.tif,CellWall/17-1_010_Cell_Wall_1.tif,/Users/jason/Desktop/OrganelleClassifyDataset/train/Vesicles/3--6800X--0007_Vesicles_2.tif,/Users/jason/Desktop/OrganelleClassifyDataset/test/CellWall/17-1_010_Cell_Wall_1.tif,da31606b57ad9750,8b316658f384b756,18,False,1
CellWall,CellWall,CellWall/17-1_011_Cell_Wall_1.tif,CellWall/17-1_013_Cell_Wall_1.tif,/Users/jason/Desktop/OrganelleClassifyDataset/train/CellWall/17-1_011_Cell_Wall_1.tif,/Users/jason/Desktop/OrganelleClassifyDataset/test/CellWall/17-1_013_Cell_Wall_1.tif,993634b664eda82d,9933b025eccd9966,18,True,1
Vesicles,CellWall,Vesicles/WT2--30000X--0024_Vesicles_1.tif,CellWall/19-1_008_Cell_Wall_3.tif,/Users/jason/Desktop/OrganelleClassifyDataset/train/Vesicles/WT2--30000X--0024_Vesicles_1.tif,/Users/jason/Desktop/OrganelleClassifyDataset/test/CellWall/19-1_008_Cell_Wall_3.tif,d9ad6676eb22888c,90ed4c17ef0be09c,18,False,1
Autosome,CellWall,Autosome/PG1--98000X--0018_Autosome_1.tif,CellWall/2.1_010_Cell_Wall_1.tif,/Users/jason/Desktop/OrganelleClassifyDataset/train/Autosome/PG1--98000X--0018_Autosome_1.tif,/Users/jason/Desktop/OrganelleClassifyDataset/test/CellWall/2.1_010_Cell_Wall_1.tif,e19e98613de732c4,e4e499632c733754,18,False,2
Golgi,CellWall,Golgi/kw10-4--6800X--0040_Golgi_1.tif,CellWall/2.1_010_Cell_Wall_1.tif,/Users/jason/Desktop/OrganelleClassifyDataset/train/Golgi/kw10-4--6800X--0040_Golgi_1.tif,/Users/jason/Desktop/OrganelleClassifyDataset/test/CellWall/2.1_010_Cell_Wall_1.tif,e4a782a3bc5abd50,e4e499632c733754,18,False,2
Nucleus,CellWall,Nucleus/kw10-2--6800X--0019_Nucleus_1.tif,CellWall/2gill_007_Cell_Wall_4.tif,/Users/jason/Desktop/OrganelleClassifyDataset/train/Nucleus/kw10-2--6800X--0019_Nucleus_1.tif,/Users/jason/Desktop/OrganelleClassifyDataset/test/CellWall/2gill_007_Cell_Wall_4.tif,c71b796592b6483a,e7b959ac52ad5032,18,False,1
CellWall,CellWall,CellWall/mkb7_012_Cell_Wall_1.tif,CellWall/3-llq_007_Cell_Wall_1.tif,/Users/jason/Desktop/OrganelleClassifyDataset/train/CellWall/mkb7_012_Cell_Wall_1.tif,/Users/jason/Desktop/OrganelleClassifyDataset/test/CellWall/3-llq_007_Cell_Wall_1.tif,c919bc07c6765333,991d8cbcf616521b,18,True,1
ER,CellWall,ER/2+--6800X--0006_ER_4.tif,CellWall/3-llq_008_Cell_Wall_1.tif,/Users/jason/Desktop/OrganelleClassifyDataset/train/ER/2+--6800X--0006_ER_4.tif,/Users/jason/Desktop/OrganelleClassifyDataset/test/CellWall/3-llq_008_Cell_Wall_1.tif,d75e5052da51d954,805e50535f5b4b5b,18,False,1
CellWall,CellWall,CellWall/HST-CK_007_Cell_Wall_1.tif,CellWall/5drp1a-_007_Cell_Wall_1.tif,/Users/jason/Desktop/OrganelleClassifyDataset/train/CellWall/HST-CK_007_Cell_Wall_1.tif,/Users/jason/Desktop/OrganelleClassifyDataset/test/CellWall/5drp1a-_007_Cell_Wall_1.tif,87b0f63f4b54290b,a278d6b7c8d4850f,18,True,2
Chloroplast,CellWall,Chloroplast/zb1_004_Chloroplast_2.tif,CellWall/5drp1a-_007_Cell_Wall_1.tif,/Users/jason/Desktop/OrganelleClassifyDataset/train/Chloroplast/zb1_004_Chloroplast_2.tif,/Users/jason/Desktop/OrganelleClassifyDataset/test/CellWall/5drp1a-_007_Cell_Wall_1.tif,aa5a9235bfb48427,a278d6b7c8d4850f,18,False,2
Vesicles,CellWall,Vesicles/1--30000X--0007_Vesicles_5.tif,CellWall/HST-CK_007_Cell_Wall_2.tif,/Users/jason/Desktop/OrganelleClassifyDataset/train/Vesicles/1--30000X--0007_Vesicles_5.tif,/Users/jason/Desktop/OrganelleClassifyDataset/test/CellWall/HST-CK_007_Cell_Wall_2.tif,8fc170a2cbdb6c2c,aed95628edd20d2c,18,False,2
Vesicles,CellWall,Vesicles/gfp-bsa--30000X--0035_Vesicles_1.tif,CellWall/HST-CK_007_Cell_Wall_2.tif,/Users/jason/Desktop/OrganelleClassifyDataset/train/Vesicles/gfp-bsa--30000X--0035_Vesicles_1.tif,/Users/jason/Desktop/OrganelleClassifyDataset/test/CellWall/HST-CK_007_Cell_Wall_2.tif,8f9d7434cb970d88,aed95628edd20d2c,18,False,2
CellWall,CellWall,CellWall/zzc4_012_Cell_Wall_3.tif,CellWall/HST-CK_010_Cell_Wall_1.tif,/Users/jason/Desktop/OrganelleClassifyDataset/train/CellWall/zzc4_012_Cell_Wall_3.tif,/Users/jason/Desktop/OrganelleClassifyDataset/test/CellWall/HST-CK_010_Cell_Wall_1.tif,a5a93b6bc2a85e4a,a1296f6a4a1f5ad2,18,True,1
Golgi,CellWall,Golgi/6W-10nm_GR-2--13000X--0006_Golgi_1.tif,CellWall/HST-TREAT_005_Cell_Wall_3.tif,/Users/jason/Desktop/OrganelleClassifyDataset/train/Golgi/6W-10nm_GR-2--13000X--0006_Golgi_1.tif,/Users/jason/Desktop/OrganelleClassifyDataset/test/CellWall/HST-TREAT_005_Cell_Wall_3.tif,b45f0b2daf021f4a,96db260baf331d06,18,False,2
Vesicles,CellWall,Vesicles/LA--30000X--0022_Vesicles_1.tif,CellWall/HST-TREAT_005_Cell_Wall_3.tif,/Users/jason/Desktop/OrganelleClassifyDataset/train/Vesicles/LA--30000X--0022_Vesicles_1.tif,/Users/jason/Desktop/OrganelleClassifyDataset/test/CellWall/HST-TREAT_005_Cell_Wall_3.tif,bf5bc3098f341436,96db260baf331d06,18,False,2
Autosome,CellWall,Autosome/1-3-hkf--23000X--0015_Autosome_1.tif,CellWall/HST-TREAT_010_Cell_Wall_3.tif,/Users/jason/Desktop/OrganelleClassifyDataset/train/Autosome/1-3-hkf--23000X--0015_Autosome_1.tif,/Users/jason/Desktop/OrganelleClassifyDataset/test/CellWall/HST-TREAT_010_Cell_Wall_3.tif,ad7cd2638bcd9c02,ec6cae66abc9c052,18,False,1
Vesicles,CellWall,Vesicles/169--6800X--0010_Vesicles_1.tif,CellWall/HST-TREAT_015_Cell_Wall_3.tif,/Users/jason/Desktop/OrganelleClassifyDataset/train/Vesicles/169--6800X--0010_Vesicles_1.tif,/Users/jason/Desktop/OrganelleClassifyDataset/test/CellWall/HST-TREAT_015_Cell_Wall_3.tif,c37c7c83130f8f2c,c16dbf82905bcd0e,18,False,2
Vesicles,CellWall,Vesicles/2+--6800X--0011_Vesicles_2.tif,CellWall/HST-TREAT_015_Cell_Wall_3.tif,/Users/jason/Desktop/OrganelleClassifyDataset/train/Vesicles/2+--6800X--0011_Vesicles_2.tif,/Users/jason/Desktop/OrganelleClassifyDataset/test/CellWall/HST-TREAT_015_Cell_Wall_3.tif,c827369ad0c9cf6a,c16dbf82905bcd0e,18,False,2
Nucleus,CellWall,Nucleus/RKO-SEP-0--6800X--0004_Nucleus_1.tif,CellWall/club2_007_Cell_Wall_1.tif,/Users/jason/Desktop/OrganelleClassifyDataset/train/Nucleus/RKO-SEP-0--6800X--0004_Nucleus_1.tif,/Users/jason/Desktop/OrganelleClassifyDataset/test/CellWall/club2_007_Cell_Wall_1.tif,ce6f6aaca328b541,cc132a24936bb5f9,18,False,2
Vesicles,CellWall,Vesicles/1-2-hsfnc_lJ--6800X--0013_Vesicles_2.tif,CellWall/club2_007_Cell_Wall_1.tif,/Users/jason/Desktop/OrganelleClassifyDataset/train/Vesicles/1-2-hsfnc_lJ--6800X--0013_Vesicles_2.tif,/Users/jason/Desktop/OrganelleClassifyDataset/test/CellWall/club2_007_Cell_Wall_1.tif,8f902235d2cb3cdb,cc132a24936bb5f9,18,False,2
CellWall,CellWall,CellWall/HST-CK_007_Cell_Wall_3.tif,CellWall/essam21_003_Cell_Wall_1.tif,/Users/jason/Desktop/OrganelleClassifyDataset/train/CellWall/HST-CK_007_Cell_Wall_3.tif,/Users/jason/Desktop/OrganelleClassifyDataset/test/CellWall/essam21_003_Cell_Wall_1.tif,c6e327936b38c472,e763a59a70125c73,18,True,1
CellWall,CellWall,CellWall/lyn14_009_Cell_Wall_1.tif,CellWall/essam21_003_Cell_Wall_2.tif,/Users/jason/Desktop/OrganelleClassifyDataset/train/CellWall/lyn14_009_Cell_Wall_1.tif,/Users/jason/Desktop/OrganelleClassifyDataset/test/CellWall/essam21_003_Cell_Wall_2.tif,e5268f8693989ada,e7878742d09caa73,18,True,2
Mito,CellWall,Mito/wt-7--13000X--0139_Mito_1.tif,CellWall/essam21_003_Cell_Wall_2.tif,/Users/jason/Desktop/OrganelleClassifyDataset/train/Mito/wt-7--13000X--0139_Mito_1.tif,/Users/jason/Desktop/OrganelleClassifyDataset/test/CellWall/essam21_003_Cell_Wall_2.tif,b22b9956d13c8a73,e7878742d09caa73,18,False,2
CellWall,CellWall,CellWall/5gill_005_Cell_Wall_2.tif,CellWall/lyn10_009_Cell_Wall_1.tif,/Users/jason/Desktop/OrganelleClassifyDataset/train/CellWall/5gill_005_Cell_Wall_2.tif,/Users/jason/Desktop/OrganelleClassifyDataset/test/CellWall/lyn10_009_Cell_Wall_1.tif,97aa54af0751a857,9fa3502fe4d0e1c6,18,True,1
CellWall,CellWall,CellWall/3gill_001_Cell_Wall_1.tif,CellWall/lyn11_001_Cell_Wall_1.tif,/Users/jason/Desktop/OrganelleClassifyDataset/train/CellWall/3gill_001_Cell_Wall_1.tif,/Users/jason/Desktop/OrganelleClassifyDataset/test/CellWall/lyn11_001_Cell_Wall_1.tif,84e0c0c9783f9fcd,85fe80037438bbcf,18,True,1
ER,CellWall,ER/52-WT--18500X--0107_ER_1.tif,CellWall/lyn11_001_Cell_Wall_3.tif,/Users/jason/Desktop/OrganelleClassifyDataset/train/ER/52-WT--18500X--0107_ER_1.tif,/Users/jason/Desktop/OrganelleClassifyDataset/test/CellWall/lyn11_001_Cell_Wall_3.tif,e2764b0782e955e6,a676416d94f921f2,18,False,1
CellWall,CellWall,CellWall/lyn8_004_Cell_Wall_3.tif,CellWall/lyn13_001_Cell_Wall_2.tif,/Users/jason/Desktop/OrganelleClassifyDataset/train/CellWall/lyn8_004_Cell_Wall_3.tif,/Users/jason/Desktop/OrganelleClassifyDataset/test/CellWall/lyn13_001_Cell_Wall_2.tif,a5ccf336c9330ec1,a588e6f65d0616d9,18,True,2
Mito,CellWall,Mito/ZONG_S2_5.27--23000X--0014_Mito_1.tif,CellWall/lyn13_001_Cell_Wall_2.tif,/Users/jason/Desktop/OrganelleClassifyDataset/train/Mito/ZONG_S2_5.27--23000X--0014_Mito_1.tif,/Users/jason/Desktop/OrganelleClassifyDataset/test/CellWall/lyn13_001_Cell_Wall_2.tif,a191f594dd848ed5,a588e6f65d0616d9,18,False,2
CellWall,CellWall,CellWall/shd2_011_Cell_Wall_1.tif,CellWall/lyn15_001_Cell_Wall_2.tif,/Users/jason/Desktop/OrganelleClassifyDataset/train/CellWall/shd2_011_Cell_Wall_1.tif,/Users/jason/Desktop/OrganelleClassifyDataset/test/CellWall/lyn15_001_Cell_Wall_2.tif,a86dc69ab286fc29,e4e486bb3382de51,18,True,1
Autosome,CellWall,Autosome/ZYZ--49000X--0001_Autosome_1.tif,CellWall/lyn5_001_Cell_Wall_1.tif,/Users/jason/Desktop/OrganelleClassifyDataset/train/Autosome/ZYZ--49000X--0001_Autosome_1.tif,/Users/jason/Desktop/OrganelleClassifyDataset/test/CellWall/lyn5_001_Cell_Wall_1.tif,ffd8d0c98dc66604,ce7450db454e6e46,18,False,2
Vesicles,CellWall,Vesicles/1-3-hkf--6800X--0008_Vesicles_1.tif,CellWall/lyn5_001_Cell_Wall_1.tif,/Users/jason/Desktop/OrganelleClassifyDataset/train/Vesicles/1-3-hkf--6800X--0008_Vesicles_1.tif,/Users/jason/Desktop/OrganelleClassifyDataset/test/CellWall/lyn5_001_Cell_Wall_1.tif,cb5634db560c6a3c,ce7450db454e6e46,18,False,2
ER,CellWall,ER/2+--30000X--0021_ER_1.tif,CellWall/lyn5_005_Cell_Wall_2.tif,/Users/jason/Desktop/OrganelleClassifyDataset/train/ER/2+--30000X--0021_ER_1.tif,/Users/jason/Desktop/OrganelleClassifyDataset/test/CellWall/lyn5_005_Cell_Wall_2.tif,ad359dc726b164c4,95158be2f2b96c86,18,False,2
Golgi,CellWall,Golgi/6W-CD4-Ctrl2--30000X--0147_Golgi_1.tif,CellWall/lyn5_005_Cell_Wall_2.tif,/Users/jason/Desktop/OrganelleClassifyDataset/train/Golgi/6W-CD4-Ctrl2--30000X--0147_Golgi_1.tif,/Users/jason/Desktop/OrganelleClassifyDataset/test/CellWall/lyn5_005_Cell_Wall_2.tif,a11448ecfaf8ae96,95158be2f2b96c86,18,False,2
CellWall,CellWall,CellWall/qm1_011_Cell_Wall_1.tif,CellWall/lyn5_011_Cell_Wall_1.tif,/Users/jason/Desktop/OrganelleClassifyDataset/train/CellWall/qm1_011_Cell_Wall_1.tif,/Users/jason/Desktop/OrganelleClassifyDataset/test/CellWall/lyn5_011_Cell_Wall_1.tif,b5cd9db1e708d184,95f49f836a2a91d4,18,True,1
CellWall,CellWall,CellWall/mkb5_005_Cell_Wall_1.tif,CellWall/lyn6_007_Cell_Wall_1.tif,/Users/jason/Desktop/OrganelleClassifyDataset/train/CellWall/mkb5_005_Cell_Wall_1.tif,/Users/jason/Desktop/OrganelleClassifyDataset/test/CellWall/lyn6_007_Cell_Wall_1.tif,a0dba64934a5adb3,b118864558b6adfb,18,True,2
ER,CellWall,ER/PG3--9300X--0008_ER_1.tif,CellWall/lyn6_007_Cell_Wall_1.tif,/Users/jason/Desktop/OrganelleClassifyDataset/train/ER/PG3--9300X--0008_ER_1.tif,/Users/jason/Desktop/OrganelleClassifyDataset/test/CellWall/lyn6_007_Cell_Wall_1.tif,b52ad3c348b2a679,b118864558b6adfb,18,False,2
CellWall,CellWall,CellWall/HST-TREAT_006_Cell_Wall_2.tif,CellWall/mkb4_001_Cell_Wall_4.tif,/Users/jason/Desktop/OrganelleClassifyDataset/train/CellWall/HST-TREAT_006_Cell_Wall_2.tif,/Users/jason/Desktop/OrganelleClassifyDataset/test/CellWall/mkb4_001_Cell_Wall_4.tif,99f6b82d8f81c474,8d7278308fc7ce4c,18,True,7
Chloroplast,CellWall,Chloroplast/309c_002_Chloroplast_2.tif,CellWall/mkb4_001_Cell_Wall_4.tif,/Users/jason/Desktop/OrganelleClassifyDataset/train/Chloroplast/309c_002_Chloroplast_2.tif,/Users/jason/Desktop/OrganelleClassifyDataset/test/CellWall/mkb4_001_Cell_Wall_4.tif,8f0cf63283cf8e4a,8d7278308fc7ce4c,18,False,7
Nucleus,CellWall,Nucleus/kw10-3--6800X--0062_Nucleus_1.tif,CellWall/mkb4_001_Cell_Wall_4.tif,/Users/jason/Desktop/OrganelleClassifyDataset/train/Nucleus/kw10-3--6800X--0062_Nucleus_1.tif,/Users/jason/Desktop/OrganelleClassifyDataset/test/CellWall/mkb4_001_Cell_Wall_4.tif,af6ae8618fc18d98,8d7278308fc7ce4c,18,False,7
Vesicles,CellWall,Vesicles/1--18500X--0029_Vesicles_1.tif,CellWall/mkb4_001_Cell_Wall_4.tif,/Users/jason/Desktop/OrganelleClassifyDataset/train/Vesicles/1--18500X--0029_Vesicles_1.tif,/Users/jason/Desktop/OrganelleClassifyDataset/test/CellWall/mkb4_001_Cell_Wall_4.tif,cd363234cfeb340c,8d7278308fc7ce4c,18,False,7
Vesicles,CellWall,Vesicles/2+--30000X--0013_Vesicles_1.tif,CellWall/mkb4_001_Cell_Wall_4.tif,/Users/jason/Desktop/OrganelleClassifyDataset/train/Vesicles/2+--30000X--0013_Vesicles_1.tif,/Users/jason/Desktop/OrganelleClassifyDataset/test/CellWall/mkb4_001_Cell_Wall_4.tif,8d6870748b8d3e3d,8d7278308fc7ce4c,18,False,7
Vesicles,CellWall,Vesicles/WT+LA--6800X--0009_Vesicles_2.tif,CellWall/mkb4_001_Cell_Wall_4.tif,/Users/jason/Desktop/OrganelleClassifyDataset/train/Vesicles/WT+LA--6800X--0009_Vesicles_2.tif,/Users/jason/Desktop/OrganelleClassifyDataset/test/CellWall/mkb4_001_Cell_Wall_4.tif,8f722472c723dc2d,8d7278308fc7ce4c,18,False,7
Vesicles,CellWall,Vesicles/wt--30000X--0039_Vesicles_1.tif,CellWall/mkb4_001_Cell_Wall_4.tif,/Users/jason/Desktop/OrganelleClassifyDataset/train/Vesicles/wt--30000X--0039_Vesicles_1.tif,/Users/jason/Desktop/OrganelleClassifyDataset/test/CellWall/mkb4_001_Cell_Wall_4.tif,dc5b7260cbcb4cc4,8d7278308fc7ce4c,18,False,7
Nucleus,CellWall,Nucleus/kw10-3--6800X--0018_Nucleus_1.tif,CellWall/mkb4_011_Cell_Wall_1.tif,/Users/jason/Desktop/OrganelleClassifyDataset/train/Nucleus/kw10-3--6800X--0018_Nucleus_1.tif,/Users/jason/Desktop/OrganelleClassifyDataset/test/CellWall/mkb4_011_Cell_Wall_1.tif,fc15e037c1328fe2,841760e7c7e08fec,18,False,2
Nucleus,CellWall,Nucleus/kw10-7--6800X--0016_Nucleus_1.tif,CellWall/mkb4_011_Cell_Wall_1.tif,/Users/jason/Desktop/OrganelleClassifyDataset/train/Nucleus/kw10-7--6800X--0016_Nucleus_1.tif,/Users/jason/Desktop/OrganelleClassifyDataset/test/CellWall/mkb4_011_Cell_Wall_1.tif,ec00e0bf83f08fe3,841760e7c7e08fec,18,False,2
Mito,CellWall,Mito/M_J81--11000X--0015_Mito_1.tif,CellWall/mkb5_001_Cell_Wall_2.tif,/Users/jason/Desktop/OrganelleClassifyDataset/train/Mito/M_J81--11000X--0015_Mito_1.tif,/Users/jason/Desktop/OrganelleClassifyDataset/test/CellWall/mkb5_001_Cell_Wall_2.tif,ee0b9435aaf065c5,cc31949da9e8664f,18,False,1
CellWall,CellWall,CellWall/lyn7_003_Cell_Wall_1.tif,CellWall/mkb8_010_Cell_Wall_1.tif,/Users/jason/Desktop/OrganelleClassifyDataset/train/CellWall/lyn7_003_Cell_Wall_1.tif,/Users/jason/Desktop/OrganelleClassifyDataset/test/CellWall/mkb8_010_Cell_Wall_1.tif,d4b96230c3c719cf,d0c86cb4cae7b90d,18,True,2
Mito,CellWall,Mito/wt-7--13000X--0135_Mito_3.tif,CellWall/mkb8_010_Cell_Wall_1.tif,/Users/jason/Desktop/OrganelleClassifyDataset/train/Mito/wt-7--13000X--0135_Mito_3.tif,/Users/jason/Desktop/OrganelleClassifyDataset/test/CellWall/mkb8_010_Cell_Wall_1.tif,d3e86de0e08339e5,d0c86cb4cae7b90d,18,False,2
CellWall,CellWall,CellWall/mkb7_005_Cell_Wall_2.tif,CellWall/mkb8_016_Cell_Wall_1.tif,/Users/jason/Desktop/OrganelleClassifyDataset/train/CellWall/mkb7_005_Cell_Wall_2.tif,/Users/jason/Desktop/OrganelleClassifyDataset/test/CellWall/mkb8_016_Cell_Wall_1.tif,9966793bbe8e02c2,89a2399a9a8f5b5a,18,True,1
ER,CellWall,ER/kw10-1--13000X--0084_ER_2.tif,CellWall/mkb9_005_Cell_Wall_1.tif,/Users/jason/Desktop/OrganelleClassifyDataset/train/ER/kw10-1--13000X--0084_ER_2.tif,/Users/jason/Desktop/OrganelleClassifyDataset/test/CellWall/mkb9_005_Cell_Wall_1.tif,b21c228ade2b66be,aa1a2fca1ab147ae,18,False,1
Autosome,CellWall,Autosome/1-3-hkf--23000X--0015_Autosome_1.tif,CellWall/qm-2_007_Cell_Wall_1.tif,/Users/jason/Desktop/OrganelleClassifyDataset/train/Autosome/1-3-hkf--23000X--0015_Autosome_1.tif,/Users/jason/Desktop/OrganelleClassifyDataset/test/CellWall/qm-2_007_Cell_Wall_1.tif,ad7cd2638bcd9c02,a4e4927be99cf40a,18,False,3
Golgi,CellWall,Golgi/70-WT--18500X--0037_Golgi_1.tif,CellWall/qm-2_007_Cell_Wall_1.tif,/Users/jason/Desktop/OrganelleClassifyDataset/train/Golgi/70-WT--18500X--0037_Golgi_1.tif,/Users/jason/Desktop/OrganelleClassifyDataset/test/CellWall/qm-2_007_Cell_Wall_1.tif,a5e4872fd939140f,a4e4927be99cf40a,18,False,3
Nucleus,CellWall,Nucleus/wt-6--6800X--0039_Nucleus_1.tif,CellWall/qm-2_007_Cell_Wall_1.tif,/Users/jason/Desktop/OrganelleClassifyDataset/train/Nucleus/wt-6--6800X--0039_Nucleus_1.tif,/Users/jason/Desktop/OrganelleClassifyDataset/test/CellWall/qm-2_007_Cell_Wall_1.tif,bd64e612e8cc748b,a4e4927be99cf40a,18,False,3
Autosome,CellWall,Autosome/1-3-hkf--6800X--0007_Autosome_1.tif,CellWall/qm-2_007_Cell_Wall_2.tif,/Users/jason/Desktop/OrganelleClassifyDataset/train/Autosome/1-3-hkf--6800X--0007_Autosome_1.tif,/Users/jason/Desktop/OrganelleClassifyDataset/test/CellWall/qm-2_007_Cell_Wall_2.tif,a9c49674d81965eb,9144dcfdf90127a3,18,False,1
ER,CellWall,ER/2+--6800X--0011_ER_1.tif,CellWall/qm1_007_Cell_Wall_1.tif,/Users/jason/Desktop/OrganelleClassifyDataset/train/ER/2+--6800X--0011_ER_1.tif,/Users/jason/Desktop/OrganelleClassifyDataset/test/CellWall/qm1_007_Cell_Wall_1.tif,ba3494cb49148efb,b89e1c430c32de7b,18,False,1
Mito,CellWall,Mito/M_J81--11000X--0026_Mito_2.tif,CellWall/shd2_016_Cell_Wall_1.tif,/Users/jason/Desktop/OrganelleClassifyDataset/train/Mito/M_J81--11000X--0026_Mito_2.tif,/Users/jason/Desktop/OrganelleClassifyDataset/test/CellWall/shd2_016_Cell_Wall_1.tif,b0bea12e21d60dee,a9bec26f35d0093c,18,False,1
ER,CellWall,ER/LA+1170--30000X--0019_ER_1.tif,CellWall/shd3_004_Cell_Wall_2.tif,/Users/jason/Desktop/OrganelleClassifyDataset/train/ER/LA+1170--30000X--0019_ER_1.tif,/Users/jason/Desktop/OrganelleClassifyDataset/test/CellWall/shd3_004_Cell_Wall_2.tif,de45f09dcca4e688,9ac3e2b68ca4d2ab,18,False,1
ER,CellWall,ER/2+--6800X--0002_ER_2.tif,CellWall/shd3_011_Cell_Wall_2.tif,/Users/jason/Desktop/OrganelleClassifyDataset/train/ER/2+--6800X--0002_ER_2.tif,/Users/jason/Desktop/OrganelleClassifyDataset/test/CellWall/shd3_011_Cell_Wall_2.tif,eda50a61b18c5d3e,c9a4cf60328f957a,18,False,1
Chloroplast,CellWall,Chloroplast/zb2_023_Chloroplast_1.tif,CellWall/wht1_009_Cell_Wall_1.tif,/Users/jason/Desktop/OrganelleClassifyDataset/train/Chloroplast/zb2_023_Chloroplast_1.tif,/Users/jason/Desktop/OrganelleClassifyDataset/test/CellWall/wht1_009_Cell_Wall_1.tif,afa4b0d2d0c0cfcd,ae20b14b7cd2cb2d,18,False,1
Autosome,CellWall,Autosome/5-3-2--30000X--0009_Autosome_1.tif,CellWall/wht2_002_Cell_Wall_1.tif,/Users/jason/Desktop/OrganelleClassifyDataset/train/Autosome/5-3-2--30000X--0009_Autosome_1.tif,/Users/jason/Desktop/OrganelleClassifyDataset/test/CellWall/wht2_002_Cell_Wall_1.tif,ee39f0e2cf355024,8f11f0672f24d86d,18,False,5
Chloroplast,CellWall,Chloroplast/379c_012_Chloroplast_2.tif,CellWall/wht2_002_Cell_Wall_1.tif,/Users/jason/Desktop/OrganelleClassifyDataset/train/Chloroplast/379c_012_Chloroplast_2.tif,/Users/jason/Desktop/OrganelleClassifyDataset/test/CellWall/wht2_002_Cell_Wall_1.tif,bb21f07a876438cd,8f11f0672f24d86d,18,False,5
ER,CellWall,ER/2+--30000X--0013_ER_1.tif,CellWall/wht2_002_Cell_Wall_1.tif,/Users/jason/Desktop/OrganelleClassifyDataset/train/ER/2+--30000X--0013_ER_1.tif,/Users/jason/Desktop/OrganelleClassifyDataset/test/CellWall/wht2_002_Cell_Wall_1.tif,8ef1945eaf225265,8f11f0672f24d86d,18,False,5
Mito,CellWall,Mito/10-N--23000X--0025_Mito_1.tif,CellWall/wht2_002_Cell_Wall_1.tif,/Users/jason/Desktop/OrganelleClassifyDataset/train/Mito/10-N--23000X--0025_Mito_1.tif,/Users/jason/Desktop/OrganelleClassifyDataset/test/CellWall/wht2_002_Cell_Wall_1.tif,ef40d04d87a4db3c,8f11f0672f24d86d,18,False,5
Nucleus,CellWall,Nucleus/wt-7--6800X--0037_Nucleus_1.tif,CellWall/wht2_002_Cell_Wall_1.tif,/Users/jason/Desktop/OrganelleClassifyDataset/train/Nucleus/wt-7--6800X--0037_Nucleus_1.tif,/Users/jason/Desktop/OrganelleClassifyDataset/test/CellWall/wht2_002_Cell_Wall_1.tif,9f54703e0ff04a65,8f11f0672f24d86d,18,False,5
CellWall,CellWall,CellWall/wht2_006_Cell_Wall_1.tif,CellWall/wht2_024_Cell_Wall_1.tif,/Users/jason/Desktop/OrganelleClassifyDataset/train/CellWall/wht2_006_Cell_Wall_1.tif,/Users/jason/Desktop/OrganelleClassifyDataset/test/CellWall/wht2_024_Cell_Wall_1.tif,e6599396b42d694a,a66ddbd224a5c929,18,True,2
Chloroplast,CellWall,Chloroplast/M9-1_002_Chloroplast_4.tif,CellWall/wht2_024_Cell_Wall_1.tif,/Users/jason/Desktop/OrganelleClassifyDataset/train/Chloroplast/M9-1_002_Chloroplast_4.tif,/Users/jason/Desktop/OrganelleClassifyDataset/test/CellWall/wht2_024_Cell_Wall_1.tif,f565caca25954a6a,a66ddbd224a5c929,18,False,2
Vesicles,CellWall,Vesicles/1--30000X--0009_Vesicles_1.tif,CellWall/zzc3_002_Cell_Wall_1.tif,/Users/jason/Desktop/OrganelleClassifyDataset/train/Vesicles/1--30000X--0009_Vesicles_1.tif,/Users/jason/Desktop/OrganelleClassifyDataset/test/CellWall/zzc3_002_Cell_Wall_1.tif,8fe9601b83fd8d30,c9cd7a1be2b98612,18,False,1
CellWall,CellWall,CellWall/mkb7_005_Cell_Wall_2.tif,CellWall/zzc6_006_Cell_Wall_2.tif,/Users/jason/Desktop/OrganelleClassifyDataset/train/CellWall/mkb7_005_Cell_Wall_2.tif,/Users/jason/Desktop/OrganelleClassifyDataset/test/CellWall/zzc6_006_Cell_Wall_2.tif,9966793bbe8e02c2,bb6e699b8c274350,18,True,1
Autosome,Chloroplast,Autosome/PV--30000X--0094_Autosome_1.tif,Chloroplast/2gill_009_Chloroplast_3.tif,/Users/jason/Desktop/OrganelleClassifyDataset/train/Autosome/PV--30000X--0094_Autosome_1.tif,/Users/jason/Desktop/OrganelleClassifyDataset/test/Chloroplast/2gill_009_Chloroplast_3.tif,ae54b1b2c6cd1b31,a290f96fc6949b31,18,False,4
Chloroplast,Chloroplast,Chloroplast/zb2_022_Chloroplast_3.tif,Chloroplast/2gill_009_Chloroplast_3.tif,/Users/jason/Desktop/OrganelleClassifyDataset/train/Chloroplast/zb2_022_Chloroplast_3.tif,/Users/jason/Desktop/OrganelleClassifyDataset/test/Chloroplast/2gill_009_Chloroplast_3.tif,ecd0818fde9498b3,a290f96fc6949b31,18,True,4
Mito,Chloroplast,Mito/42--30000X--0019_Mito_1.tif,Chloroplast/2gill_009_Chloroplast_3.tif,/Users/jason/Desktop/OrganelleClassifyDataset/train/Mito/42--30000X--0019_Mito_1.tif,/Users/jason/Desktop/OrganelleClassifyDataset/test/Chloroplast/2gill_009_Chloroplast_3.tif,fe85d5aecc148b21,a290f96fc6949b31,18,False,4
Nucleus,Chloroplast,Nucleus/kw10-1--6800X--0044_Nucleus_1.tif,Chloroplast/2gill_009_Chloroplast_3.tif,/Users/jason/Desktop/OrganelleClassifyDataset/train/Nucleus/kw10-1--6800X--0044_Nucleus_1.tif,/Users/jason/Desktop/OrganelleClassifyDataset/test/Chloroplast/2gill_009_Chloroplast_3.tif,be88716dc49c8aec,a290f96fc6949b31,18,False,4
Chloroplast,Chloroplast,Chloroplast/M8_014_Chloroplast_7.tif,Chloroplast/2gill_012_Chloroplast_5.tif,/Users/jason/Desktop/OrganelleClassifyDataset/train/Chloroplast/M8_014_Chloroplast_7.tif,/Users/jason/Desktop/OrganelleClassifyDataset/test/Chloroplast/2gill_012_Chloroplast_5.tif,aa95d2c9cb0f6c92,bbd1974b0a8d4d94,18,True,1
CellWall,Chloroplast,CellWall/HST-TREAT_007_Cell_Wall_4.tif,Chloroplast/2gill_012_Chloroplast_7.tif,/Users/jason/Desktop/OrganelleClassifyDataset/train/CellWall/HST-TREAT_007_Cell_Wall_4.tif,/Users/jason/Desktop/OrganelleClassifyDataset/test/Chloroplast/2gill_012_Chloroplast_7.tif,e38fb267604983e6,eacdb8614c584bd6,18,False,1
Chloroplast,Chloroplast,Chloroplast/wbb-3_001_Chloroplast_1.tif,Chloroplast/3gill_002_Chloroplast_2.tif,/Users/jason/Desktop/OrganelleClassifyDataset/train/Chloroplast/wbb-3_001_Chloroplast_1.tif,/Users/jason/Desktop/OrganelleClassifyDataset/test/Chloroplast/3gill_002_Chloroplast_2.tif,eaeac0bda949a385,af60c23db990f386,18,True,4
ER,Chloroplast,ER/2+--6800X--0003_ER_4.tif,Chloroplast/3gill_002_Chloroplast_2.tif,/Users/jason/Desktop/OrganelleClassifyDataset/train/ER/2+--6800X--0003_ER_4.tif,/Users/jason/Desktop/OrganelleClassifyDataset/test/Chloroplast/3gill_002_Chloroplast_2.tif,a670c31ea9e233ba,af60c23db990f386,18,False,4
Golgi,Chloroplast,Golgi/43--30000X--0006_Golgi_1.tif,Chloroplast/3gill_002_Chloroplast_2.tif,/Users/jason/Desktop/OrganelleClassifyDataset/train/Golgi/43--30000X--0006_Golgi_1.tif,/Users/jason/Desktop/OrganelleClassifyDataset/test/Chloroplast/3gill_002_Chloroplast_2.tif,bb608f1d9813ba47,af60c23db990f386,18,False,4
Golgi,Chloroplast,Golgi/43--6800X--0003_Golgi_1.tif,Chloroplast/3gill_002_Chloroplast_2.tif,/Users/jason/Desktop/OrganelleClassifyDataset/train/Golgi/43--6800X--0003_Golgi_1.tif,/Users/jason/Desktop/OrganelleClassifyDataset/test/Chloroplast/3gill_002_Chloroplast_2.tif,9a70da1db0a1a3e7,af60c23db990f386,18,False,4
Autosome,Chloroplast,Autosome/PW10--30000X--0075_Autosome_1.tif,Chloroplast/3gill_010_Chloroplast_4.tif,/Users/jason/Desktop/OrganelleClassifyDataset/train/Autosome/PW10--30000X--0075_Autosome_1.tif,/Users/jason/Desktop/OrganelleClassifyDataset/test/Chloroplast/3gill_010_Chloroplast_4.tif,af92902b8d345ef2,ab9694a9ec65f230,18,False,6
Chloroplast,Chloroplast,Chloroplast/379n_004_Chloroplast_1.tif,Chloroplast/3gill_010_Chloroplast_4.tif,/Users/jason/Desktop/OrganelleClassifyDataset/train/Chloroplast/379n_004_Chloroplast_1.tif,/Users/jason/Desktop/OrganelleClassifyDataset/test/Chloroplast/3gill_010_Chloroplast_4.tif,aa9591cacd65d0e6,ab9694a9ec65f230,18,True,6
Chloroplast,Chloroplast,Chloroplast/m-2_004_Chloroplast_2.tif,Chloroplast/3gill_010_Chloroplast_4.tif,/Users/jason/Desktop/OrganelleClassifyDataset/train/Chloroplast/m-2_004_Chloroplast_2.tif,/Users/jason/Desktop/OrganelleClassifyDataset/test/Chloroplast/3gill_010_Chloroplast_4.tif,a5928ac8cee7f170,ab9694a9ec65f230,18,True,6
ER,Chloroplast,ER/52-WT--18500X--0122_ER_1.tif,Chloroplast/3gill_010_Chloroplast_4.tif,/Users/jason/Desktop/OrganelleClassifyDataset/train/ER/52-WT--18500X--0122_ER_1.tif,/Users/jason/Desktop/OrganelleClassifyDataset/test/Chloroplast/3gill_010_Chloroplast_4.tif,f98d1ce94c63e134,ab9694a9ec65f230,18,False,6
Golgi,Chloroplast,Golgi/52-WT--18500X--0134_Golgi_1.tif,Chloroplast/3gill_010_Chloroplast_4.tif,/Users/jason/Desktop/OrganelleClassifyDataset/train/Golgi/52-WT--18500X--0134_Golgi_1.tif,/Users/jason/Desktop/OrganelleClassifyDataset/test/Chloroplast/3gill_010_Chloroplast_4.tif,ad0296e9cce0a7f1,ab9694a9ec65f230,18,False,6
Golgi,Chloroplast,Golgi/64--23000X--0009_Golgi_1.tif,Chloroplast/3gill_010_Chloroplast_4.tif,/Users/jason/Desktop/OrganelleClassifyDataset/train/Golgi/64--23000X--0009_Golgi_1.tif,/Users/jason/Desktop/OrganelleClassifyDataset/test/Chloroplast/3gill_010_Chloroplast_4.tif,ab26b49bcd4d6416,ab9694a9ec65f230,18,False,6
Chloroplast,Chloroplast,Chloroplast/3gill_014_Chloroplast_1.tif,Chloroplast/3gill_014_Chloroplast_3.tif,/Users/jason/Desktop/OrganelleClassifyDataset/train/Chloroplast/3gill_014_Chloroplast_1.tif,/Users/jason/Desktop/OrganelleClassifyDataset/test/Chloroplast/3gill_014_Chloroplast_3.tif,bdbd9ac0e14ce642,aeb7984aa1e4f249,18,True,3
Chloroplast,Chloroplast,Chloroplast/6gill_002_Chloroplast_3.tif,Chloroplast/3gill_014_Chloroplast_3.tif,/Users/jason/Desktop/OrganelleClassifyDataset/train/Chloroplast/6gill_002_Chloroplast_3.tif,/Users/jason/Desktop/OrganelleClassifyDataset/test/Chloroplast/3gill_014_Chloroplast_3.tif,bf9f814ac431d2c9,aeb7984aa1e4f249,18,True,3
Chloroplast,Chloroplast,Chloroplast/M8-1_003_Chloroplast_2.tif,Chloroplast/3gill_014_Chloroplast_3.tif,/Users/jason/Desktop/OrganelleClassifyDataset/train/Chloroplast/M8-1_003_Chloroplast_2.tif,/Users/jason/Desktop/OrganelleClassifyDataset/test/Chloroplast/3gill_014_Chloroplast_3.tif,aab594c28b68db8b,aeb7984aa1e4f249,18,True,3
Chloroplast,Chloroplast,Chloroplast/309c_007_Chloroplast_2.tif,Chloroplast/4.1_006_Chloroplast_1.tif,/Users/jason/Desktop/OrganelleClassifyDataset/train/Chloroplast/309c_007_Chloroplast_2.tif,/Users/jason/Desktop/OrganelleClassifyDataset/test/Chloroplast/4.1_006_Chloroplast_1.tif,f2bdc9609ccc9263,ee35d3e29c4c8689,18,True,4
Chloroplast,Chloroplast,Chloroplast/379n_009_Chloroplast_3.tif,Chloroplast/4.1_006_Chloroplast_1.tif,/Users/jason/Desktop/OrganelleClassifyDataset/train/Chloroplast/379n_009_Chloroplast_3.tif,/Users/jason/Desktop/OrganelleClassifyDataset/test/Chloroplast/4.1_006_Chloroplast_1.tif,ea3e8f67914c9249,ee35d3e29c4c8689,18,True,4
Chloroplast,Chloroplast,Chloroplast/swccday neutral_002_Chloroplast_1.tif,Chloroplast/4.1_006_Chloroplast_1.tif,/Users/jason/Desktop/OrganelleClassifyDataset/train/Chloroplast/swccday neutral_002_Chloroplast_1.tif,/Users/jason/Desktop/OrganelleClassifyDataset/test/Chloroplast/4.1_006_Chloroplast_1.tif,eb379269bcd88c03,ee35d3e29c4c8689,18,True,4
ER,Chloroplast,ER/k+1--6800X--0011_ER_3.tif,Chloroplast/4.1_006_Chloroplast_1.tif,/Users/jason/Desktop/OrganelleClassifyDataset/train/ER/k+1--6800X--0011_ER_3.tif,/Users/jason/Desktop/OrganelleClassifyDataset/test/Chloroplast/4.1_006_Chloroplast_1.tif,b6361bf98ccc83a8,ee35d3e29c4c8689,18,False,4
CellWall,Chloroplast,CellWall/mkb6_005_Cell_Wall_1.tif,Chloroplast/4.1_013_Chloroplast_1.tif,/Users/jason/Desktop/OrganelleClassifyDataset/train/CellWall/mkb6_005_Cell_Wall_1.tif,/Users/jason/Desktop/OrganelleClassifyDataset/test/Chloroplast/4.1_013_Chloroplast_1.tif,de69652d35d3081e,ffe0c9a46dd0281e,18,False,3
ER,Chloroplast,ER/2--30000X--0015_ER_2.tif,Chloroplast/4.1_013_Chloroplast_1.tif,/Users/jason/Desktop/OrganelleClassifyDataset/train/ER/2--30000X--0015_ER_2.tif,/Users/jason/Desktop/OrganelleClassifyDataset/test/Chloroplast/4.1_013_Chloroplast_1.tif,8e8cdba46794a956,ffe0c9a46dd0281e,18,False,3
Mito,Chloroplast,Mito/47--30000X--0017_Mito_1.tif,Chloroplast/4.1_013_Chloroplast_1.tif,/Users/jason/Desktop/OrganelleClassifyDataset/train/Mito/47--30000X--0017_Mito_1.tif,/Users/jason/Desktop/OrganelleClassifyDataset/test/Chloroplast/4.1_013_Chloroplast_1.tif,ff9481e643907a96,ffe0c9a46dd0281e,18,False,3
CellWall,Chloroplast,CellWall/19-1_004_Cell_Wall_1.tif,Chloroplast/5gill_011_Chloroplast_1.tif,/Users/jason/Desktop/OrganelleClassifyDataset/train/CellWall/19-1_004_Cell_Wall_1.tif,/Users/jason/Desktop/OrganelleClassifyDataset/test/Chloroplast/5gill_011_Chloroplast_1.tif,8e41737c3b9786c1,ee48d11639b7e621,18,False,3
ER,Chloroplast,ER/3--6800X--0004_ER_3.tif,Chloroplast/5gill_011_Chloroplast_1.tif,/Users/jason/Desktop/OrganelleClassifyDataset/train/ER/3--6800X--0004_ER_3.tif,/Users/jason/Desktop/OrganelleClassifyDataset/test/Chloroplast/5gill_011_Chloroplast_1.tif,ee4f405a1ca776b0,ee48d11639b7e621,18,False,3
Nucleus,Chloroplast,Nucleus/kw10-6--6800X--0034_Nucleus_1.tif,Chloroplast/5gill_011_Chloroplast_1.tif,/Users/jason/Desktop/OrganelleClassifyDataset/train/Nucleus/kw10-6--6800X--0034_Nucleus_1.tif,/Users/jason/Desktop/OrganelleClassifyDataset/test/Chloroplast/5gill_011_Chloroplast_1.tif,eec0a14f98bed609,ee48d11639b7e621,18,False,3
Autosome,Chloroplast,Autosome/PW10--30000X--0075_Autosome_1.tif,Chloroplast/6gill_008_Chloroplast_1.tif,/Users/jason/Desktop/OrganelleClassifyDataset/train/Autosome/PW10--30000X--0075_Autosome_1.tif,/Users/jason/Desktop/OrganelleClassifyDataset/test/Chloroplast/6gill_008_Chloroplast_1.tif,af92902b8d345ef2,af0eb4bd81b0dae0,18,False,3
Mito,Chloroplast,Mito/ZONG_S3_5.27--23000X--0016_Mito_1.tif,Chloroplast/6gill_008_Chloroplast_1.tif,/Users/jason/Desktop/OrganelleClassifyDataset/train/Mito/ZONG_S3_5.27--23000X--0016_Mito_1.tif,/Users/jason/Desktop/OrganelleClassifyDataset/test/Chloroplast/6gill_008_Chloroplast_1.tif,bf4df4afc09580b0,af0eb4bd81b0dae0,18,False,3
Nucleus,Chloroplast,Nucleus/kw10-7--6800X--0016_Nucleus_1.tif,Chloroplast/6gill_008_Chloroplast_1.tif,/Users/jason/Desktop/OrganelleClassifyDataset/train/Nucleus/kw10-7--6800X--0016_Nucleus_1.tif,/Users/jason/Desktop/OrganelleClassifyDataset/test/Chloroplast/6gill_008_Chloroplast_1.tif,ec00e0bf83f08fe3,af0eb4bd81b0dae0,18,False,3
CellWall,Chloroplast,CellWall/4-llq_008_Cell_Wall_1.tif,Chloroplast/LNNA_004_Chloroplast_12.tif,/Users/jason/Desktop/OrganelleClassifyDataset/train/CellWall/4-llq_008_Cell_Wall_1.tif,/Users/jason/Desktop/OrganelleClassifyDataset/test/Chloroplast/LNNA_004_Chloroplast_12.tif,dbcbc2d213963634,e2c39ef8932616b4,18,False,3
CellWall,Chloroplast,CellWall/zzc3_010_Cell_Wall_3.tif,Chloroplast/LNNA_004_Chloroplast_12.tif,/Users/jason/Desktop/OrganelleClassifyDataset/train/CellWall/zzc3_010_Cell_Wall_3.tif,/Users/jason/Desktop/OrganelleClassifyDataset/test/Chloroplast/LNNA_004_Chloroplast_12.tif,f24ab67c03b504f6,e2c39ef8932616b4,18,False,3
Chloroplast,Chloroplast,Chloroplast/2.1_014_Chloroplast_1.tif,Chloroplast/LNNA_004_Chloroplast_12.tif,/Users/jason/Desktop/OrganelleClassifyDataset/train/Chloroplast/2.1_014_Chloroplast_1.tif,/Users/jason/Desktop/OrganelleClassifyDataset/test/Chloroplast/LNNA_004_Chloroplast_12.tif,eaeb263c9336648c,e2c39ef8932616b4,18,True,3
ER,Chloroplast,ER/k+1--6800X--0009_ER_2.tif,Chloroplast/LNNA_006_Chloroplast_15.tif,/Users/jason/Desktop/OrganelleClassifyDataset/train/ER/k+1--6800X--0009_ER_2.tif,/Users/jason/Desktop/OrganelleClassifyDataset/test/Chloroplast/LNNA_006_Chloroplast_15.tif,8b071ffcfe986088,abc3c3b5fad84809,18,False,1
Autosome,Chloroplast,Autosome/10-SI--23000X--0024_Autosome_1.tif,Chloroplast/M8_014_Chloroplast_9.tif,/Users/jason/Desktop/OrganelleClassifyDataset/train/Autosome/10-SI--23000X--0024_Autosome_1.tif,/Users/jason/Desktop/OrganelleClassifyDataset/test/Chloroplast/M8_014_Chloroplast_9.tif,b6dbda4194835aa6,ae3f8741dc8bda80,18,False,2
Chloroplast,Chloroplast,Chloroplast/M8_014_Chloroplast_8.tif,Chloroplast/M8_014_Chloroplast_9.tif,/Users/jason/Desktop/OrganelleClassifyDataset/train/Chloroplast/M8_014_Chloroplast_8.tif,/Users/jason/Desktop/OrganelleClassifyDataset/test/Chloroplast/M8_014_Chloroplast_9.tif,fe3fa1c094cb914a,ae3f8741dc8bda80,18,True,2
Autosome,Chloroplast,Autosome/LC1-3--23000X--0010_Autosome_2.tif,Chloroplast/cjy-2_002_Chloroplast_1.tif,/Users/jason/Desktop/OrganelleClassifyDataset/train/Autosome/LC1-3--23000X--0010_Autosome_2.tif,/Users/jason/Desktop/OrganelleClassifyDataset/test/Chloroplast/cjy-2_002_Chloroplast_1.tif,acccf131b5da9324,acacf414d6c21737,18,False,4
Chloroplast,Chloroplast,Chloroplast/2gill_002_Chloroplast_2.tif,Chloroplast/cjy-2_002_Chloroplast_1.tif,/Users/jason/Desktop/OrganelleClassifyDataset/train/Chloroplast/2gill_002_Chloroplast_2.tif,/Users/jason/Desktop/OrganelleClassifyDataset/test/Chloroplast/cjy-2_002_Chloroplast_1.tif,aac0b434de8bc937,acacf414d6c21737,18,True,4
Mito,Chloroplast,Mito/44--23000X--0013_Mito_2.tif,Chloroplast/cjy-2_002_Chloroplast_1.tif,/Users/jason/Desktop/OrganelleClassifyDataset/train/Mito/44--23000X--0013_Mito_2.tif,/Users/jason/Desktop/OrganelleClassifyDataset/test/Chloroplast/cjy-2_002_Chloroplast_1.tif,a8aa96d486d6945f,acacf414d6c21737,18,False,4
Mito,Chloroplast,Mito/WT+LA--30000X--0018_Mito_1.tif,Chloroplast/cjy-2_002_Chloroplast_1.tif,/Users/jason/Desktop/OrganelleClassifyDataset/train/Mito/WT+LA--30000X--0018_Mito_1.tif,/Users/jason/Desktop/OrganelleClassifyDataset/test/Chloroplast/cjy-2_002_Chloroplast_1.tif,a9ade01cd26b4b63,acacf414d6c21737,18,False,4
Chloroplast,Chloroplast,Chloroplast/379n_009_Chloroplast_8.tif,Chloroplast/cjy-2_012_Chloroplast_2.tif,/Users/jason/Desktop/OrganelleClassifyDataset/train/Chloroplast/379n_009_Chloroplast_8.tif,/Users/jason/Desktop/OrganelleClassifyDataset/test/Chloroplast/cjy-2_012_Chloroplast_2.tif,ba6bd274c9224c79,b648d2f69dc3c419,18,True,3
Chloroplast,Chloroplast,Chloroplast/M9-1_002_Chloroplast_1.tif,Chloroplast/cjy-2_012_Chloroplast_2.tif,/Users/jason/Desktop/OrganelleClassifyDataset/train/Chloroplast/M9-1_002_Chloroplast_1.tif,/Users/jason/Desktop/OrganelleClassifyDataset/test/Chloroplast/cjy-2_012_Chloroplast_2.tif,ab4790bc9fc6c491,b648d2f69dc3c419,18,True,3
Mito,Chloroplast,Mito/ZONG_S3_5.27--23000X--0018_Mito_3.tif,Chloroplast/cjy-2_012_Chloroplast_2.tif,/Users/jason/Desktop/OrganelleClassifyDataset/train/Mito/ZONG_S3_5.27--23000X--0018_Mito_3.tif,/Users/jason/Desktop/OrganelleClassifyDataset/test/Chloroplast/cjy-2_012_Chloroplast_2.tif,b6eb82d693808c9f,b648d2f69dc3c419,18,False,3
Mito,Chloroplast,Mito/M_J81--11000X--0018_Mito_1.tif,Chloroplast/cjy-2_013_Chloroplast_1.tif,/Users/jason/Desktop/OrganelleClassifyDataset/train/Mito/M_J81--11000X--0018_Mito_1.tif,/Users/jason/Desktop/OrganelleClassifyDataset/test/Chloroplast/cjy-2_013_Chloroplast_1.tif,ff50e12a863d923c,ae40d51e233db26e,18,False,2
Mito,Chloroplast,Mito/WT1--23000X--0016_Mito_1.tif,Chloroplast/cjy-2_013_Chloroplast_1.tif,/Users/jason/Desktop/OrganelleClassifyDataset/train/Mito/WT1--23000X--0016_Mito_1.tif,/Users/jason/Desktop/OrganelleClassifyDataset/test/Chloroplast/cjy-2_013_Chloroplast_1.tif,ae239556917c9b64,ae40d51e233db26e,18,False,2
Autosome,Chloroplast,Autosome/1-3-hkf--6800X--0007_Autosome_1.tif,Chloroplast/cjy-2_013_Chloroplast_2.tif,/Users/jason/Desktop/OrganelleClassifyDataset/train/Autosome/1-3-hkf--6800X--0007_Autosome_1.tif,/Users/jason/Desktop/OrganelleClassifyDataset/test/Chloroplast/cjy-2_013_Chloroplast_2.tif,a9c49674d81965eb,c1c0ce9cda1b638f,18,False,2
Golgi,Chloroplast,Golgi/4MM--9300X--0006_Golgi_1.tif,Chloroplast/cjy-2_013_Chloroplast_2.tif,/Users/jason/Desktop/OrganelleClassifyDataset/train/Golgi/4MM--9300X--0006_Golgi_1.tif,/Users/jason/Desktop/OrganelleClassifyDataset/test/Chloroplast/cjy-2_013_Chloroplast_2.tif,e5d082cd9a9265e7,c1c0ce9cda1b638f,18,False,2
CellWall,Chloroplast,CellWall/mkb8_008_Cell_Wall_3.tif,Chloroplast/m-7_009_Chloroplast_2.tif,/Users/jason/Desktop/OrganelleClassifyDataset/train/CellWall/mkb8_008_Cell_Wall_3.tif,/Users/jason/Desktop/OrganelleClassifyDataset/test/Chloroplast/m-7_009_Chloroplast_2.tif,b9a392486c4fb716,faab9045740f9e0b,18,False,1
Autosome,Chloroplast,Autosome/ZYZ--49000X--0001_Autosome_2.tif,Chloroplast/zb1_006_Chloroplast_1.tif,/Users/jason/Desktop/OrganelleClassifyDataset/train/Autosome/ZYZ--49000X--0001_Autosome_2.tif,/Users/jason/Desktop/OrganelleClassifyDataset/test/Chloroplast/zb1_006_Chloroplast_1.tif,afff84e29e049a03,fd1f8e62942692a9,18,False,7
CellWall,Chloroplast,CellWall/mkb4_007_Cell_Wall_3.tif,Chloroplast/zb1_006_Chloroplast_1.tif,/Users/jason/Desktop/OrganelleClassifyDataset/train/CellWall/mkb4_007_Cell_Wall_3.tif,/Users/jason/Desktop/OrganelleClassifyDataset/test/Chloroplast/zb1_006_Chloroplast_1.tif,bd5e252794a452ae,fd1f8e62942692a9,18,False,7
Chloroplast,Chloroplast,Chloroplast/2.1_008_Chloroplast_2.tif,Chloroplast/zb1_006_Chloroplast_1.tif,/Users/jason/Desktop/OrganelleClassifyDataset/train/Chloroplast/2.1_008_Chloroplast_2.tif,/Users/jason/Desktop/OrganelleClassifyDataset/test/Chloroplast/zb1_006_Chloroplast_1.tif,df8dc86ea53082e9,fd1f8e62942692a9,18,True,7
Chloroplast,Chloroplast,Chloroplast/379n_009_Chloroplast_3.tif,Chloroplast/zb1_006_Chloroplast_1.tif,/Users/jason/Desktop/OrganelleClassifyDataset/train/Chloroplast/379n_009_Chloroplast_3.tif,/Users/jason/Desktop/OrganelleClassifyDataset/test/Chloroplast/zb1_006_Chloroplast_1.tif,ea3e8f67914c9249,fd1f8e62942692a9,18,True,7
Chloroplast,Chloroplast,Chloroplast/6gill_002_Chloroplast_3.tif,Chloroplast/zb1_006_Chloroplast_1.tif,/Users/jason/Desktop/OrganelleClassifyDataset/train/Chloroplast/6gill_002_Chloroplast_3.tif,/Users/jason/Desktop/OrganelleClassifyDataset/test/Chloroplast/zb1_006_Chloroplast_1.tif,bf9f814ac431d2c9,fd1f8e62942692a9,18,True,7
Chloroplast,Chloroplast,Chloroplast/swccshort day_007_Chloroplast_2.tif,Chloroplast/zb1_006_Chloroplast_1.tif,/Users/jason/Desktop/OrganelleClassifyDataset/train/Chloroplast/swccshort day_007_Chloroplast_2.tif,/Users/jason/Desktop/OrganelleClassifyDataset/test/Chloroplast/zb1_006_Chloroplast_1.tif,ff109f72986398c1,fd1f8e62942692a9,18,True,7
Chloroplast,Chloroplast,Chloroplast/wbb-1_005_Chloroplast_1.tif,Chloroplast/zb1_006_Chloroplast_1.tif,/Users/jason/Desktop/OrganelleClassifyDataset/train/Chloroplast/wbb-1_005_Chloroplast_1.tif,/Users/jason/Desktop/OrganelleClassifyDataset/test/Chloroplast/zb1_006_Chloroplast_1.tif,bf1f80129728dbe1,fd1f8e62942692a9,18,True,7
Autosome,ER,Autosome/PG1--98000X--0024_Autosome_1.tif,ER/#49--23000X--0020_ER_1.tif,/Users/jason/Desktop/OrganelleClassifyDataset/train/Autosome/PG1--98000X--0024_Autosome_1.tif,/Users/jason/Desktop/OrganelleClassifyDataset/test/ER/#49--23000X--0020_ER_1.tif,91d2a52d6a6b5b64,95b1ad8dc2e2ca65,18,False,4
CellWall,ER,CellWall/15-1_010_Cell_Wall_2.tif,ER/#49--23000X--0020_ER_1.tif,/Users/jason/Desktop/OrganelleClassifyDataset/train/CellWall/15-1_010_Cell_Wall_2.tif,/Users/jason/Desktop/OrganelleClassifyDataset/test/ER/#49--23000X--0020_ER_1.tif,d5b561cd9b628c70,95b1ad8dc2e2ca65,18,False,4
CellWall,ER,CellWall/5gill_005_Cell_Wall_3.tif,ER/#49--23000X--0020_ER_1.tif,/Users/jason/Desktop/OrganelleClassifyDataset/train/CellWall/5gill_005_Cell_Wall_3.tif,/Users/jason/Desktop/OrganelleClassifyDataset/test/ER/#49--23000X--0020_ER_1.tif,f53231c6e2e5ca45,95b1ad8dc2e2ca65,18,False,4
Vesicles,ER,Vesicles/3--30000X--0011_Vesicles_2.tif,ER/#49--23000X--0020_ER_1.tif,/Users/jason/Desktop/OrganelleClassifyDataset/train/Vesicles/3--30000X--0011_Vesicles_2.tif,/Users/jason/Desktop/OrganelleClassifyDataset/test/ER/#49--23000X--0020_ER_1.tif,d8b52599d2a1cf23,95b1ad8dc2e2ca65,18,False,4
CellWall,ER,CellWall/lyn15_008_Cell_Wall_1.tif,ER/2+--30000X--0012_ER_3.tif,/Users/jason/Desktop/OrganelleClassifyDataset/train/CellWall/lyn15_008_Cell_Wall_1.tif,/Users/jason/Desktop/OrganelleClassifyDataset/test/ER/2+--30000X--0012_ER_3.tif,e24849d3c6d2f333,c24ca95bd253e53c,18,False,1
Golgi,ER,Golgi/44--23000X--0017_Golgi_2.tif,ER/2+--6800X--0001_ER_1.tif,/Users/jason/Desktop/OrganelleClassifyDataset/train/Golgi/44--23000X--0017_Golgi_2.tif,/Users/jason/Desktop/OrganelleClassifyDataset/test/ER/2+--6800X--0001_ER_1.tif,8647dedc3a3a3431,a461dbec925a6473,18,False,1
ER,ER,ER/PG3--9300X--0008_ER_1.tif,ER/2+--6800X--0003_ER_2.tif,/Users/jason/Desktop/OrganelleClassifyDataset/train/ER/PG3--9300X--0008_ER_1.tif,/Users/jason/Desktop/OrganelleClassifyDataset/test/ER/2+--6800X--0003_ER_2.tif,b52ad3c348b2a679,e03ac1d55db29a69,18,True,2
Golgi,ER,Golgi/45--9300X--0003_Golgi_1.tif,ER/2+--6800X--0003_ER_2.tif,/Users/jason/Desktop/OrganelleClassifyDataset/train/Golgi/45--9300X--0003_Golgi_1.tif,/Users/jason/Desktop/OrganelleClassifyDataset/test/ER/2+--6800X--0003_ER_2.tif,e8f3c1d670fa8e08,e03ac1d55db29a69,18,False,2
CellWall,ER,CellWall/lyn11_004_Cell_Wall_1.tif,ER/2+--6800X--0003_ER_5.tif,/Users/jason/Desktop/OrganelleClassifyDataset/train/CellWall/lyn11_004_Cell_Wall_1.tif,/Users/jason/Desktop/OrganelleClassifyDataset/test/ER/2+--6800X--0003_ER_5.tif,e131e1438edf49ac,f6b1c163c67499a8,18,False,4
Mito,ER,Mito/#3--23000X--0026_Mito_1.tif,ER/2+--6800X--0003_ER_5.tif,/Users/jason/Desktop/OrganelleClassifyDataset/train/Mito/#3--23000X--0026_Mito_1.tif,/Users/jason/Desktop/OrganelleClassifyDataset/test/ER/2+--6800X--0003_ER_5.tif,faa8c101c4d4d7be,f6b1c163c67499a8,18,False,4
Mito,ER,Mito/ZONG_S3_5.27--23000X--0016_Mito_3.tif,ER/2+--6800X--0003_ER_5.tif,/Users/jason/Desktop/OrganelleClassifyDataset/train/Mito/ZONG_S3_5.27--23000X--0016_Mito_3.tif,/Users/jason/Desktop/OrganelleClassifyDataset/test/ER/2+--6800X--0003_ER_5.tif,f448c347c2459fad,f6b1c163c67499a8,18,False,4
Nucleus,ER,Nucleus/wt-8--6800X--0017_Nucleus_1.tif,ER/2+--6800X--0003_ER_5.tif,/Users/jason/Desktop/OrganelleClassifyDataset/train/Nucleus/wt-8--6800X--0017_Nucleus_1.tif,/Users/jason/Desktop/OrganelleClassifyDataset/test/ER/2+--6800X--0003_ER_5.tif,fa54e163d641d88e,f6b1c163c67499a8,18,False,4
Vesicles,ER,Vesicles/1-1shiyan--6800X--0012_Vesicles_1.tif,ER/2+--6800X--0003_ER_8.tif,/Users/jason/Desktop/OrganelleClassifyDataset/train/Vesicles/1-1shiyan--6800X--0012_Vesicles_1.tif,/Users/jason/Desktop/OrganelleClassifyDataset/test/ER/2+--6800X--0003_ER_8.tif,c2f63cf4320fc34a,81f6156c326dcfd0,18,False,1
CellWall,ER,CellWall/17-1_004_Cell_Wall_1.tif,ER/2+--6800X--0006_ER_3.tif,/Users/jason/Desktop/OrganelleClassifyDataset/train/CellWall/17-1_004_Cell_Wall_1.tif,/Users/jason/Desktop/OrganelleClassifyDataset/test/ER/2+--6800X--0006_ER_3.tif,99666c71328dcb4b,80ebfe4932a8da4b,18,False,2
CellWall,ER,CellWall/zzc4_012_Cell_Wall_3.tif,ER/2+--6800X--0006_ER_3.tif,/Users/jason/Desktop/OrganelleClassifyDataset/train/CellWall/zzc4_012_Cell_Wall_3.tif,/Users/jason/Desktop/OrganelleClassifyDataset/test/ER/2+--6800X--0006_ER_3.tif,a5a93b6bc2a85e4a,80ebfe4932a8da4b,18,False,2
CellWall,ER,CellWall/qm-2_001_Cell_Wall_5.tif,ER/2+--6800X--0009_ER_2.tif,/Users/jason/Desktop/OrganelleClassifyDataset/train/CellWall/qm-2_001_Cell_Wall_5.tif,/Users/jason/Desktop/OrganelleClassifyDataset/test/ER/2+--6800X--0009_ER_2.tif,e2717977c8e50685,e66c7b706a550587,18,False,2
Golgi,ER,Golgi/46--6800X--0010_Golgi_1.tif,ER/2+--6800X--0009_ER_2.tif,/Users/jason/Desktop/OrganelleClassifyDataset/train/Golgi/46--6800X--0010_Golgi_1.tif,/Users/jason/Desktop/OrganelleClassifyDataset/test/ER/2+--6800X--0009_ER_2.tif,ee41d968aa55a1ad,e66c7b706a550587,18,False,2
Chloroplast,ER,Chloroplast/cjy-2_005_Chloroplast_2.tif,ER/2+--6800X--0010_ER_4.tif,/Users/jason/Desktop/OrganelleClassifyDataset/train/Chloroplast/cjy-2_005_Chloroplast_2.tif,/Users/jason/Desktop/OrganelleClassifyDataset/test/ER/2+--6800X--0010_ER_4.tif,ee019be01973d2dc,fe81bf2098425f99,18,False,2
Chloroplast,ER,Chloroplast/swccshort day_007_Chloroplast_2.tif,ER/2+--6800X--0010_ER_4.tif,/Users/jason/Desktop/OrganelleClassifyDataset/train/Chloroplast/swccshort day_007_Chloroplast_2.tif,/Users/jason/Desktop/OrganelleClassifyDataset/test/ER/2+--6800X--0010_ER_4.tif,ff109f72986398c1,fe81bf2098425f99,18,False,2
CellWall,ER,CellWall/lyn10_008_Cell_Wall_2.tif,ER/2--30000X--0015_ER_1.tif,/Users/jason/Desktop/OrganelleClassifyDataset/train/CellWall/lyn10_008_Cell_Wall_2.tif,/Users/jason/Desktop/OrganelleClassifyDataset/test/ER/2--30000X--0015_ER_1.tif,e565ad2956b49392,a27589a576349e95,18,False,1
CellWall,ER,CellWall/lyn5_008_Cell_Wall_1.tif,ER/2--30000X--0018_ER_1.tif,/Users/jason/Desktop/OrganelleClassifyDataset/train/CellWall/lyn5_008_Cell_Wall_1.tif,/Users/jason/Desktop/OrganelleClassifyDataset/test/ER/2--30000X--0018_ER_1.tif,b3b3c92c7201dee8,bf9b492453526cf0,18,False,3
Nucleus,ER,Nucleus/kw10-3--6800X--0050_Nucleus_1.tif,ER/2--30000X--0018_ER_1.tif,/Users/jason/Desktop/OrganelleClassifyDataset/train/Nucleus/kw10-3--6800X--0050_Nucleus_1.tif,/Users/jason/Desktop/OrganelleClassifyDataset/test/ER/2--30000X--0018_ER_1.tif,dbd36820f072ced1,bf9b492453526cf0,18,False,3
Nucleus,ER,Nucleus/kw10-6--6800X--0027_Nucleus_2.tif,ER/2--30000X--0018_ER_1.tif,/Users/jason/Desktop/OrganelleClassifyDataset/train/Nucleus/kw10-6--6800X--0027_Nucleus_2.tif,/Users/jason/Desktop/OrganelleClassifyDataset/test/ER/2--30000X--0018_ER_1.tif,ff997064541e66c4,bf9b492453526cf0,18,False,3
CellWall,ER,CellWall/mkb9_002_Cell_Wall_1.tif,ER/3--6800X--0004_ER_1.tif,/Users/jason/Desktop/OrganelleClassifyDataset/train/CellWall/mkb9_002_Cell_Wall_1.tif,/Users/jason/Desktop/OrganelleClassifyDataset/test/ER/3--6800X--0004_ER_1.tif,f928b316de1ccc89,8eb8b397dd184ca4,18,False,3
Vesicles,ER,Vesicles/#3--23000X--0029_Vesicles_1.tif,ER/3--6800X--0004_ER_1.tif,/Users/jason/Desktop/OrganelleClassifyDataset/train/Vesicles/#3--23000X--0029_Vesicles_1.tif,/Users/jason/Desktop/OrganelleClassifyDataset/test/ER/3--6800X--0004_ER_1.tif,cb993815d998ccc7,8eb8b397dd184ca4,18,False,3
Vesicles,ER,Vesicles/3--30000X--0011_Vesicles_1.tif,ER/3--6800X--0004_ER_1.tif,/Users/jason/Desktop/OrganelleClassifyDataset/train/Vesicles/3--30000X--0011_Vesicles_1.tif,/Users/jason/Desktop/OrganelleClassifyDataset/test/ER/3--6800X--0004_ER_1.tif,afb1305fcb385e20,8eb8b397dd184ca4,18,False,3
Autosome,ER,Autosome/ls--49000X--0047_Autosome_1.tif,ER/3--6800X--0004_ER_2.tif,/Users/jason/Desktop/OrganelleClassifyDataset/train/Autosome/ls--49000X--0047_Autosome_1.tif,/Users/jason/Desktop/OrganelleClassifyDataset/test/ER/3--6800X--0004_ER_2.tif,84891a3265df3d6d,ed095c3244c53bfc,18,False,2
CellWall,ER,CellWall/tjq-4_006_Cell_Wall_1.tif,ER/3--6800X--0004_ER_2.tif,/Users/jason/Desktop/OrganelleClassifyDataset/train/CellWall/tjq-4_006_Cell_Wall_1.tif,/Users/jason/Desktop/OrganelleClassifyDataset/test/ER/3--6800X--0004_ER_2.tif,e4cd0c33ee0433ee,ed095c3244c53bfc,18,False,2
Golgi,ER,Golgi/6W-CD4-Ctrl2--30000X--0238_Golgi_2.tif,ER/3--6800X--0004_ER_4.tif,/Users/jason/Desktop/OrganelleClassifyDataset/train/Golgi/6W-CD4-Ctrl2--30000X--0238_Golgi_2.tif,/Users/jason/Desktop/OrganelleClassifyDataset/test/ER/3--6800X--0004_ER_4.tif,c083ceb775495ab2,c1034db3666df89c,18,False,1
Autosome,ER,Autosome/PG1--98000X--0018_Autosome_1.tif,ER/3W-CD4-10nm_GR-1--30000X--0033_ER_1.tif,/Users/jason/Desktop/OrganelleClassifyDataset/train/Autosome/PG1--98000X--0018_Autosome_1.tif,/Users/jason/Desktop/OrganelleClassifyDataset/test/ER/3W-CD4-10nm_GR-1--30000X--0033_ER_1.tif,e19e98613de732c4,cd5e98698da25e54,18,False,4
Autosome,ER,Autosome/PW10--30000X--0075_Autosome_1.tif,ER/3W-CD4-10nm_GR-1--30000X--0033_ER_1.tif,/Users/jason/Desktop/OrganelleClassifyDataset/train/Autosome/PW10--30000X--0075_Autosome_1.tif,/Users/jason/Desktop/OrganelleClassifyDataset/test/ER/3W-CD4-10nm_GR-1--30000X--0033_ER_1.tif,af92902b8d345ef2,cd5e98698da25e54,18,False,4
Autosome,ER,Autosome/ZYZ--49000X--0001_Autosome_1.tif,ER/3W-CD4-10nm_GR-1--30000X--0033_ER_1.tif,/Users/jason/Desktop/OrganelleClassifyDataset/train/Autosome/ZYZ--49000X--0001_Autosome_1.tif,/Users/jason/Desktop/OrganelleClassifyDataset/test/ER/3W-CD4-10nm_GR-1--30000X--0033_ER_1.tif,ffd8d0c98dc66604,cd5e98698da25e54,18,False,4
CellWall,ER,CellWall/HST-TREAT_006_Cell_Wall_2.tif,ER/3W-CD4-10nm_GR-1--30000X--0033_ER_1.tif,/Users/jason/Desktop/OrganelleClassifyDataset/train/CellWall/HST-TREAT_006_Cell_Wall_2.tif,/Users/jason/Desktop/OrganelleClassifyDataset/test/ER/3W-CD4-10nm_GR-1--30000X--0033_ER_1.tif,99f6b82d8f81c474,cd5e98698da25e54,18,False,4
Golgi,ER,Golgi/43--9300X--0002_Golgi_2.tif,ER/3W-CD4-10nm_GR-1--30000X--0051_ER_2.tif,/Users/jason/Desktop/OrganelleClassifyDataset/train/Golgi/43--9300X--0002_Golgi_2.tif,/Users/jason/Desktop/OrganelleClassifyDataset/test/ER/3W-CD4-10nm_GR-1--30000X--0051_ER_2.tif,bb459bc9f0ca68a2,ab8c13cf71d278c4,18,False,2
Golgi,ER,Golgi/6W-10nm_GR-2--30000X--0056_Golgi_1.tif,ER/3W-CD4-10nm_GR-1--30000X--0051_ER_2.tif,/Users/jason/Desktop/OrganelleClassifyDataset/train/Golgi/6W-10nm_GR-2--30000X--0056_Golgi_1.tif,/Users/jason/Desktop/OrganelleClassifyDataset/test/ER/3W-CD4-10nm_GR-1--30000X--0051_ER_2.tif,a88ebbdf60c0b0e3,ab8c13cf71d278c4,18,False,2
CellWall,ER,CellWall/12-1-1_008_Cell_Wall_2.tif,ER/3W-CD4-Ctrl2--13000X--0003_ER_2.tif,/Users/jason/Desktop/OrganelleClassifyDataset/train/CellWall/12-1-1_008_Cell_Wall_2.tif,/Users/jason/Desktop/OrganelleClassifyDataset/test/ER/3W-CD4-Ctrl2--13000X--0003_ER_2.tif,92ed241bc4d2bd2e,a37d602f44a2f53c,18,False,1
Mito,ER,Mito/R3--49000X--0020_Mito_1.tif,ER/3W-CD4-Ctrl2--30000X--0071_ER_2.tif,/Users/jason/Desktop/OrganelleClassifyDataset/train/Mito/R3--49000X--0020_Mito_1.tif,/Users/jason/Desktop/OrganelleClassifyDataset/test/ER/3W-CD4-Ctrl2--30000X--0071_ER_2.tif,aac681ae8f2d4f0d,9a66202e373f1e0f,18,False,1
Golgi,ER,Golgi/wt--30000X--0017_Golgi_1.tif,ER/3W-CD4-Ctrl2--30000X--0101_ER_1.tif,/Users/jason/Desktop/OrganelleClassifyDataset/train/Golgi/wt--30000X--0017_Golgi_1.tif,/Users/jason/Desktop/OrganelleClassifyDataset/test/ER/3W-CD4-Ctrl2--30000X--0101_ER_1.tif,aab452a3cd4eb8b1,aad555aa644cba36,18,False,1
ER,ER,ER/2+--6800X--0006_ER_4.tif,ER/3W-CD4-Ctrl3--30000X--0040_ER_1.tif,/Users/jason/Desktop/OrganelleClassifyDataset/train/ER/2+--6800X--0006_ER_4.tif,/Users/jason/Desktop/OrganelleClassifyDataset/test/ER/3W-CD4-Ctrl3--30000X--0040_ER_1.tif,d75e5052da51d954,e64d1b12de51c378,18,True,3
Mito,ER,Mito/wt-8--13000X--0037_Mito_1.tif,ER/3W-CD4-Ctrl3--30000X--0040_ER_1.tif,/Users/jason/Desktop/OrganelleClassifyDataset/train/Mito/wt-8--13000X--0037_Mito_1.tif,/Users/jason/Desktop/OrganelleClassifyDataset/test/ER/3W-CD4-Ctrl3--30000X--0040_ER_1.tif,e05f150ede118f56,e64d1b12de51c378,18,False,3
Vesicles,ER,Vesicles/1-3-hkf--6800X--0008_Vesicles_2.tif,ER/3W-CD4-Ctrl3--30000X--0040_ER_1.tif,/Users/jason/Desktop/OrganelleClassifyDataset/train/Vesicles/1-3-hkf--6800X--0008_Vesicles_2.tif,/Users/jason/Desktop/OrganelleClassifyDataset/test/ER/3W-CD4-Ctrl3--30000X--0040_ER_1.tif,9e872112de43da7c,e64d1b12de51c378,18,False,3
CellWall,ER,CellWall/qm-2_013_Cell_Wall_2.tif,ER/5.7w-1--30000X--0024_ER_1.tif,/Users/jason/Desktop/OrganelleClassifyDataset/train/CellWall/qm-2_013_Cell_Wall_2.tif,/Users/jason/Desktop/OrganelleClassifyDataset/test/ER/5.7w-1--30000X--0024_ER_1.tif,eaa5249672726b93,eaac04b37a685976,18,False,1
ER,ER,ER/kw10-1--13000X--0085_ER_1.tif,ER/58-WT--18500X--0001_ER_1.tif,/Users/jason/Desktop/OrganelleClassifyDataset/train/ER/kw10-1--13000X--0085_ER_1.tif,/Users/jason/Desktop/OrganelleClassifyDataset/test/ER/58-WT--18500X--0001_ER_1.tif,c7ef6b206b123233,84e669666b285eb3,18,True,1
Golgi,ER,Golgi/49--9300X--0001_Golgi_2.tif,ER/58-WT--18500X--0029_ER_1.tif,/Users/jason/Desktop/OrganelleClassifyDataset/train/Golgi/49--9300X--0001_Golgi_2.tif,/Users/jason/Desktop/OrganelleClassifyDataset/test/ER/58-WT--18500X--0029_ER_1.tif,f4539fc9c4d0491e,a2565f4c46f149bc,18,False,1
Autosome,ER,Autosome/1-1shiyan--23000X--0016_Autosome_2.tif,ER/63--23000X--0011_ER_1.tif,/Users/jason/Desktop/OrganelleClassifyDataset/train/Autosome/1-1shiyan--23000X--0016_Autosome_2.tif,/Users/jason/Desktop/OrganelleClassifyDataset/test/ER/63--23000X--0011_ER_1.tif,f7eac02d0e9236e8,e44bc0edee5227a4,18,False,2
ER,ER,ER/52-WT--18500X--0096_ER_1.tif,ER/63--23000X--0011_ER_1.tif,/Users/jason/Desktop/OrganelleClassifyDataset/train/ER/52-WT--18500X--0096_ER_1.tif,/Users/jason/Desktop/OrganelleClassifyDataset/test/ER/63--23000X--0011_ER_1.tif,850dc879eb5255a7,e44bc0edee5227a4,18,True,2
Chloroplast,ER,Chloroplast/qm-2_024_Chloroplast_1.tif,ER/70-WT--18500X--0007_ER_1.tif,/Users/jason/Desktop/OrganelleClassifyDataset/train/Chloroplast/qm-2_024_Chloroplast_1.tif,/Users/jason/Desktop/OrganelleClassifyDataset/test/ER/70-WT--18500X--0007_ER_1.tif,ff1d8a61b05a31d8,de09c2617896b778,18,False,1
CellWall,ER,CellWall/mkb9_010_Cell_Wall_1.tif,ER/LA--30000X--0012_ER_1.tif,/Users/jason/Desktop/OrganelleClassifyDataset/train/CellWall/mkb9_010_Cell_Wall_1.tif,/Users/jason/Desktop/OrganelleClassifyDataset/test/ER/LA--30000X--0012_ER_1.tif,a9095690ab53feac,b8014f92b7a9daac,18,False,1
Golgi,ER,Golgi/5.7W+1--6800X--0010_Golgi_1.tif,ER/ONC_0DAY_2--23000X--0004_ER_1.tif,/Users/jason/Desktop/OrganelleClassifyDataset/train/Golgi/5.7W+1--6800X--0010_Golgi_1.tif,/Users/jason/Desktop/OrganelleClassifyDataset/test/ER/ONC_0DAY_2--23000X--0004_ER_1.tif,bb0fc21c758c30cf,be07e84d609c84ef,18,False,2
Nucleus,ER,Nucleus/kw10-1--6800X--0044_Nucleus_1.tif,ER/ONC_0DAY_2--23000X--0004_ER_1.tif,/Users/jason/Desktop/OrganelleClassifyDataset/train/Nucleus/kw10-1--6800X--0044_Nucleus_1.tif,/Users/jason/Desktop/OrganelleClassifyDataset/test/ER/ONC_0DAY_2--23000X--0004_ER_1.tif,be88716dc49c8aec,be07e84d609c84ef,18,False,2
Chloroplast,ER,Chloroplast/3gill_010_Chloroplast_5.tif,ER/PS-N--23000X--0028_ER_1.tif,/Users/jason/Desktop/OrganelleClassifyDataset/train/Chloroplast/3gill_010_Chloroplast_5.tif,/Users/jason/Desktop/OrganelleClassifyDataset/test/ER/PS-N--23000X--0028_ER_1.tif,fae0ca97c6dc8948,fe709c9184d9d84d,18,False,3
Chloroplast,ER,Chloroplast/swccshort day_003_Chloroplast_2.tif,ER/PS-N--23000X--0028_ER_1.tif,/Users/jason/Desktop/OrganelleClassifyDataset/train/Chloroplast/swccshort day_003_Chloroplast_2.tif,/Users/jason/Desktop/OrganelleClassifyDataset/test/ER/PS-N--23000X--0028_ER_1.tif,fe1480f896d3934d,fe709c9184d9d84d,18,False,3
Chloroplast,ER,Chloroplast/zb2_023_Chloroplast_2.tif,ER/PS-N--23000X--0028_ER_1.tif,/Users/jason/Desktop/OrganelleClassifyDataset/train/Chloroplast/zb2_023_Chloroplast_2.tif,/Users/jason/Desktop/OrganelleClassifyDataset/test/ER/PS-N--23000X--0028_ER_1.tif,aaf0b182c5cdca5d,fe709c9184d9d84d,18,False,3
Mito,ER,Mito/ZONG_S3_5.27--23000X--0023_Mito_3.tif,ER/k+1--6800X--0010_ER_1.tif,/Users/jason/Desktop/OrganelleClassifyDataset/train/Mito/ZONG_S3_5.27--23000X--0023_Mito_3.tif,/Users/jason/Desktop/OrganelleClassifyDataset/test/ER/k+1--6800X--0010_ER_1.tif,b197d1d388ebad08,8f9f89d888cbb9a0,18,False,1
CellWall,ER,CellWall/18-1_001_Cell_Wall_3.tif,ER/kw10-1--13000X--0085_ER_2.tif,/Users/jason/Desktop/OrganelleClassifyDataset/train/CellWall/18-1_001_Cell_Wall_3.tif,/Users/jason/Desktop/OrganelleClassifyDataset/test/ER/kw10-1--13000X--0085_ER_2.tif,92ebb5961b894e0b,c163fd0717885a2f,18,False,1
Vesicles,ER,Vesicles/1-3-hkf--6800X--0004_Vesicles_3.tif,ER/l--9300X--0013_ER_2.tif,/Users/jason/Desktop/OrganelleClassifyDataset/train/Vesicles/1-3-hkf--6800X--0004_Vesicles_3.tif,/Users/jason/Desktop/OrganelleClassifyDataset/test/ER/l--9300X--0013_ER_2.tif,8a8a3d68d764ce36,abca29ea5446e6a3,18,False,1
Chloroplast,ER,Chloroplast/HNWT_006_Chloroplast_11.tif,ER/l--9300X--0031_ER_1.tif,/Users/jason/Desktop/OrganelleClassifyDataset/train/Chloroplast/HNWT_006_Chloroplast_11.tif,/Users/jason/Desktop/OrganelleClassifyDataset/test/ER/l--9300X--0031_ER_1.tif,ffe483b79c9c1030,a7cda7b75d503420,18,False,1
Chloroplast,Golgi,Chloroplast/HNNA_001_Chloroplast_8.tif,Golgi/#3--6800X--0009_Golgi_2.tif,/Users/jason/Desktop/OrganelleClassifyDataset/train/Chloroplast/HNNA_001_Chloroplast_8.tif,/Users/jason/Desktop/OrganelleClassifyDataset/test/Golgi/#3--6800X--0009_Golgi_2.tif,a70cf9b0c58c39d3,8704787f878cb4e3,18,False,2
Nucleus,Golgi,Nucleus/kw10-3--6800X--0048_Nucleus_1.tif,Golgi/#3--6800X--0009_Golgi_2.tif,/Users/jason/Desktop/OrganelleClassifyDataset/train/Nucleus/kw10-3--6800X--0048_Nucleus_1.tif,/Users/jason/Desktop/OrganelleClassifyDataset/test/Golgi/#3--6800X--0009_Golgi_2.tif,976c784b87ab9544,8704787f878cb4e3,18,False,2
Mito,Golgi,Mito/44--23000X--0013_Mito_2.tif,Golgi/#54--23000X--0022_Golgi_1.tif,/Users/jason/Desktop/OrganelleClassifyDataset/train/Mito/44--23000X--0013_Mito_2.tif,/Users/jason/Desktop/OrganelleClassifyDataset/test/Golgi/#54--23000X--0022_Golgi_1.tif,a8aa96d486d6945f,b0c6870e86d73c4f,18,False,1
Golgi,Golgi,Golgi/47--6800X--0015_Golgi_1.tif,Golgi/#54--6800X--0012_Golgi_3.tif,/Users/jason/Desktop/OrganelleClassifyDataset/train/Golgi/47--6800X--0015_Golgi_1.tif,/Users/jason/Desktop/OrganelleClassifyDataset/test/Golgi/#54--6800X--0012_Golgi_3.tif,e9845ab3de1cd982,a0045dabfa54dcba,18,True,1
ER,Golgi,ER/3W-CD4-10nm_GR-1--13000X--0007_ER_2.tif,Golgi/1-11000X--0017_Golgi_1.tif,/Users/jason/Desktop/OrganelleClassifyDataset/train/ER/3W-CD4-10nm_GR-1--13000X--0007_ER_2.tif,/Users/jason/Desktop/OrganelleClassifyDataset/test/Golgi/1-11000X--0017_Golgi_1.tif,b8c710e338ce3f85,8176b0c33a4b3fc9,18,False,1
Autosome,Golgi,Autosome/1-1shiyan--6800X--0002_Autosome_1.tif,Golgi/2--6800X--0009_Golgi_1.tif,/Users/jason/Desktop/OrganelleClassifyDataset/train/Autosome/1-1shiyan--6800X--0002_Autosome_1.tif,/Users/jason/Desktop/OrganelleClassifyDataset/test/Golgi/2--6800X--0009_Golgi_1.tif,f981c4d59ab56171,f1c9cc9786056cb5,18,False,2
CellWall,Golgi,CellWall/4.1_009_Cell_Wall_1.tif,Golgi/2--6800X--0009_Golgi_1.tif,/Users/jason/Desktop/OrganelleClassifyDataset/train/CellWall/4.1_009_Cell_Wall_1.tif,/Users/jason/Desktop/OrganelleClassifyDataset/test/Golgi/2--6800X--0009_Golgi_1.tif,f35b4193a2368cb5,f1c9cc9786056cb5,18,False,2
Golgi,Golgi,Golgi/49--9300X--0001_Golgi_2.tif,Golgi/37--23000X--0002_Golgi_5.tif,/Users/jason/Desktop/OrganelleClassifyDataset/train/Golgi/49--9300X--0001_Golgi_2.tif,/Users/jason/Desktop/OrganelleClassifyDataset/test/Golgi/37--23000X--0002_Golgi_5.tif,f4539fc9c4d0491e,f0939bad89f11958,18,True,1
CellWall,Golgi,CellWall/mkb9_012_Cell_Wall_2.tif,Golgi/39--23000X--0007_Golgi_1.tif,/Users/jason/Desktop/OrganelleClassifyDataset/train/CellWall/mkb9_012_Cell_Wall_2.tif,/Users/jason/Desktop/OrganelleClassifyDataset/test/Golgi/39--23000X--0007_Golgi_1.tif,8c8d6dc14fcd3961,8c2f6a8b1bc419f3,18,False,1
Autosome,Golgi,Autosome/1-3-hkf--23000X--0016_Autosome_3.tif,Golgi/40--9300X--0005_Golgi_1.tif,/Users/jason/Desktop/OrganelleClassifyDataset/train/Autosome/1-3-hkf--23000X--0016_Autosome_3.tif,/Users/jason/Desktop/OrganelleClassifyDataset/test/Golgi/40--9300X--0005_Golgi_1.tif,b532918b87ce8d2d,a3b9919397c4c4e5,18,False,4
Chloroplast,Golgi,Chloroplast/1.1_008_Chloroplast_5.tif,Golgi/40--9300X--0005_Golgi_1.tif,/Users/jason/Desktop/OrganelleClassifyDataset/train/Chloroplast/1.1_008_Chloroplast_5.tif,/Users/jason/Desktop/OrganelleClassifyDataset/test/Golgi/40--9300X--0005_Golgi_1.tif,aacfb5d3d7c08604,a3b9919397c4c4e5,18,False,4
Mito,Golgi,Mito/M_J83--30000X--0054_Mito_1.tif,Golgi/40--9300X--0005_Golgi_1.tif,/Users/jason/Desktop/OrganelleClassifyDataset/train/Mito/M_J83--30000X--0054_Mito_1.tif,/Users/jason/Desktop/OrganelleClassifyDataset/test/Golgi/40--9300X--0005_Golgi_1.tif,b2b9e553c6a5c261,a3b9919397c4c4e5,18,False,4
Mito,Golgi,Mito/ZONG_S2_5.27--23000X--0014_Mito_1.tif,Golgi/40--9300X--0005_Golgi_1.tif,/Users/jason/Desktop/OrganelleClassifyDataset/train/Mito/ZONG_S2_5.27--23000X--0014_Mito_1.tif,/Users/jason/Desktop/OrganelleClassifyDataset/test/Golgi/40--9300X--0005_Golgi_1.tif,a191f594dd848ed5,a3b9919397c4c4e5,18,False,4
Autosome,Golgi,Autosome/1--30000X--0007_Autosome_3.tif,Golgi/45--9300X--0004_Golgi_2.tif,/Users/jason/Desktop/OrganelleClassifyDataset/train/Autosome/1--30000X--0007_Autosome_3.tif,/Users/jason/Desktop/OrganelleClassifyDataset/test/Golgi/45--9300X--0004_Golgi_2.tif,a1cb8fb498da41d6,b5dbd794e8dc0910,18,False,4
ER,Golgi,ER/3W-CD4-Ctrl3--30000X--0054_ER_1.tif,Golgi/45--9300X--0004_Golgi_2.tif,/Users/jason/Desktop/OrganelleClassifyDataset/train/ER/3W-CD4-Ctrl3--30000X--0054_ER_1.tif,/Users/jason/Desktop/OrganelleClassifyDataset/test/Golgi/45--9300X--0004_Golgi_2.tif,f77fdef8e0b80000,b5dbd794e8dc0910,18,False,4
Golgi,Golgi,Golgi/kw10-4--13000X--0124_Golgi_3.tif,Golgi/45--9300X--0004_Golgi_2.tif,/Users/jason/Desktop/OrganelleClassifyDataset/train/Golgi/kw10-4--13000X--0124_Golgi_3.tif,/Users/jason/Desktop/OrganelleClassifyDataset/test/Golgi/45--9300X--0004_Golgi_2.tif,bce98d94f82e0956,b5dbd794e8dc0910,18,True,4
Mito,Golgi,Mito/43--23000X--0011_Mito_1.tif,Golgi/45--9300X--0004_Golgi_2.tif,/Users/jason/Desktop/OrganelleClassifyDataset/train/Mito/43--23000X--0011_Mito_1.tif,/Users/jason/Desktop/OrganelleClassifyDataset/test/Golgi/45--9300X--0004_Golgi_2.tif,fc89d5b4c890cd5a,b5dbd794e8dc0910,18,False,4
Autosome,Golgi,Autosome/10-N--23000X--0051_Autosome_1.tif,Golgi/45--9300X--0007_Golgi_2.tif,/Users/jason/Desktop/OrganelleClassifyDataset/train/Autosome/10-N--23000X--0051_Autosome_1.tif,/Users/jason/Desktop/OrganelleClassifyDataset/test/Golgi/45--9300X--0007_Golgi_2.tif,e34bc46b4f745298,e94948682ff4d335,18,False,3
CellWall,Golgi,CellWall/xsj2_003_Cell_Wall_1.tif,Golgi/45--9300X--0007_Golgi_2.tif,/Users/jason/Desktop/OrganelleClassifyDataset/train/CellWall/xsj2_003_Cell_Wall_1.tif,/Users/jason/Desktop/OrganelleClassifyDataset/test/Golgi/45--9300X--0007_Golgi_2.tif,ba438fe8275cd131,e94948682ff4d335,18,False,3
Mito,Golgi,Mito/10-N--23000X--0025_Mito_1.tif,Golgi/45--9300X--0007_Golgi_2.tif,/Users/jason/Desktop/OrganelleClassifyDataset/train/Mito/10-N--23000X--0025_Mito_1.tif,/Users/jason/Desktop/OrganelleClassifyDataset/test/Golgi/45--9300X--0007_Golgi_2.tif,ef40d04d87a4db3c,e94948682ff4d335,18,False,3
ER,Golgi,ER/4--6800X--0006_ER_1.tif,Golgi/46--6800X--0001_Golgi_2.tif,/Users/jason/Desktop/OrganelleClassifyDataset/train/ER/4--6800X--0006_ER_1.tif,/Users/jason/Desktop/OrganelleClassifyDataset/test/Golgi/46--6800X--0001_Golgi_2.tif,907dfd80e6b4c856,943bfea026f4b90c,18,False,1
ER,Golgi,ER/2+--6800X--0010_ER_2.tif,Golgi/46--6800X--0011_Golgi_1.tif,/Users/jason/Desktop/OrganelleClassifyDataset/train/ER/2+--6800X--0010_ER_2.tif,/Users/jason/Desktop/OrganelleClassifyDataset/test/Golgi/46--6800X--0011_Golgi_1.tif,bf088f4ea2b6584d,e9109b4aa2f69b9c,18,False,1
CellWall,Golgi,CellWall/ech_001_Cell_Wall_2.tif,Golgi/47--23000X--0021_Golgi_1.tif,/Users/jason/Desktop/OrganelleClassifyDataset/train/CellWall/ech_001_Cell_Wall_2.tif,/Users/jason/Desktop/OrganelleClassifyDataset/test/Golgi/47--23000X--0021_Golgi_1.tif,90cf76bb0d02c1fc,8adc72b25584e1f6,18,False,3
CellWall,Golgi,CellWall/qm1_003_Cell_Wall_1.tif,Golgi/47--23000X--0021_Golgi_1.tif,/Users/jason/Desktop/OrganelleClassifyDataset/train/CellWall/qm1_003_Cell_Wall_1.tif,/Users/jason/Desktop/OrganelleClassifyDataset/test/Golgi/47--23000X--0021_Golgi_1.tif,a29e629658c9e5f1,8adc72b25584e1f6,18,False,3
ER,Golgi,ER/2--30000X--0015_ER_2.tif,Golgi/47--23000X--0021_Golgi_1.tif,/Users/jason/Desktop/OrganelleClassifyDataset/train/ER/2--30000X--0015_ER_2.tif,/Users/jason/Desktop/OrganelleClassifyDataset/test/Golgi/47--23000X--0021_Golgi_1.tif,8e8cdba46794a956,8adc72b25584e1f6,18,False,3
ER,Golgi,ER/70--23000X--0004_ER_1.tif,Golgi/5.7K+1--6800X--0003_Golgi_2.tif,/Users/jason/Desktop/OrganelleClassifyDataset/train/ER/70--23000X--0004_ER_1.tif,/Users/jason/Desktop/OrganelleClassifyDataset/test/Golgi/5.7K+1--6800X--0003_Golgi_2.tif,87f316cf10f01ce9,859216ff28e31d55,18,False,1
Chloroplast,Golgi,Chloroplast/zb2_023_Chloroplast_1.tif,Golgi/5.7W+1--6800X--0004_Golgi_1.tif,/Users/jason/Desktop/OrganelleClassifyDataset/train/Chloroplast/zb2_023_Chloroplast_1.tif,/Users/jason/Desktop/OrganelleClassifyDataset/test/Golgi/5.7W+1--6800X--0004_Golgi_1.tif,afa4b0d2d0c0cfcd,afa393e074d20e4d,18,False,1
Chloroplast,Golgi,Chloroplast/2.1_008_Chloroplast_2.tif,Golgi/5.7w-1--6800X--0012_Golgi_1.tif,/Users/jason/Desktop/OrganelleClassifyDataset/train/Chloroplast/2.1_008_Chloroplast_2.tif,/Users/jason/Desktop/OrganelleClassifyDataset/test/Golgi/5.7w-1--6800X--0012_Golgi_1.tif,df8dc86ea53082e9,d70c4e6ea55e246a,18,False,1
Chloroplast,Golgi,Chloroplast/6gill_012_Chloroplast_3.tif,Golgi/52-WT--18500X--0143_Golgi_1.tif,/Users/jason/Desktop/OrganelleClassifyDataset/train/Chloroplast/6gill_012_Chloroplast_3.tif,/Users/jason/Desktop/OrganelleClassifyDataset/test/Golgi/52-WT--18500X--0143_Golgi_1.tif,a969cb3b66ec7022,e349ab9ba4fc4207,18,False,2
Mito,Golgi,Mito/ZONG_S3_5.27--23000X--0023_Mito_1.tif,Golgi/52-WT--18500X--0143_Golgi_1.tif,/Users/jason/Desktop/OrganelleClassifyDataset/train/Mito/ZONG_S3_5.27--23000X--0023_Mito_1.tif,/Users/jason/Desktop/OrganelleClassifyDataset/test/Golgi/52-WT--18500X--0143_Golgi_1.tif,a357859f84adc21d,e349ab9ba4fc4207,18,False,2
Autosome,Golgi,Autosome/ZYZ--49000X--0001_Autosome_2.tif,Golgi/6W-10NM-GR1--30000X--0265_Golgi_1.tif,/Users/jason/Desktop/OrganelleClassifyDataset/train/Autosome/ZYZ--49000X--0001_Autosome_2.tif,/Users/jason/Desktop/OrganelleClassifyDataset/test/Golgi/6W-10NM-GR1--30000X--0265_Golgi_1.tif,afff84e29e049a03,aafd02e26e10aad7,18,False,1
CellWall,Golgi,CellWall/lyn10_001_Cell_Wall_1.tif,Golgi/6W-10nm_GR-2--30000X--0077_Golgi_2.tif,/Users/jason/Desktop/OrganelleClassifyDataset/train/CellWall/lyn10_001_Cell_Wall_1.tif,/Users/jason/Desktop/OrganelleClassifyDataset/test/Golgi/6W-10nm_GR-2--30000X--0077_Golgi_2.tif,b4ba8c4f33590c9e,f3fa9c07b1310ea4,18,False,3
Chloroplast,Golgi,Chloroplast/2gill_009_Chloroplast_7.tif,Golgi/6W-10nm_GR-2--30000X--0077_Golgi_2.tif,/Users/jason/Desktop/OrganelleClassifyDataset/train/Chloroplast/2gill_009_Chloroplast_7.tif,/Users/jason/Desktop/OrganelleClassifyDataset/test/Golgi/6W-10nm_GR-2--30000X--0077_Golgi_2.tif,fb66e40d93b40ce4,f3fa9c07b1310ea4,18,False,3
ER,Golgi,ER/52-WT--18500X--0075_ER_2.tif,Golgi/6W-10nm_GR-2--30000X--0077_Golgi_2.tif,/Users/jason/Desktop/OrganelleClassifyDataset/train/ER/52-WT--18500X--0075_ER_2.tif,/Users/jason/Desktop/OrganelleClassifyDataset/test/Golgi/6W-10nm_GR-2--30000X--0077_Golgi_2.tif,83fcf803f0e01ee6,f3fa9c07b1310ea4,18,False,3
Nucleus,Golgi,Nucleus/kw10-4--6800X--0026_Nucleus_1.tif,Golgi/6W-CD4-Ctrl2--13000X--0035_Golgi_1.tif,/Users/jason/Desktop/OrganelleClassifyDataset/train/Nucleus/kw10-4--6800X--0026_Nucleus_1.tif,/Users/jason/Desktop/OrganelleClassifyDataset/test/Golgi/6W-CD4-Ctrl2--13000X--0035_Golgi_1.tif,ae9cb1b2d3c88a2d,8fbcd9a3434aa4ac,18,False,1
CellWall,Golgi,CellWall/13-1_009_Cell_Wall_3.tif,Golgi/70-WT--18500X--0031_Golgi_1.tif,/Users/jason/Desktop/OrganelleClassifyDataset/train/CellWall/13-1_009_Cell_Wall_3.tif,/Users/jason/Desktop/OrganelleClassifyDataset/test/Golgi/70-WT--18500X--0031_Golgi_1.tif,c01bb3b3363a71b4,e13337363c1e52f0,18,False,2
CellWall,Golgi,CellWall/lyn13_003_Cell_Wall_1.tif,Golgi/70-WT--18500X--0031_Golgi_1.tif,/Users/jason/Desktop/OrganelleClassifyDataset/train/CellWall/lyn13_003_Cell_Wall_1.tif,/Users/jason/Desktop/OrganelleClassifyDataset/test/Golgi/70-WT--18500X--0031_Golgi_1.tif,a8293d366c6c74f2,e13337363c1e52f0,18,False,2
ER,Golgi,ER/70-WT--18500X--0003_ER_1.tif,Golgi/70-WT--18500X--0033_Golgi_1.tif,/Users/jason/Desktop/OrganelleClassifyDataset/train/ER/70-WT--18500X--0003_ER_1.tif,/Users/jason/Desktop/OrganelleClassifyDataset/test/Golgi/70-WT--18500X--0033_Golgi_1.tif,80879f3ba24e953d,81029fbfd142bda9,18,False,1
ER,Golgi,ER/52-WT--18500X--0058_ER_1.tif,Golgi/70-WT--18500X--0086_Golgi_1.tif,/Users/jason/Desktop/OrganelleClassifyDataset/train/ER/52-WT--18500X--0058_ER_1.tif,/Users/jason/Desktop/OrganelleClassifyDataset/test/Golgi/70-WT--18500X--0086_Golgi_1.tif,cc841e1067dcedea,dcc852320ff8e1ab,18,False,1
Autosome,Golgi,Autosome/10-N--23000X--0051_Autosome_2.tif,Golgi/70-WT--18500X--0093_Golgi_1.tif,/Users/jason/Desktop/OrganelleClassifyDataset/train/Autosome/10-N--23000X--0051_Autosome_2.tif,/Users/jason/Desktop/OrganelleClassifyDataset/test/Golgi/70-WT--18500X--0093_Golgi_1.tif,eea5b5d085cb8d24,ee2594f3c4730b31,18,False,7
Autosome,Golgi,Autosome/PV--30000X--0094_Autosome_1.tif,Golgi/70-WT--18500X--0093_Golgi_1.tif,/Users/jason/Desktop/OrganelleClassifyDataset/train/Autosome/PV--30000X--0094_Autosome_1.tif,/Users/jason/Desktop/OrganelleClassifyDataset/test/Golgi/70-WT--18500X--0093_Golgi_1.tif,ae54b1b2c6cd1b31,ee2594f3c4730b31,18,False,7
Chloroplast,Golgi,Chloroplast/2.1_006_Chloroplast_2.tif,Golgi/70-WT--18500X--0093_Golgi_1.tif,/Users/jason/Desktop/OrganelleClassifyDataset/train/Chloroplast/2.1_006_Chloroplast_2.tif,/Users/jason/Desktop/OrganelleClassifyDataset/test/Golgi/70-WT--18500X--0093_Golgi_1.tif,ab249537e6b91b12,ee2594f3c4730b31,18,False,7
Golgi,Golgi,Golgi/46--6800X--0008_Golgi_2.tif,Golgi/70-WT--18500X--0093_Golgi_1.tif,/Users/jason/Desktop/OrganelleClassifyDataset/train/Golgi/46--6800X--0008_Golgi_2.tif,/Users/jason/Desktop/OrganelleClassifyDataset/test/Golgi/70-WT--18500X--0093_Golgi_1.tif,a6349bf94467183d,ee2594f3c4730b31,18,True,7
Golgi,Golgi,Golgi/kw10-6--6800X--0004_Golgi_2.tif,Golgi/70-WT--18500X--0093_Golgi_1.tif,/Users/jason/Desktop/OrganelleClassifyDataset/train/Golgi/kw10-6--6800X--0004_Golgi_2.tif,/Users/jason/Desktop/OrganelleClassifyDataset/test/Golgi/70-WT--18500X--0093_Golgi_1.tif,efc5943654614b9a,ee2594f3c4730b31,18,True,7
Mito,Golgi,Mito/42--30000X--0019_Mito_1.tif,Golgi/70-WT--18500X--0093_Golgi_1.tif,/Users/jason/Desktop/OrganelleClassifyDataset/train/Mito/42--30000X--0019_Mito_1.tif,/Users/jason/Desktop/OrganelleClassifyDataset/test/Golgi/70-WT--18500X--0093_Golgi_1.tif,fe85d5aecc148b21,ee2594f3c4730b31,18,False,7
Mito,Golgi,Mito/44--23000X--0013_Mito_1.tif,Golgi/70-WT--18500X--0093_Golgi_1.tif,/Users/jason/Desktop/OrganelleClassifyDataset/train/Mito/44--23000X--0013_Mito_1.tif,/Users/jason/Desktop/OrganelleClassifyDataset/test/Golgi/70-WT--18500X--0093_Golgi_1.tif,aaa184f3c317cb56,ee2594f3c4730b31,18,False,7
CellWall,Golgi,CellWall/lyn8_004_Cell_Wall_1.tif,Golgi/kw10-4--13000X--0101_Golgi_1.tif,/Users/jason/Desktop/OrganelleClassifyDataset/train/CellWall/lyn8_004_Cell_Wall_1.tif,/Users/jason/Desktop/OrganelleClassifyDataset/test/Golgi/kw10-4--13000X--0101_Golgi_1.tif,b8619e542fa35758,f8c09b9f2f217c18,18,False,2
Nucleus,Golgi,Nucleus/kw10-4--6800X--0021_Nucleus_1.tif,Golgi/kw10-4--13000X--0101_Golgi_1.tif,/Users/jason/Desktop/OrganelleClassifyDataset/train/Nucleus/kw10-4--6800X--0021_Nucleus_1.tif,/Users/jason/Desktop/OrganelleClassifyDataset/test/Golgi/kw10-4--13000X--0101_Golgi_1.tif,9bc53a972b319d30,f8c09b9f2f217c18,18,False,2
Autosome,Golgi,Autosome/1-3-hkf--6800X--0011_Autosome_1.tif,Golgi/kw10-4--13000X--0101_Golgi_3.tif,/Users/jason/Desktop/OrganelleClassifyDataset/train/Autosome/1-3-hkf--6800X--0011_Autosome_1.tif,/Users/jason/Desktop/OrganelleClassifyDataset/test/Golgi/kw10-4--13000X--0101_Golgi_3.tif,b436dac231c9279d,f416c26bba88e719,18,False,3
ER,Golgi,ER/l--9300X--0033_ER_1.tif,Golgi/kw10-4--13000X--0101_Golgi_3.tif,/Users/jason/Desktop/OrganelleClassifyDataset/train/ER/l--9300X--0033_ER_1.tif,/Users/jason/Desktop/OrganelleClassifyDataset/test/Golgi/kw10-4--13000X--0101_Golgi_3.tif,fc0fc078aba1e568,f416c26bba88e719,18,False,3
Golgi,Golgi,Golgi/5.7K+1--6800X--0001_Golgi_2.tif,Golgi/kw10-4--13000X--0101_Golgi_3.tif,/Users/jason/Desktop/OrganelleClassifyDataset/train/Golgi/5.7K+1--6800X--0001_Golgi_2.tif,/Users/jason/Desktop/OrganelleClassifyDataset/test/Golgi/kw10-4--13000X--0101_Golgi_3.tif,d462c2cbe926e699,f416c26bba88e719,18,True,3
CellWall,Golgi,CellWall/lyn14_001_Cell_Wall_1.tif,Golgi/kw10-4--13000X--0105_Golgi_3.tif,/Users/jason/Desktop/OrganelleClassifyDataset/train/CellWall/lyn14_001_Cell_Wall_1.tif,/Users/jason/Desktop/OrganelleClassifyDataset/test/Golgi/kw10-4--13000X--0105_Golgi_3.tif,bc83078c59e6a1f6,9ca11fc5694485fd,18,False,1
Nucleus,Mito,Nucleus/kw10-7--6800X--0038_Nucleus_1.tif,Mito/#3--23000X--0056_Mito_1.tif,/Users/jason/Desktop/OrganelleClassifyDataset/train/Nucleus/kw10-7--6800X--0038_Nucleus_1.tif,/Users/jason/Desktop/OrganelleClassifyDataset/test/Mito/#3--23000X--0056_Mito_1.tif,ce90615ce21f946f,cff6e018e39e80ca,18,False,2
Vesicles,Mito,Vesicles/LA+1170--30000X--0013_Vesicles_1.tif,Mito/#3--23000X--0056_Mito_1.tif,/Users/jason/Desktop/OrganelleClassifyDataset/train/Vesicles/LA+1170--30000X--0013_Vesicles_1.tif,/Users/jason/Desktop/OrganelleClassifyDataset/test/Mito/#3--23000X--0056_Mito_1.tif,ef26f030c3832dce,cff6e018e39e80ca,18,False,2
CellWall,Mito,CellWall/3-llq_011_Cell_Wall_1.tif,Mito/169--68000X--0084_Mito_1.tif,/Users/jason/Desktop/OrganelleClassifyDataset/train/CellWall/3-llq_011_Cell_Wall_1.tif,/Users/jason/Desktop/OrganelleClassifyDataset/test/Mito/169--68000X--0084_Mito_1.tif,eab4ce45299ca762,aeb5cc7580b0dd62,18,False,3
Mito,Mito,Mito/#3--23000X--0025_Mito_1.tif,Mito/169--68000X--0084_Mito_1.tif,/Users/jason/Desktop/OrganelleClassifyDataset/train/Mito/#3--23000X--0025_Mito_1.tif,/Users/jason/Desktop/OrganelleClassifyDataset/test/Mito/169--68000X--0084_Mito_1.tif,ea65d525d8b06d52,aeb5cc7580b0dd62,18,True,3
Nucleus,Mito,Nucleus/kw10-3--6800X--0018_Nucleus_1.tif,Mito/169--68000X--0084_Mito_1.tif,/Users/jason/Desktop/OrganelleClassifyDataset/train/Nucleus/kw10-3--6800X--0018_Nucleus_1.tif,/Users/jason/Desktop/OrganelleClassifyDataset/test/Mito/169--68000X--0084_Mito_1.tif,fc15e037c1328fe2,aeb5cc7580b0dd62,18,False,3
Autosome,Mito,Autosome/LA+1170--30000X--0013_Autosome_2.tif,Mito/43--23000X--0009_Mito_2.tif,/Users/jason/Desktop/OrganelleClassifyDataset/train/Autosome/LA+1170--30000X--0013_Autosome_2.tif,/Users/jason/Desktop/OrganelleClassifyDataset/test/Mito/43--23000X--0009_Mito_2.tif,fb0a93b356a90a69,f91f9072daa108cf,18,False,4
Chloroplast,Mito,Chloroplast/2gill_002_Chloroplast_3.tif,Mito/43--23000X--0009_Mito_2.tif,/Users/jason/Desktop/OrganelleClassifyDataset/train/Chloroplast/2gill_002_Chloroplast_3.tif,/Users/jason/Desktop/OrganelleClassifyDataset/test/Mito/43--23000X--0009_Mito_2.tif,bbbfd0d0cac34905,f91f9072daa108cf,18,False,4
Chloroplast,Mito,Chloroplast/LNNA_006_Chloroplast_16.tif,Mito/43--23000X--0009_Mito_2.tif,/Users/jason/Desktop/OrganelleClassifyDataset/train/Chloroplast/LNNA_006_Chloroplast_16.tif,/Users/jason/Desktop/OrganelleClassifyDataset/test/Mito/43--23000X--0009_Mito_2.tif,eb1585f09aea89cc,f91f9072daa108cf,18,False,4
Mito,Mito,Mito/wt-8--13000X--0035_Mito_3.tif,Mito/43--23000X--0009_Mito_2.tif,/Users/jason/Desktop/OrganelleClassifyDataset/train/Mito/wt-8--13000X--0035_Mito_3.tif,/Users/jason/Desktop/OrganelleClassifyDataset/test/Mito/43--23000X--0009_Mito_2.tif,a88f96fc50a12b4f,f91f9072daa108cf,18,True,4
Autosome,Mito,Autosome/10-SI--23000X--0027_Autosome_1.tif,Mito/43--30000X--0011_Mito_1.tif,/Users/jason/Desktop/OrganelleClassifyDataset/train/Autosome/10-SI--23000X--0027_Autosome_1.tif,/Users/jason/Desktop/OrganelleClassifyDataset/test/Mito/43--30000X--0011_Mito_1.tif,ae49d02bc37cc752,bf5092e8d3bdc302,18,False,2
Nucleus,Mito,Nucleus/KW10-3--4800X--0038_Nucleus_2.tif,Mito/43--30000X--0011_Mito_1.tif,/Users/jason/Desktop/OrganelleClassifyDataset/train/Nucleus/KW10-3--4800X--0038_Nucleus_2.tif,/Users/jason/Desktop/OrganelleClassifyDataset/test/Mito/43--30000X--0011_Mito_1.tif,fc10f64dd2b4c13a,bf5092e8d3bdc302,18,False,2
Autosome,Mito,Autosome/1--30000X--0007_Autosome_1.tif,Mito/44--23000X--0006_Mito_1.tif,/Users/jason/Desktop/OrganelleClassifyDataset/train/Autosome/1--30000X--0007_Autosome_1.tif,/Users/jason/Desktop/OrganelleClassifyDataset/test/Mito/44--23000X--0006_Mito_1.tif,be16c3d0cc8726ab,f01e93b08ea5a6e6,18,False,5
Autosome,Mito,Autosome/10-N--23000X--0053_Autosome_1.tif,Mito/44--23000X--0006_Mito_1.tif,/Users/jason/Desktop/OrganelleClassifyDataset/train/Autosome/10-N--23000X--0053_Autosome_1.tif,/Users/jason/Desktop/OrganelleClassifyDataset/test/Mito/44--23000X--0006_Mito_1.tif,f85f80a98c673a66,f01e93b08ea5a6e6,18,False,5
Autosome,Mito,Autosome/RKO-SEP-0--30000X--0012_Autosome_1.tif,Mito/44--23000X--0006_Mito_1.tif,/Users/jason/Desktop/OrganelleClassifyDataset/train/Autosome/RKO-SEP-0--30000X--0012_Autosome_1.tif,/Users/jason/Desktop/OrganelleClassifyDataset/test/Mito/44--23000X--0006_Mito_1.tif,f09ac3341b5527ce,f01e93b08ea5a6e6,18,False,5
Autosome,Mito,Autosome/ZYZ--49000X--0003_Autosome_2.tif,Mito/44--23000X--0006_Mito_1.tif,/Users/jason/Desktop/OrganelleClassifyDataset/train/Autosome/ZYZ--49000X--0003_Autosome_2.tif,/Users/jason/Desktop/OrganelleClassifyDataset/test/Mito/44--23000X--0006_Mito_1.tif,ea9f93218e8770b2,f01e93b08ea5a6e6,18,False,5
Mito,Mito,Mito/ZONG_S1_5.27--23000X--0021_Mito_1.tif,Mito/44--23000X--0006_Mito_1.tif,/Users/jason/Desktop/OrganelleClassifyDataset/train/Mito/ZONG_S1_5.27--23000X--0021_Mito_1.tif,/Users/jason/Desktop/OrganelleClassifyDataset/test/Mito/44--23000X--0006_Mito_1.tif,fc5aa3eb8a8086ea,f01e93b08ea5a6e6,18,True,5
Chloroplast,Mito,Chloroplast/5gill_003_Chloroplast_1.tif,Mito/M_J81--11000X--0025_Mito_2.tif,/Users/jason/Desktop/OrganelleClassifyDataset/train/Chloroplast/5gill_003_Chloroplast_1.tif,/Users/jason/Desktop/OrganelleClassifyDataset/test/Mito/M_J81--11000X--0025_Mito_2.tif,fed0b027c61b988e,fa58e40fc438ccda,18,False,4
Chloroplast,Mito,Chloroplast/HNWT_006_Chloroplast_1.tif,Mito/M_J81--11000X--0025_Mito_2.tif,/Users/jason/Desktop/OrganelleClassifyDataset/train/Chloroplast/HNWT_006_Chloroplast_1.tif,/Users/jason/Desktop/OrganelleClassifyDataset/test/Mito/M_J81--11000X--0025_Mito_2.tif,edcad01dc132cd9a,fa58e40fc438ccda,18,False,4
Chloroplast,Mito,Chloroplast/LNNA_002_Chloroplast_1.tif,Mito/M_J81--11000X--0025_Mito_2.tif,/Users/jason/Desktop/OrganelleClassifyDataset/train/Chloroplast/LNNA_002_Chloroplast_1.tif,/Users/jason/Desktop/OrganelleClassifyDataset/test/Mito/M_J81--11000X--0025_Mito_2.tif,eac2ed27c0bdc990,fa58e40fc438ccda,18,False,4
Mito,Mito,Mito/169--30000X--0049_Mito_1.tif,Mito/M_J81--11000X--0025_Mito_2.tif,/Users/jason/Desktop/OrganelleClassifyDataset/train/Mito/169--30000X--0049_Mito_1.tif,/Users/jason/Desktop/OrganelleClassifyDataset/test/Mito/M_J81--11000X--0025_Mito_2.tif,fa62843fce38e0a3,fa58e40fc438ccda,18,True,4
Chloroplast,Mito,Chloroplast/M8-1_006_Chloroplast_4.tif,Mito/M_J81--30000X--0047_Mito_1.tif,/Users/jason/Desktop/OrganelleClassifyDataset/train/Chloroplast/M8-1_006_Chloroplast_4.tif,/Users/jason/Desktop/OrganelleClassifyDataset/test/Mito/M_J81--30000X--0047_Mito_1.tif,ff41d058c3738355,fd3bd0118255c35b,18,False,4
Mito,Mito,Mito/169--68000X--0081_Mito_1.tif,Mito/M_J81--30000X--0047_Mito_1.tif,/Users/jason/Desktop/OrganelleClassifyDataset/train/Mito/169--68000X--0081_Mito_1.tif,/Users/jason/Desktop/OrganelleClassifyDataset/test/Mito/M_J81--30000X--0047_Mito_1.tif,ff18d00b807973f8,fd3bd0118255c35b,18,True,4
Mito,Mito,Mito/M_J81--11000X--0015_Mito_2.tif,Mito/M_J81--30000X--0047_Mito_1.tif,/Users/jason/Desktop/OrganelleClassifyDataset/train/Mito/M_J81--11000X--0015_Mito_2.tif,/Users/jason/Desktop/OrganelleClassifyDataset/test/Mito/M_J81--30000X--0047_Mito_1.tif,f57fc311834c4a2e,fd3bd0118255c35b,18,True,4
Mito,Mito,Mito/WT1--23000X--0017_Mito_2.tif,Mito/M_J81--30000X--0047_Mito_1.tif,/Users/jason/Desktop/OrganelleClassifyDataset/train/Mito/WT1--23000X--0017_Mito_2.tif,/Users/jason/Desktop/OrganelleClassifyDataset/test/Mito/M_J81--30000X--0047_Mito_1.tif,aaabd0398b51ab56,fd3bd0118255c35b,18,True,4
Chloroplast,Mito,Chloroplast/309n_009_Chloroplast_8.tif,Mito/M_J83--11000X--0016_Mito_2.tif,/Users/jason/Desktop/OrganelleClassifyDataset/train/Chloroplast/309n_009_Chloroplast_8.tif,/Users/jason/Desktop/OrganelleClassifyDataset/test/Mito/M_J83--11000X--0016_Mito_2.tif,bfb8905a8f493c46,bc90bd9a0f681e87,18,False,1
Chloroplast,Mito,Chloroplast/3gill_007_Chloroplast_1.tif,Mito/M_J83--30000X--0065_Mito_2.tif,/Users/jason/Desktop/OrganelleClassifyDataset/train/Chloroplast/3gill_007_Chloroplast_1.tif,/Users/jason/Desktop/OrganelleClassifyDataset/test/Mito/M_J83--30000X--0065_Mito_2.tif,ab4ad0ad9b349d32,e10f0abd9e749872,18,False,2
Golgi,Mito,Golgi/6W-10nm_GR-2--30000X--0250_Golgi_1.tif,Mito/M_J83--30000X--0065_Mito_2.tif,/Users/jason/Desktop/OrganelleClassifyDataset/train/Golgi/6W-10nm_GR-2--30000X--0250_Golgi_1.tif,/Users/jason/Desktop/OrganelleClassifyDataset/test/Mito/M_J83--30000X--0065_Mito_2.tif,827f28bd99713c32,e10f0abd9e749872,18,False,2
Chloroplast,Mito,Chloroplast/LNNA_002_Chloroplast_1.tif,Mito/R3--49000X--0024_Mito_3.tif,/Users/jason/Desktop/OrganelleClassifyDataset/train/Chloroplast/LNNA_002_Chloroplast_1.tif,/Users/jason/Desktop/OrganelleClassifyDataset/test/Mito/R3--49000X--0024_Mito_3.tif,eac2ed27c0bdc990,ea9aa51784f85cd4,18,False,1
Autosome,Mito,Autosome/1-3-hkf--23000X--0016_Autosome_3.tif,Mito/WT1--23000X--0028_Mito_1.tif,/Users/jason/Desktop/OrganelleClassifyDataset/train/Autosome/1-3-hkf--23000X--0016_Autosome_3.tif,/Users/jason/Desktop/OrganelleClassifyDataset/test/Mito/WT1--23000X--0028_Mito_1.tif,b532918b87ce8d2d,a530a1ea8f698f47,18,False,4
Chloroplast,Mito,Chloroplast/309n_009_Chloroplast_8.tif,Mito/WT1--23000X--0028_Mito_1.tif,/Users/jason/Desktop/OrganelleClassifyDataset/train/Chloroplast/309n_009_Chloroplast_8.tif,/Users/jason/Desktop/OrganelleClassifyDataset/test/Mito/WT1--23000X--0028_Mito_1.tif,bfb8905a8f493c46,a530a1ea8f698f47,18,False,4
Chloroplast,Mito,Chloroplast/379c_001_Chloroplast_6.tif,Mito/WT1--23000X--0028_Mito_1.tif,/Users/jason/Desktop/OrganelleClassifyDataset/train/Chloroplast/379c_001_Chloroplast_6.tif,/Users/jason/Desktop/OrganelleClassifyDataset/test/Mito/WT1--23000X--0028_Mito_1.tif,e8b6a3888f6389cd,a530a1ea8f698f47,18,False,4
Mito,Mito,Mito/M_J81--30000X--0063_Mito_1.tif,Mito/WT1--23000X--0028_Mito_1.tif,/Users/jason/Desktop/OrganelleClassifyDataset/train/Mito/M_J81--30000X--0063_Mito_1.tif,/Users/jason/Desktop/OrganelleClassifyDataset/test/Mito/WT1--23000X--0028_Mito_1.tif,af52a54ad740ce17,a530a1ea8f698f47,18,True,4
Vesicles,Mito,Vesicles/LA--30000X--0022_Vesicles_2.tif,Mito/WT1--23000X--0029_Mito_1.tif,/Users/jason/Desktop/OrganelleClassifyDataset/train/Vesicles/LA--30000X--0022_Vesicles_2.tif,/Users/jason/Desktop/OrganelleClassifyDataset/test/Mito/WT1--23000X--0029_Mito_1.tif,cf3de02dd2a64d82,cd7dcc1ef0ee1402,18,False,1
Chloroplast,Mito,Chloroplast/cjy-2_009_Chloroplast_6.tif,Mito/WT3--23000X--0015_Mito_1.tif,/Users/jason/Desktop/OrganelleClassifyDataset/train/Chloroplast/cjy-2_009_Chloroplast_6.tif,/Users/jason/Desktop/OrganelleClassifyDataset/test/Mito/WT3--23000X--0015_Mito_1.tif,8a8caa95e347d1d5,8ed48e9585178775,18,False,1
CellWall,Mito,CellWall/mkb5_009_Cell_Wall_1.tif,Mito/ZONG_S2_5.27--23000X--0016_Mito_1.tif,/Users/jason/Desktop/OrganelleClassifyDataset/train/CellWall/mkb5_009_Cell_Wall_1.tif,/Users/jason/Desktop/OrganelleClassifyDataset/test/Mito/ZONG_S2_5.27--23000X--0016_Mito_1.tif,f0f0f0e0c1ddc587,f8d8d0d9d1d9d0d0,18,False,4
Mito,Mito,Mito/WT1--23000X--0025_Mito_1.tif,Mito/ZONG_S2_5.27--23000X--0016_Mito_1.tif,/Users/jason/Desktop/OrganelleClassifyDataset/train/Mito/WT1--23000X--0025_Mito_1.tif,/Users/jason/Desktop/OrganelleClassifyDataset/test/Mito/ZONG_S2_5.27--23000X--0016_Mito_1.tif,bbd0d4da83e8c6c1,f8d8d0d9d1d9d0d0,18,True,4
Mito,Mito,Mito/WT1--23000X--0026_Mito_1.tif,Mito/ZONG_S2_5.27--23000X--0016_Mito_1.tif,/Users/jason/Desktop/OrganelleClassifyDataset/train/Mito/WT1--23000X--0026_Mito_1.tif,/Users/jason/Desktop/OrganelleClassifyDataset/test/Mito/ZONG_S2_5.27--23000X--0016_Mito_1.tif,b84af42bd2ddc5c0,f8d8d0d9d1d9d0d0,18,True,4
Vesicles,Mito,Vesicles/kw3-2--6800X--0056_Vesicles_5.tif,Mito/ZONG_S2_5.27--23000X--0016_Mito_1.tif,/Users/jason/Desktop/OrganelleClassifyDataset/train/Vesicles/kw3-2--6800X--0056_Vesicles_5.tif,/Users/jason/Desktop/OrganelleClassifyDataset/test/Mito/ZONG_S2_5.27--23000X--0016_Mito_1.tif,d8dc22fcdac8d851,f8d8d0d9d1d9d0d0,18,False,4
ER,Mito,ER/2+--6800X--0006_ER_1.tif,Mito/ZONG_S3_5.27--23000X--0010_Mito_1.tif,/Users/jason/Desktop/OrganelleClassifyDataset/train/ER/2+--6800X--0006_ER_1.tif,/Users/jason/Desktop/OrganelleClassifyDataset/test/Mito/ZONG_S3_5.27--23000X--0010_Mito_1.tif,f40d154b8d4d4e9e,ec0995cfb50506f3,18,False,1
Autosome,Mito,Autosome/PG1--98000X--0023_Autosome_1.tif,Mito/ZONG_S3_5.27--23000X--0019_Mito_1.tif,/Users/jason/Desktop/OrganelleClassifyDataset/train/Autosome/PG1--98000X--0023_Autosome_1.tif,/Users/jason/Desktop/OrganelleClassifyDataset/test/Mito/ZONG_S3_5.27--23000X--0019_Mito_1.tif,eb15970b8730dc63,f5959fc983087c0b,18,False,1
Chloroplast,Mito,Chloroplast/M8-1_003_Chloroplast_1.tif,Mito/ZONG_S3_5.27--23000X--0026_Mito_1.tif,/Users/jason/Desktop/OrganelleClassifyDataset/train/Chloroplast/M8-1_003_Chloroplast_1.tif,/Users/jason/Desktop/OrganelleClassifyDataset/test/Mito/ZONG_S3_5.27--23000X--0026_Mito_1.tif,ff589140c927c9b3,fc79f96041014b3f,18,False,2
Golgi,Mito,Golgi/44--6800X--0002_Golgi_1.tif,Mito/ZONG_S3_5.27--23000X--0026_Mito_1.tif,/Users/jason/Desktop/OrganelleClassifyDataset/train/Golgi/44--6800X--0002_Golgi_1.tif,/Users/jason/Desktop/OrganelleClassifyDataset/test/Mito/ZONG_S3_5.27--23000X--0026_Mito_1.tif,b179f87811039e5d,fc79f96041014b3f,18,False,2
Chloroplast,Mito,Chloroplast/wbb-1_004_Chloroplast_1.tif,Mito/m_j76--30000X--0039_Mito_1.tif,/Users/jason/Desktop/OrganelleClassifyDataset/train/Chloroplast/wbb-1_004_Chloroplast_1.tif,/Users/jason/Desktop/OrganelleClassifyDataset/test/Mito/m_j76--30000X--0039_Mito_1.tif,ab7bd561c034cb32,867a3d61e43cc783,18,False,3
Golgi,Mito,Golgi/3W-CD4-Ctrl3--30000X--0060_Golgi_1.tif,Mito/m_j76--30000X--0039_Mito_1.tif,/Users/jason/Desktop/OrganelleClassifyDataset/train/Golgi/3W-CD4-Ctrl3--30000X--0060_Golgi_1.tif,/Users/jason/Desktop/OrganelleClassifyDataset/test/Mito/m_j76--30000X--0039_Mito_1.tif,86f96de69238c643,867a3d61e43cc783,18,False,3
Vesicles,Mito,Vesicles/1-2-hsfnc_lJ--23000X--0018_Vesicles_1.tif,Mito/m_j76--30000X--0039_Mito_1.tif,/Users/jason/Desktop/OrganelleClassifyDataset/train/Vesicles/1-2-hsfnc_lJ--23000X--0018_Vesicles_1.tif,/Users/jason/Desktop/OrganelleClassifyDataset/test/Mito/m_j76--30000X--0039_Mito_1.tif,927e2c27629ec61b,867a3d61e43cc783,18,False,3
CellWall,Mito,CellWall/mkb9_001_Cell_Wall_1.tif,Mito/wt-7--13000X--0136_Mito_4.tif,/Users/jason/Desktop/OrganelleClassifyDataset/train/CellWall/mkb9_001_Cell_Wall_1.tif,/Users/jason/Desktop/OrganelleClassifyDataset/test/Mito/wt-7--13000X--0136_Mito_4.tif,ec0e13312fcce4d9,bc0edb300b8ff18c,18,False,2
ER,Mito,ER/70-WT--18500X--0007_ER_2.tif,Mito/wt-7--13000X--0136_Mito_4.tif,/Users/jason/Desktop/OrganelleClassifyDataset/train/ER/70-WT--18500X--0007_ER_2.tif,/Users/jason/Desktop/OrganelleClassifyDataset/test/Mito/wt-7--13000X--0136_Mito_4.tif,9a1aca7c0f976199,bc0edb300b8ff18c,18,False,2
Nucleus,Mito,Nucleus/KW10-3--4800X--0024_Nucleus_1.tif,Mito/wt-7--13000X--0141_Mito_1.tif,/Users/jason/Desktop/OrganelleClassifyDataset/train/Nucleus/KW10-3--4800X--0024_Nucleus_1.tif,/Users/jason/Desktop/OrganelleClassifyDataset/test/Mito/wt-7--13000X--0141_Mito_1.tif,8affa1f8d4c44a85,ce7ee168d6a280c7,18,False,2
Vesicles,Mito,Vesicles/LA--30000X--0022_Vesicles_2.tif,Mito/wt-7--13000X--0141_Mito_1.tif,/Users/jason/Desktop/OrganelleClassifyDataset/train/Vesicles/LA--30000X--0022_Vesicles_2.tif,/Users/jason/Desktop/OrganelleClassifyDataset/test/Mito/wt-7--13000X--0141_Mito_1.tif,cf3de02dd2a64d82,ce7ee168d6a280c7,18,False,2
CellWall,Nucleus,CellWall/zzc6_003_Cell_Wall_1.tif,Nucleus/KW10-3--4800X--0021_Nucleus_3.tif,/Users/jason/Desktop/OrganelleClassifyDataset/train/CellWall/zzc6_003_Cell_Wall_1.tif,/Users/jason/Desktop/OrganelleClassifyDataset/test/Nucleus/KW10-3--4800X--0021_Nucleus_3.tif,e7b9e9c02392b307,c398e9e425859d37,18,False,2
Vesicles,Nucleus,Vesicles/3--6800X--0010_Vesicles_2.tif,Nucleus/KW10-3--4800X--0021_Nucleus_3.tif,/Users/jason/Desktop/OrganelleClassifyDataset/train/Vesicles/3--6800X--0010_Vesicles_2.tif,/Users/jason/Desktop/OrganelleClassifyDataset/test/Nucleus/KW10-3--4800X--0021_Nucleus_3.tif,cf3868c7b28d9835,c398e9e425859d37,18,False,2
Vesicles,Nucleus,Vesicles/79-2--11000X--0025_Vesicles_1.tif,Nucleus/RKO-WT-3--6800X--0006_Nucleus_1.tif,/Users/jason/Desktop/OrganelleClassifyDataset/train/Vesicles/79-2--11000X--0025_Vesicles_1.tif,/Users/jason/Desktop/OrganelleClassifyDataset/test/Nucleus/RKO-WT-3--6800X--0006_Nucleus_1.tif,c23a2df5b487d384,d2093d237483f3cd,18,False,1
Autosome,Nucleus,Autosome/PW10--30000X--0042_Autosome_1.tif,Nucleus/RKO-WT-3--6800X--0008_Nucleus_1.tif,/Users/jason/Desktop/OrganelleClassifyDataset/train/Autosome/PW10--30000X--0042_Autosome_1.tif,/Users/jason/Desktop/OrganelleClassifyDataset/test/Nucleus/RKO-WT-3--6800X--0008_Nucleus_1.tif,ec8ab06d8ff818b1,ee2aa82eaab869b2,18,False,5
CellWall,Nucleus,CellWall/shd3_011_Cell_Wall_1.tif,Nucleus/RKO-WT-3--6800X--0008_Nucleus_1.tif,/Users/jason/Desktop/OrganelleClassifyDataset/train/CellWall/shd3_011_Cell_Wall_1.tif,/Users/jason/Desktop/OrganelleClassifyDataset/test/Nucleus/RKO-WT-3--6800X--0008_Nucleus_1.tif,c676b8370a9868fc,ee2aa82eaab869b2,18,False,5
Chloroplast,Nucleus,Chloroplast/309c_009_Chloroplast_1.tif,Nucleus/RKO-WT-3--6800X--0008_Nucleus_1.tif,/Users/jason/Desktop/OrganelleClassifyDataset/train/Chloroplast/309c_009_Chloroplast_1.tif,/Users/jason/Desktop/OrganelleClassifyDataset/test/Nucleus/RKO-WT-3--6800X--0008_Nucleus_1.tif,fe62e08db2b68932,ee2aa82eaab869b2,18,False,5
Chloroplast,Nucleus,Chloroplast/M9-1_007_Chloroplast_1.tif,Nucleus/RKO-WT-3--6800X--0008_Nucleus_1.tif,/Users/jason/Desktop/OrganelleClassifyDataset/train/Chloroplast/M9-1_007_Chloroplast_1.tif,/Users/jason/Desktop/OrganelleClassifyDataset/test/Nucleus/RKO-WT-3--6800X--0008_Nucleus_1.tif,ff78b026ce997102,ee2aa82eaab869b2,18,False,5
Mito,Nucleus,Mito/169--30000X--0049_Mito_1.tif,Nucleus/RKO-WT-3--6800X--0008_Nucleus_1.tif,/Users/jason/Desktop/OrganelleClassifyDataset/train/Mito/169--30000X--0049_Mito_1.tif,/Users/jason/Desktop/OrganelleClassifyDataset/test/Nucleus/RKO-WT-3--6800X--0008_Nucleus_1.tif,fa62843fce38e0a3,ee2aa82eaab869b2,18,False,5
Golgi,Nucleus,Golgi/47--9300X--0008_Golgi_4.tif,Nucleus/kw10-1--6800X--0018_Nucleus_1.tif,/Users/jason/Desktop/OrganelleClassifyDataset/train/Golgi/47--9300X--0008_Golgi_4.tif,/Users/jason/Desktop/OrganelleClassifyDataset/test/Nucleus/kw10-1--6800X--0018_Nucleus_1.tif,d4237a66af594287,c0676ae0e94be4c7,18,False,3
Nucleus,Nucleus,Nucleus/kw10-3--6800X--0078_Nucleus_1.tif,Nucleus/kw10-1--6800X--0018_Nucleus_1.tif,/Users/jason/Desktop/OrganelleClassifyDataset/train/Nucleus/kw10-3--6800X--0078_Nucleus_1.tif,/Users/jason/Desktop/OrganelleClassifyDataset/test/Nucleus/kw10-1--6800X--0018_Nucleus_1.tif,822b2a2ba9ebe297,c0676ae0e94be4c7,18,True,3
Vesicles,Nucleus,Vesicles/wt--30000X--0039_Vesicles_1.tif,Nucleus/kw10-1--6800X--0018_Nucleus_1.tif,/Users/jason/Desktop/OrganelleClassifyDataset/train/Vesicles/wt--30000X--0039_Vesicles_1.tif,/Users/jason/Desktop/OrganelleClassifyDataset/test/Nucleus/kw10-1--6800X--0018_Nucleus_1.tif,dc5b7260cbcb4cc4,c0676ae0e94be4c7,18,False,3
Vesicles,Nucleus,Vesicles/kw3-2--6800X--0056_Vesicles_5.tif,Nucleus/kw10-1--6800X--0045_Nucleus_1.tif,/Users/jason/Desktop/OrganelleClassifyDataset/train/Vesicles/kw3-2--6800X--0056_Vesicles_5.tif,/Users/jason/Desktop/OrganelleClassifyDataset/test/Nucleus/kw10-1--6800X--0045_Nucleus_1.tif,d8dc22fcdac8d851,9a7967bef1889841,18,False,1
ER,Nucleus,ER/3W-CD4-Ctrl3--30000X--0071_ER_1.tif,Nucleus/kw10-2--6800X--0021_Nucleus_1.tif,/Users/jason/Desktop/OrganelleClassifyDataset/train/ER/3W-CD4-Ctrl3--30000X--0071_ER_1.tif,/Users/jason/Desktop/OrganelleClassifyDataset/test/Nucleus/kw10-2--6800X--0021_Nucleus_1.tif,e8754c65366b30da,d9116ccff66a1258,18,False,1
Nucleus,Nucleus,Nucleus/KW10-3--4800X--0030_Nucleus_1.tif,Nucleus/kw10-3--6800X--0034_Nucleus_1.tif,/Users/jason/Desktop/OrganelleClassifyDataset/train/Nucleus/KW10-3--4800X--0030_Nucleus_1.tif,/Users/jason/Desktop/OrganelleClassifyDataset/test/Nucleus/kw10-3--6800X--0034_Nucleus_1.tif,d73778467149e41c,d6b139d271c0e13b,18,True,3
Nucleus,Nucleus,Nucleus/kw10-6--6800X--0010_Nucleus_1.tif,Nucleus/kw10-3--6800X--0034_Nucleus_1.tif,/Users/jason/Desktop/OrganelleClassifyDataset/train/Nucleus/kw10-6--6800X--0010_Nucleus_1.tif,/Users/jason/Desktop/OrganelleClassifyDataset/test/Nucleus/kw10-3--6800X--0034_Nucleus_1.tif,92b06dc535c5e399,d6b139d271c0e13b,18,True,3
Nucleus,Nucleus,Nucleus/kw10-7--6800X--0056_Nucleus_1.tif,Nucleus/kw10-3--6800X--0034_Nucleus_1.tif,/Users/jason/Desktop/OrganelleClassifyDataset/train/Nucleus/kw10-7--6800X--0056_Nucleus_1.tif,/Users/jason/Desktop/OrganelleClassifyDataset/test/Nucleus/kw10-3--6800X--0034_Nucleus_1.tif,ce71691e37c0e299,d6b139d271c0e13b,18,True,3
Autosome,Nucleus,Autosome/RKO-SEP-9--30000X--0012_Autosome_1.tif,Nucleus/kw10-3--6800X--0035_Nucleus_1.tif,/Users/jason/Desktop/OrganelleClassifyDataset/train/Autosome/RKO-SEP-9--30000X--0012_Autosome_1.tif,/Users/jason/Desktop/OrganelleClassifyDataset/test/Nucleus/kw10-3--6800X--0035_Nucleus_1.tif,f74f912c2b306c72,96ea390d0938fc7a,18,False,3
Chloroplast,Nucleus,Chloroplast/m-2_004_Chloroplast_13.tif,Nucleus/kw10-3--6800X--0035_Nucleus_1.tif,/Users/jason/Desktop/OrganelleClassifyDataset/train/Chloroplast/m-2_004_Chloroplast_13.tif,/Users/jason/Desktop/OrganelleClassifyDataset/test/Nucleus/kw10-3--6800X--0035_Nucleus_1.tif,aeead1ad88181d73,96ea390d0938fc7a,18,False,3
Vesicles,Nucleus,Vesicles/1-3-hkf--6800X--0003_Vesicles_2.tif,Nucleus/kw10-3--6800X--0035_Nucleus_1.tif,/Users/jason/Desktop/OrganelleClassifyDataset/train/Vesicles/1-3-hkf--6800X--0003_Vesicles_2.tif,/Users/jason/Desktop/OrganelleClassifyDataset/test/Nucleus/kw10-3--6800X--0035_Nucleus_1.tif,d2ea7c4f3031e0ba,96ea390d0938fc7a,18,False,3
CellWall,Nucleus,CellWall/qm-2_002_Cell_Wall_1.tif,Nucleus/kw10-4--6800X--0010_Nucleus_3.tif,/Users/jason/Desktop/OrganelleClassifyDataset/train/CellWall/qm-2_002_Cell_Wall_1.tif,/Users/jason/Desktop/OrganelleClassifyDataset/test/Nucleus/kw10-4--6800X--0010_Nucleus_3.tif,8699a6f8324e9cb3,989b6e683ac69c3c,18,False,2
Nucleus,Nucleus,Nucleus/c3--11000X--0009_Nucleus_1.tif,Nucleus/kw10-4--6800X--0010_Nucleus_3.tif,/Users/jason/Desktop/OrganelleClassifyDataset/train/Nucleus/c3--11000X--0009_Nucleus_1.tif,/Users/jason/Desktop/OrganelleClassifyDataset/test/Nucleus/kw10-4--6800X--0010_Nucleus_3.tif,9a08654fb3c7983e,989b6e683ac69c3c,18,True,2
Nucleus,Nucleus,Nucleus/wt-2--13000X--0115_Nucleus_1.tif,Nucleus/kw10-6--6800X--0007_Nucleus_1.tif,/Users/jason/Desktop/OrganelleClassifyDataset/train/Nucleus/wt-2--13000X--0115_Nucleus_1.tif,/Users/jason/Desktop/OrganelleClassifyDataset/test/Nucleus/kw10-6--6800X--0007_Nucleus_1.tif,865c2b74321b9de3,96dd2b24714a96f4,18,True,2
Vesicles,Nucleus,Vesicles/1-11000X--0026_Vesicles_3.tif,Nucleus/kw10-6--6800X--0007_Nucleus_1.tif,/Users/jason/Desktop/OrganelleClassifyDataset/train/Vesicles/1-11000X--0026_Vesicles_3.tif,/Users/jason/Desktop/OrganelleClassifyDataset/test/Nucleus/kw10-6--6800X--0007_Nucleus_1.tif,80a82f97f17896f4,96dd2b24714a96f4,18,False,2
Autosome,Nucleus,Autosome/1-3-hkf--6800X--0011_Autosome_1.tif,Nucleus/kw10-6--6800X--0016_Nucleus_1.tif,/Users/jason/Desktop/OrganelleClassifyDataset/train/Autosome/1-3-hkf--6800X--0011_Autosome_1.tif,/Users/jason/Desktop/OrganelleClassifyDataset/test/Nucleus/kw10-6--6800X--0016_Nucleus_1.tif,b436dac231c9279d,96836a8439c9377d,18,False,2
ER,Nucleus,ER/2+--6800X--0009_ER_1.tif,Nucleus/kw10-6--6800X--0016_Nucleus_1.tif,/Users/jason/Desktop/OrganelleClassifyDataset/train/ER/2+--6800X--0009_ER_1.tif,/Users/jason/Desktop/OrganelleClassifyDataset/test/Nucleus/kw10-6--6800X--0016_Nucleus_1.tif,d5c52ac835cd8579,96836a8439c9377d,18,False,2
CellWall,Nucleus,CellWall/SHD-10_024_Cell_Wall_1.tif,Nucleus/wt-7--6800X--0027_Nucleus_1.tif,/Users/jason/Desktop/OrganelleClassifyDataset/train/CellWall/SHD-10_024_Cell_Wall_1.tif,/Users/jason/Desktop/OrganelleClassifyDataset/test/Nucleus/wt-7--6800X--0027_Nucleus_1.tif,ec3e96496992b2a3,c991944d6197b36b,18,False,3
CellWall,Nucleus,CellWall/shd-8_005_Cell_Wall_1.tif,Nucleus/wt-7--6800X--0027_Nucleus_1.tif,/Users/jason/Desktop/OrganelleClassifyDataset/train/CellWall/shd-8_005_Cell_Wall_1.tif,/Users/jason/Desktop/OrganelleClassifyDataset/test/Nucleus/wt-7--6800X--0027_Nucleus_1.tif,c080a17d7e9fa369,c991944d6197b36b,18,False,3
Vesicles,Nucleus,Vesicles/k-1--6800X--0004_Vesicles_1.tif,Nucleus/wt-7--6800X--0027_Nucleus_1.tif,/Users/jason/Desktop/OrganelleClassifyDataset/train/Vesicles/k-1--6800X--0004_Vesicles_1.tif,/Users/jason/Desktop/OrganelleClassifyDataset/test/Nucleus/wt-7--6800X--0027_Nucleus_1.tif,cd203c6d70b3d33a,c991944d6197b36b,18,False,3
CellWall,Nucleus,CellWall/qm1_004_Cell_Wall_1.tif,Nucleus/wt-7--6800X--0072_Nucleus_1.tif,/Users/jason/Desktop/OrganelleClassifyDataset/train/CellWall/qm1_004_Cell_Wall_1.tif,/Users/jason/Desktop/OrganelleClassifyDataset/test/Nucleus/wt-7--6800X--0072_Nucleus_1.tif,bb64716973328572,d3847c497266cde2,18,False,3
Golgi,Nucleus,Golgi/6W-10nm_GR-2--30000X--0048_Golgi_1.tif,Nucleus/wt-7--6800X--0072_Nucleus_1.tif,/Users/jason/Desktop/OrganelleClassifyDataset/train/Golgi/6W-10nm_GR-2--30000X--0048_Golgi_1.tif,/Users/jason/Desktop/OrganelleClassifyDataset/test/Nucleus/wt-7--6800X--0072_Nucleus_1.tif,91907c8ecc66dfa2,d3847c497266cde2,18,False,3
Vesicles,Nucleus,Vesicles/kw3-2--6800X--0056_Vesicles_1.tif,Nucleus/wt-7--6800X--0072_Nucleus_1.tif,/Users/jason/Desktop/OrganelleClassifyDataset/train/Vesicles/kw3-2--6800X--0056_Vesicles_1.tif,/Users/jason/Desktop/OrganelleClassifyDataset/test/Nucleus/wt-7--6800X--0072_Nucleus_1.tif,839174ddf321cdc8,d3847c497266cde2,18,False,3
Autosome,Vesicles,Autosome/1--30000X--0006_Autosome_5.tif,Vesicles/#3--23000X--0028_Vesicles_2.tif,/Users/jason/Desktop/OrganelleClassifyDataset/train/Autosome/1--30000X--0006_Autosome_5.tif,/Users/jason/Desktop/OrganelleClassifyDataset/test/Vesicles/#3--23000X--0028_Vesicles_2.tif,ef50b48d9e3c9990,8f52270e973e9871,18,False,6
Chloroplast,Vesicles,Chloroplast/M8_014_Chloroplast_1.tif,Vesicles/#3--23000X--0028_Vesicles_2.tif,/Users/jason/Desktop/OrganelleClassifyDataset/train/Chloroplast/M8_014_Chloroplast_1.tif,/Users/jason/Desktop/OrganelleClassifyDataset/test/Vesicles/#3--23000X--0028_Vesicles_2.tif,ea42c50d873d9bb1,8f52270e973e9871,18,False,6
Mito,Vesicles,Mito/M_J83--30000X--0044_Mito_1.tif,Vesicles/#3--23000X--0028_Vesicles_2.tif,/Users/jason/Desktop/OrganelleClassifyDataset/train/Mito/M_J83--30000X--0044_Mito_1.tif,/Users/jason/Desktop/OrganelleClassifyDataset/test/Vesicles/#3--23000X--0028_Vesicles_2.tif,ab68b408971e9e7c,8f52270e973e9871,18,False,6
Vesicles,Vesicles,Vesicles/79-1--11000X--0016_Vesicles_1.tif,Vesicles/#3--23000X--0028_Vesicles_2.tif,/Users/jason/Desktop/OrganelleClassifyDataset/train/Vesicles/79-1--11000X--0016_Vesicles_1.tif,/Users/jason/Desktop/OrganelleClassifyDataset/test/Vesicles/#3--23000X--0028_Vesicles_2.tif,9b53258a8a3da8b7,8f52270e973e9871,18,True,6
Vesicles,Vesicles,Vesicles/wt-2--6800X--0077_Vesicles_1.tif,Vesicles/#3--23000X--0028_Vesicles_2.tif,/Users/jason/Desktop/OrganelleClassifyDataset/train/Vesicles/wt-2--6800X--0077_Vesicles_1.tif,/Users/jason/Desktop/OrganelleClassifyDataset/test/Vesicles/#3--23000X--0028_Vesicles_2.tif,9f3021cfd6bcd052,8f52270e973e9871,18,True,6
Vesicles,Vesicles,Vesicles/wt-6--6800X--0052_Vesicles_4.tif,Vesicles/#3--23000X--0028_Vesicles_2.tif,/Users/jason/Desktop/OrganelleClassifyDataset/train/Vesicles/wt-6--6800X--0052_Vesicles_4.tif,/Users/jason/Desktop/OrganelleClassifyDataset/test/Vesicles/#3--23000X--0028_Vesicles_2.tif,8e5a25ce8e144cf7,8f52270e973e9871,18,True,6
CellWall,Vesicles,CellWall/HST-TREAT_007_Cell_Wall_4.tif,Vesicles/1-1shiyan--23000X--0018_Vesicles_1.tif,/Users/jason/Desktop/OrganelleClassifyDataset/train/CellWall/HST-TREAT_007_Cell_Wall_4.tif,/Users/jason/Desktop/OrganelleClassifyDataset/test/Vesicles/1-1shiyan--23000X--0018_Vesicles_1.tif,e38fb267604983e6,c38d3dad6069ca6a,18,False,3
CellWall,Vesicles,CellWall/essam21_009_Cell_Wall_1.tif,Vesicles/1-1shiyan--23000X--0018_Vesicles_1.tif,/Users/jason/Desktop/OrganelleClassifyDataset/train/CellWall/essam21_009_Cell_Wall_1.tif,/Users/jason/Desktop/OrganelleClassifyDataset/test/Vesicles/1-1shiyan--23000X--0018_Vesicles_1.tif,c2ddbd25ab3aca02,c38d3dad6069ca6a,18,False,3
Vesicles,Vesicles,Vesicles/LA+1170--6800X--0007_Vesicles_6.tif,Vesicles/1-1shiyan--23000X--0018_Vesicles_1.tif,/Users/jason/Desktop/OrganelleClassifyDataset/train/Vesicles/LA+1170--6800X--0007_Vesicles_6.tif,/Users/jason/Desktop/OrganelleClassifyDataset/test/Vesicles/1-1shiyan--23000X--0018_Vesicles_1.tif,934f3d34b0688f69,c38d3dad6069ca6a,18,True,3
CellWall,Vesicles,CellWall/12-1-1_012_Cell_Wall_2.tif,Vesicles/1-2-hsfnc_lJ--23000X--0015_Vesicles_1.tif,/Users/jason/Desktop/OrganelleClassifyDataset/train/CellWall/12-1-1_012_Cell_Wall_2.tif,/Users/jason/Desktop/OrganelleClassifyDataset/test/Vesicles/1-2-hsfnc_lJ--23000X--0015_Vesicles_1.tif,d6d12ddd700cd174,c2503d5ff029dbc1,18,False,4
Vesicles,Vesicles,Vesicles/1-2-hsfnc_lJ--23000X--0020_Vesicles_1.tif,Vesicles/1-2-hsfnc_lJ--23000X--0015_Vesicles_1.tif,/Users/jason/Desktop/OrganelleClassifyDataset/train/Vesicles/1-2-hsfnc_lJ--23000X--0020_Vesicles_1.tif,/Users/jason/Desktop/OrganelleClassifyDataset/test/Vesicles/1-2-hsfnc_lJ--23000X--0015_Vesicles_1.tif,caf23c5f80f29b03,c2503d5ff029dbc1,18,True,4
Vesicles,Vesicles,Vesicles/3--6800X--0005_Vesicles_3.tif,Vesicles/1-2-hsfnc_lJ--23000X--0015_Vesicles_1.tif,/Users/jason/Desktop/OrganelleClassifyDataset/train/Vesicles/3--6800X--0005_Vesicles_3.tif,/Users/jason/Desktop/OrganelleClassifyDataset/test/Vesicles/1-2-hsfnc_lJ--23000X--0015_Vesicles_1.tif,8e04393cf2f99ae1,c2503d5ff029dbc1,18,True,4
Vesicles,Vesicles,Vesicles/kw3-2--6800X--0056_Vesicles_1.tif,Vesicles/1-2-hsfnc_lJ--23000X--0015_Vesicles_1.tif,/Users/jason/Desktop/OrganelleClassifyDataset/train/Vesicles/kw3-2--6800X--0056_Vesicles_1.tif,/Users/jason/Desktop/OrganelleClassifyDataset/test/Vesicles/1-2-hsfnc_lJ--23000X--0015_Vesicles_1.tif,839174ddf321cdc8,c2503d5ff029dbc1,18,True,4
Mito,Vesicles,Mito/13-R-B--18500X--0013_Mito_1.tif,Vesicles/1-2-hsfnc_lJ--6800X--0013_Vesicles_4.tif,/Users/jason/Desktop/OrganelleClassifyDataset/train/Mito/13-R-B--18500X--0013_Mito_1.tif,/Users/jason/Desktop/OrganelleClassifyDataset/test/Vesicles/1-2-hsfnc_lJ--6800X--0013_Vesicles_4.tif,a0fd83d8c258de1d,92fc21f2c7d8dc21,18,False,6
Nucleus,Vesicles,Nucleus/kw10-4--6800X--0026_Nucleus_1.tif,Vesicles/1-2-hsfnc_lJ--6800X--0013_Vesicles_4.tif,/Users/jason/Desktop/OrganelleClassifyDataset/train/Nucleus/kw10-4--6800X--0026_Nucleus_1.tif,/Users/jason/Desktop/OrganelleClassifyDataset/test/Vesicles/1-2-hsfnc_lJ--6800X--0013_Vesicles_4.tif,ae9cb1b2d3c88a2d,92fc21f2c7d8dc21,18,False,6
Vesicles,Vesicles,Vesicles/1-11000X--0026_Vesicles_1.tif,Vesicles/1-2-hsfnc_lJ--6800X--0013_Vesicles_4.tif,/Users/jason/Desktop/OrganelleClassifyDataset/train/Vesicles/1-11000X--0026_Vesicles_1.tif,/Users/jason/Desktop/OrganelleClassifyDataset/test/Vesicles/1-2-hsfnc_lJ--6800X--0013_Vesicles_4.tif,9a7d619282697d65,92fc21f2c7d8dc21,18,True,6
Vesicles,Vesicles,Vesicles/ISO-3--30000X--0053_Vesicles_1.tif,Vesicles/1-2-hsfnc_lJ--6800X--0013_Vesicles_4.tif,/Users/jason/Desktop/OrganelleClassifyDataset/train/Vesicles/ISO-3--30000X--0053_Vesicles_1.tif,/Users/jason/Desktop/OrganelleClassifyDataset/test/Vesicles/1-2-hsfnc_lJ--6800X--0013_Vesicles_4.tif,ded5209b8748cc75,92fc21f2c7d8dc21,18,True,6
Vesicles,Vesicles,Vesicles/k-1--30000X--0016_Vesicles_1.tif,Vesicles/1-2-hsfnc_lJ--6800X--0013_Vesicles_4.tif,/Users/jason/Desktop/OrganelleClassifyDataset/train/Vesicles/k-1--30000X--0016_Vesicles_1.tif,/Users/jason/Desktop/OrganelleClassifyDataset/test/Vesicles/1-2-hsfnc_lJ--6800X--0013_Vesicles_4.tif,8ed43976e298d874,92fc21f2c7d8dc21,18,True,6
Vesicles,Vesicles,Vesicles/kw3-2--6800X--0056_Vesicles_5.tif,Vesicles/1-2-hsfnc_lJ--6800X--0013_Vesicles_4.tif,/Users/jason/Desktop/OrganelleClassifyDataset/train/Vesicles/kw3-2--6800X--0056_Vesicles_5.tif,/Users/jason/Desktop/OrganelleClassifyDataset/test/Vesicles/1-2-hsfnc_lJ--6800X--0013_Vesicles_4.tif,d8dc22fcdac8d851,92fc21f2c7d8dc21,18,True,6
Golgi,Vesicles,Golgi/58-WT--18500X--0030_Golgi_1.tif,Vesicles/169--30000X--0049_Vesicles_1.tif,/Users/jason/Desktop/OrganelleClassifyDataset/train/Golgi/58-WT--18500X--0030_Golgi_1.tif,/Users/jason/Desktop/OrganelleClassifyDataset/test/Vesicles/169--30000X--0049_Vesicles_1.tif,a167d0b6d61a5b0e,ada5b0b4db9a388c,18,False,6
Vesicles,Vesicles,Vesicles/1--18500X--0029_Vesicles_1.tif,Vesicles/169--30000X--0049_Vesicles_1.tif,/Users/jason/Desktop/OrganelleClassifyDataset/train/Vesicles/1--18500X--0029_Vesicles_1.tif,/Users/jason/Desktop/OrganelleClassifyDataset/test/Vesicles/169--30000X--0049_Vesicles_1.tif,cd363234cfeb340c,ada5b0b4db9a388c,18,True,6
Vesicles,Vesicles,Vesicles/1--30000X--0007_Vesicles_5.tif,Vesicles/169--30000X--0049_Vesicles_1.tif,/Users/jason/Desktop/OrganelleClassifyDataset/train/Vesicles/1--30000X--0007_Vesicles_5.tif,/Users/jason/Desktop/OrganelleClassifyDataset/test/Vesicles/169--30000X--0049_Vesicles_1.tif,8fc170a2cbdb6c2c,ada5b0b4db9a388c,18,True,6
Vesicles,Vesicles,Vesicles/LA+1170--30000X--0013_Vesicles_1.tif,Vesicles/169--30000X--0049_Vesicles_1.tif,/Users/jason/Desktop/OrganelleClassifyDataset/train/Vesicles/LA+1170--30000X--0013_Vesicles_1.tif,/Users/jason/Desktop/OrganelleClassifyDataset/test/Vesicles/169--30000X--0049_Vesicles_1.tif,ef26f030c3832dce,ada5b0b4db9a388c,18,True,6
Vesicles,Vesicles,Vesicles/gfp-bsa--30000X--0035_Vesicles_1.tif,Vesicles/169--30000X--0049_Vesicles_1.tif,/Users/jason/Desktop/OrganelleClassifyDataset/train/Vesicles/gfp-bsa--30000X--0035_Vesicles_1.tif,/Users/jason/Desktop/OrganelleClassifyDataset/test/Vesicles/169--30000X--0049_Vesicles_1.tif,8f9d7434cb970d88,ada5b0b4db9a388c,18,True,6
Vesicles,Vesicles,Vesicles/kw3-4--6800X--0026_Vesicles_1.tif,Vesicles/169--30000X--0049_Vesicles_1.tif,/Users/jason/Desktop/OrganelleClassifyDataset/train/Vesicles/kw3-4--6800X--0026_Vesicles_1.tif,/Users/jason/Desktop/OrganelleClassifyDataset/test/Vesicles/169--30000X--0049_Vesicles_1.tif,cfa5f0708bcc3c07,ada5b0b4db9a388c,18,True,6
CellWall,Vesicles,CellWall/19-1-1_003_Cell_Wall_1.tif,Vesicles/2+--6800X--0006_Vesicles_2.tif,/Users/jason/Desktop/OrganelleClassifyDataset/train/CellWall/19-1-1_003_Cell_Wall_1.tif,/Users/jason/Desktop/OrganelleClassifyDataset/test/Vesicles/2+--6800X--0006_Vesicles_2.tif,8bf8750bd4e02f94,cbc87d1e92a38b92,18,False,9
Nucleus,Vesicles,Nucleus/RKO-SEP-0--6800X--0002_Nucleus_1.tif,Vesicles/2+--6800X--0006_Vesicles_2.tif,/Users/jason/Desktop/OrganelleClassifyDataset/train/Nucleus/RKO-SEP-0--6800X--0002_Nucleus_1.tif,/Users/jason/Desktop/OrganelleClassifyDataset/test/Vesicles/2+--6800X--0006_Vesicles_2.tif,ea092d2cb2ea8bb9,cbc87d1e92a38b92,18,False,9
Nucleus,Vesicles,Nucleus/kw10-4--6800X--0010_Nucleus_2.tif,Vesicles/2+--6800X--0006_Vesicles_2.tif,/Users/jason/Desktop/OrganelleClassifyDataset/train/Nucleus/kw10-4--6800X--0010_Nucleus_2.tif,/Users/jason/Desktop/OrganelleClassifyDataset/test/Vesicles/2+--6800X--0006_Vesicles_2.tif,ce686918d6f09e9a,cbc87d1e92a38b92,18,False,9
Vesicles,Vesicles,Vesicles/1-2-hsfnc_lJ--23000X--0020_Vesicles_1.tif,Vesicles/2+--6800X--0006_Vesicles_2.tif,/Users/jason/Desktop/OrganelleClassifyDataset/train/Vesicles/1-2-hsfnc_lJ--23000X--0020_Vesicles_1.tif,/Users/jason/Desktop/OrganelleClassifyDataset/test/Vesicles/2+--6800X--0006_Vesicles_2.tif,caf23c5f80f29b03,cbc87d1e92a38b92,18,True,9
Vesicles,Vesicles,Vesicles/2+--30000X--0025_Vesicles_1.tif,Vesicles/2+--6800X--0006_Vesicles_2.tif,/Users/jason/Desktop/OrganelleClassifyDataset/train/Vesicles/2+--30000X--0025_Vesicles_1.tif,/Users/jason/Desktop/OrganelleClassifyDataset/test/Vesicles/2+--6800X--0006_Vesicles_2.tif,da49691e964b9a35,cbc87d1e92a38b92,18,True,9
Vesicles,Vesicles,Vesicles/G50802--18500X--0018_Vesicles_1.tif,Vesicles/2+--6800X--0006_Vesicles_2.tif,/Users/jason/Desktop/OrganelleClassifyDataset/train/Vesicles/G50802--18500X--0018_Vesicles_1.tif,/Users/jason/Desktop/OrganelleClassifyDataset/test/Vesicles/2+--6800X--0006_Vesicles_2.tif,da4a617996629b9a,cbc87d1e92a38b92,18,True,9
Vesicles,Vesicles,Vesicles/LA--30000X--0042_Vesicles_1.tif,Vesicles/2+--6800X--0006_Vesicles_2.tif,/Users/jason/Desktop/OrganelleClassifyDataset/train/Vesicles/LA--30000X--0042_Vesicles_1.tif,/Users/jason/Desktop/OrganelleClassifyDataset/test/Vesicles/2+--6800X--0006_Vesicles_2.tif,cbc07c8af3818aed,cbc87d1e92a38b92,18,True,9
Vesicles,Vesicles,Vesicles/kw10-6--6800X--0044_Vesicles_2.tif,Vesicles/2+--6800X--0006_Vesicles_2.tif,/Users/jason/Desktop/OrganelleClassifyDataset/train/Vesicles/kw10-6--6800X--0044_Vesicles_2.tif,/Users/jason/Desktop/OrganelleClassifyDataset/test/Vesicles/2+--6800X--0006_Vesicles_2.tif,8acb7d2ca275ea82,cbc87d1e92a38b92,18,True,9
Vesicles,Vesicles,Vesicles/kw10-6--6800X--0050_Vesicles_1.tif,Vesicles/2+--6800X--0006_Vesicles_2.tif,/Users/jason/Desktop/OrganelleClassifyDataset/train/Vesicles/kw10-6--6800X--0050_Vesicles_1.tif,/Users/jason/Desktop/OrganelleClassifyDataset/test/Vesicles/2+--6800X--0006_Vesicles_2.tif,8ac93dabb2529b91,cbc87d1e92a38b92,18,True,9
CellWall,Vesicles,CellWall/1-1-llq_009_Cell_Wall_1.tif,Vesicles/2--30000X--0018_Vesicles_2.tif,/Users/jason/Desktop/OrganelleClassifyDataset/train/CellWall/1-1-llq_009_Cell_Wall_1.tif,/Users/jason/Desktop/OrganelleClassifyDataset/test/Vesicles/2--30000X--0018_Vesicles_2.tif,eec5342dc23c55a6,8f76742acafc5520,18,False,3
Mito,Vesicles,Mito/R3--49000X--0022_Mito_2.tif,Vesicles/2--30000X--0018_Vesicles_2.tif,/Users/jason/Desktop/OrganelleClassifyDataset/train/Mito/R3--49000X--0022_Mito_2.tif,/Users/jason/Desktop/OrganelleClassifyDataset/test/Vesicles/2--30000X--0018_Vesicles_2.tif,ad95f000c3fcdd68,8f76742acafc5520,18,False,3
Vesicles,Vesicles,Vesicles/2--30000X--0013_Vesicles_1.tif,Vesicles/2--30000X--0018_Vesicles_2.tif,/Users/jason/Desktop/OrganelleClassifyDataset/train/Vesicles/2--30000X--0013_Vesicles_1.tif,/Users/jason/Desktop/OrganelleClassifyDataset/test/Vesicles/2--30000X--0018_Vesicles_2.tif,8b77708a8b2bdc26,8f76742acafc5520,18,True,3
Chloroplast,Vesicles,Chloroplast/1.1_009_Chloroplast_7.tif,Vesicles/G50802--18500X--0015_Vesicles_1.tif,/Users/jason/Desktop/OrganelleClassifyDataset/train/Chloroplast/1.1_009_Chloroplast_7.tif,/Users/jason/Desktop/OrganelleClassifyDataset/test/Vesicles/G50802--18500X--0015_Vesicles_1.tif,ff3ca0859e338c4a,dcfe71248e336c0a,18,False,5
Chloroplast,Vesicles,Chloroplast/HNNA_001_Chloroplast_12.tif,Vesicles/G50802--18500X--0015_Vesicles_1.tif,/Users/jason/Desktop/OrganelleClassifyDataset/train/Chloroplast/HNNA_001_Chloroplast_12.tif,/Users/jason/Desktop/OrganelleClassifyDataset/test/Vesicles/G50802--18500X--0015_Vesicles_1.tif,eaf8732e8c296dc0,dcfe71248e336c0a,18,False,5
Nucleus,Vesicles,Nucleus/kw10-3--6800X--0068_Nucleus_2.tif,Vesicles/G50802--18500X--0015_Vesicles_1.tif,/Users/jason/Desktop/OrganelleClassifyDataset/train/Nucleus/kw10-3--6800X--0068_Nucleus_2.tif,/Users/jason/Desktop/OrganelleClassifyDataset/test/Vesicles/G50802--18500X--0015_Vesicles_1.tif,e65de1368813ec9a,dcfe71248e336c0a,18,False,5
Vesicles,Vesicles,Vesicles/#3--23000X--0091_Vesicles_1.tif,Vesicles/G50802--18500X--0015_Vesicles_1.tif,/Users/jason/Desktop/OrganelleClassifyDataset/train/Vesicles/#3--23000X--0091_Vesicles_1.tif,/Users/jason/Desktop/OrganelleClassifyDataset/test/Vesicles/G50802--18500X--0015_Vesicles_1.tif,9fde610386b5589a,dcfe71248e336c0a,18,True,5
Vesicles,Vesicles,Vesicles/LA--30000X--0028_Vesicles_1.tif,Vesicles/G50802--18500X--0015_Vesicles_1.tif,/Users/jason/Desktop/OrganelleClassifyDataset/train/Vesicles/LA--30000X--0028_Vesicles_1.tif,/Users/jason/Desktop/OrganelleClassifyDataset/test/Vesicles/G50802--18500X--0015_Vesicles_1.tif,cbbd70248232dd9b,dcfe71248e336c0a,18,True,5
Vesicles,Vesicles,Vesicles/1-1shiyan--6800X--0012_Vesicles_3.tif,Vesicles/LA+1170--30000X--0009_Vesicles_2.tif,/Users/jason/Desktop/OrganelleClassifyDataset/train/Vesicles/1-1shiyan--6800X--0012_Vesicles_3.tif,/Users/jason/Desktop/OrganelleClassifyDataset/test/Vesicles/LA+1170--30000X--0009_Vesicles_2.tif,e86df1748d8534cc,da7de12b9f861488,18,True,2
Vesicles,Vesicles,Vesicles/LA--30000X--0022_Vesicles_2.tif,Vesicles/LA+1170--30000X--0009_Vesicles_2.tif,/Users/jason/Desktop/OrganelleClassifyDataset/train/Vesicles/LA--30000X--0022_Vesicles_2.tif,/Users/jason/Desktop/OrganelleClassifyDataset/test/Vesicles/LA+1170--30000X--0009_Vesicles_2.tif,cf3de02dd2a64d82,da7de12b9f861488,18,True,2
Autosome,Vesicles,Autosome/2--30000X--0007_Autosome_1.tif,Vesicles/LA+1170--30000X--0014_Vesicles_2.tif,/Users/jason/Desktop/OrganelleClassifyDataset/train/Autosome/2--30000X--0007_Autosome_1.tif,/Users/jason/Desktop/OrganelleClassifyDataset/test/Vesicles/LA+1170--30000X--0014_Vesicles_2.tif,bc2d853d1e1c385b,b80db77f8a1b0c49,18,False,2
Golgi,Vesicles,Golgi/1-1shiyan--6800X--0004_Golgi_1.tif,Vesicles/LA+1170--30000X--0014_Vesicles_2.tif,/Users/jason/Desktop/OrganelleClassifyDataset/train/Golgi/1-1shiyan--6800X--0004_Golgi_1.tif,/Users/jason/Desktop/OrganelleClassifyDataset/test/Vesicles/LA+1170--30000X--0014_Vesicles_2.tif,981d3733b6472d0d,b80db77f8a1b0c49,18,False,2
Golgi,Vesicles,Golgi/kw10-4--6800X--0040_Golgi_1.tif,Vesicles/LA+1170--30000X--0029_Vesicles_1.tif,/Users/jason/Desktop/OrganelleClassifyDataset/train/Golgi/kw10-4--6800X--0040_Golgi_1.tif,/Users/jason/Desktop/OrganelleClassifyDataset/test/Vesicles/LA+1170--30000X--0029_Vesicles_1.tif,e4a782a3bc5abd50,ad2722b2bc983357,18,False,1
Nucleus,Vesicles,Nucleus/KW10-3--6800X--0061_Nucleus_1.tif,Vesicles/LA+1170--6800X--0007_Vesicles_1.tif,/Users/jason/Desktop/OrganelleClassifyDataset/train/Nucleus/KW10-3--6800X--0061_Nucleus_1.tif,/Users/jason/Desktop/OrganelleClassifyDataset/test/Vesicles/LA+1170--6800X--0007_Vesicles_1.tif,80fdb4fcd2f0da80,8bee367ad8b0cd80,18,False,2
Vesicles,Vesicles,Vesicles/LA--30000X--0045_Vesicles_3.tif,Vesicles/LA+1170--6800X--0007_Vesicles_1.tif,/Users/jason/Desktop/OrganelleClassifyDataset/train/Vesicles/LA--30000X--0045_Vesicles_3.tif,/Users/jason/Desktop/OrganelleClassifyDataset/test/Vesicles/LA+1170--6800X--0007_Vesicles_1.tif,cf26343ad321cd66,8bee367ad8b0cd80,18,True,2
CellWall,Vesicles,CellWall/12-1-1_008_Cell_Wall_2.tif,Vesicles/LA+1170--6800X--0007_Vesicles_7.tif,/Users/jason/Desktop/OrganelleClassifyDataset/train/CellWall/12-1-1_008_Cell_Wall_2.tif,/Users/jason/Desktop/OrganelleClassifyDataset/test/Vesicles/LA+1170--6800X--0007_Vesicles_7.tif,92ed241bc4d2bd2e,8aed34268593d73c,18,False,2
Mito,Vesicles,Mito/wt-7--13000X--0141_Mito_2.tif,Vesicles/LA+1170--6800X--0007_Vesicles_7.tif,/Users/jason/Desktop/OrganelleClassifyDataset/train/Mito/wt-7--13000X--0141_Mito_2.tif,/Users/jason/Desktop/OrganelleClassifyDataset/test/Vesicles/LA+1170--6800X--0007_Vesicles_7.tif,abf530828643dd37,8aed34268593d73c,18,False,2
CellWall,Vesicles,CellWall/lyn8_004_Cell_Wall_3.tif,Vesicles/LA--30000X--0050_Vesicles_3.tif,/Users/jason/Desktop/OrganelleClassifyDataset/train/CellWall/lyn8_004_Cell_Wall_3.tif,/Users/jason/Desktop/OrganelleClassifyDataset/test/Vesicles/LA--30000X--0050_Vesicles_3.tif,a5ccf336c9330ec1,c58e3a32e9b179c1,18,False,3
CellWall,Vesicles,CellWall/txy-wt_005_Cell_Wall_1.tif,Vesicles/LA--30000X--0050_Vesicles_3.tif,/Users/jason/Desktop/OrganelleClassifyDataset/train/CellWall/txy-wt_005_Cell_Wall_1.tif,/Users/jason/Desktop/OrganelleClassifyDataset/test/Vesicles/LA--30000X--0050_Vesicles_3.tif,85ca65f2f9a56861,c58e3a32e9b179c1,18,False,3
Nucleus,Vesicles,Nucleus/kw10-6--6800X--0003_Nucleus_2.tif,Vesicles/LA--30000X--0050_Vesicles_3.tif,/Users/jason/Desktop/OrganelleClassifyDataset/train/Nucleus/kw10-6--6800X--0003_Nucleus_2.tif,/Users/jason/Desktop/OrganelleClassifyDataset/test/Vesicles/LA--30000X--0050_Vesicles_3.tif,c4ea3ba463d1e943,c58e3a32e9b179c1,18,False,3
CellWall,Vesicles,CellWall/mkb8_009_Cell_Wall_1.tif,Vesicles/WT+LA--6800X--0009_Vesicles_3.tif,/Users/jason/Desktop/OrganelleClassifyDataset/train/CellWall/mkb8_009_Cell_Wall_1.tif,/Users/jason/Desktop/OrganelleClassifyDataset/test/Vesicles/WT+LA--6800X--0009_Vesicles_3.tif,89f870d0ca3cddf0,cb3d60bbc239dc50,18,False,11
CellWall,Vesicles,CellWall/wht2_021_Cell_Wall_1.tif,Vesicles/WT+LA--6800X--0009_Vesicles_3.tif,/Users/jason/Desktop/OrganelleClassifyDataset/train/CellWall/wht2_021_Cell_Wall_1.tif,/Users/jason/Desktop/OrganelleClassifyDataset/test/Vesicles/WT+LA--6800X--0009_Vesicles_3.tif,bb15c062c371dcdc,cb3d60bbc239dc50,18,False,11
Vesicles,Vesicles,Vesicles/1--30000X--0009_Vesicles_1.tif,Vesicles/WT+LA--6800X--0009_Vesicles_3.tif,/Users/jason/Desktop/OrganelleClassifyDataset/train/Vesicles/1--30000X--0009_Vesicles_1.tif,/Users/jason/Desktop/OrganelleClassifyDataset/test/Vesicles/WT+LA--6800X--0009_Vesicles_3.tif,8fe9601b83fd8d30,cb3d60bbc239dc50,18,True,11
Vesicles,Vesicles,Vesicles/1-11000X--0026_Vesicles_1.tif,Vesicles/WT+LA--6800X--0009_Vesicles_3.tif,/Users/jason/Desktop/OrganelleClassifyDataset/train/Vesicles/1-11000X--0026_Vesicles_1.tif,/Users/jason/Desktop/OrganelleClassifyDataset/test/Vesicles/WT+LA--6800X--0009_Vesicles_3.tif,9a7d619282697d65,cb3d60bbc239dc50,18,True,11
Vesicles,Vesicles,Vesicles/1-2-hsfnc_lJ--23000X--0020_Vesicles_2.tif,Vesicles/WT+LA--6800X--0009_Vesicles_3.tif,/Users/jason/Desktop/OrganelleClassifyDataset/train/Vesicles/1-2-hsfnc_lJ--23000X--0020_Vesicles_2.tif,/Users/jason/Desktop/OrganelleClassifyDataset/test/Vesicles/WT+LA--6800X--0009_Vesicles_3.tif,c32130d7cb2d9c73,cb3d60bbc239dc50,18,True,11
Vesicles,Vesicles,Vesicles/169--6800X--0025_Vesicles_1.tif,Vesicles/WT+LA--6800X--0009_Vesicles_3.tif,/Users/jason/Desktop/OrganelleClassifyDataset/train/Vesicles/169--6800X--0025_Vesicles_1.tif,/Users/jason/Desktop/OrganelleClassifyDataset/test/Vesicles/WT+LA--6800X--0009_Vesicles_3.tif,df2e60d2c32c8c76,cb3d60bbc239dc50,18,True,11
Vesicles,Vesicles,Vesicles/2--30000X--0013_Vesicles_1.tif,Vesicles/WT+LA--6800X--0009_Vesicles_3.tif,/Users/jason/Desktop/OrganelleClassifyDataset/train/Vesicles/2--30000X--0013_Vesicles_1.tif,/Users/jason/Desktop/OrganelleClassifyDataset/test/Vesicles/WT+LA--6800X--0009_Vesicles_3.tif,8b77708a8b2bdc26,cb3d60bbc239dc50,18,True,11
Vesicles,Vesicles,Vesicles/3--6800X--0007_Vesicles_2.tif,Vesicles/WT+LA--6800X--0009_Vesicles_3.tif,/Users/jason/Desktop/OrganelleClassifyDataset/train/Vesicles/3--6800X--0007_Vesicles_2.tif,/Users/jason/Desktop/OrganelleClassifyDataset/test/Vesicles/WT+LA--6800X--0009_Vesicles_3.tif,da31606b57ad9750,cb3d60bbc239dc50,18,True,11
Vesicles,Vesicles,Vesicles/G50802--18500X--0011_Vesicles_1.tif,Vesicles/WT+LA--6800X--0009_Vesicles_3.tif,/Users/jason/Desktop/OrganelleClassifyDataset/train/Vesicles/G50802--18500X--0011_Vesicles_1.tif,/Users/jason/Desktop/OrganelleClassifyDataset/test/Vesicles/WT+LA--6800X--0009_Vesicles_3.tif,df5070ffca304d11,cb3d60bbc239dc50,18,True,11
Vesicles,Vesicles,Vesicles/LA--30000X--0028_Vesicles_1.tif,Vesicles/WT+LA--6800X--0009_Vesicles_3.tif,/Users/jason/Desktop/OrganelleClassifyDataset/train/Vesicles/LA--30000X--0028_Vesicles_1.tif,/Users/jason/Desktop/OrganelleClassifyDataset/test/Vesicles/WT+LA--6800X--0009_Vesicles_3.tif,cbbd70248232dd9b,cb3d60bbc239dc50,18,True,11
Vesicles,Vesicles,Vesicles/LA--30000X--0051_Vesicles_1.tif,Vesicles/WT+LA--6800X--0009_Vesicles_3.tif,/Users/jason/Desktop/OrganelleClassifyDataset/train/Vesicles/LA--30000X--0051_Vesicles_1.tif,/Users/jason/Desktop/OrganelleClassifyDataset/test/Vesicles/WT+LA--6800X--0009_Vesicles_3.tif,da34657f8670da90,cb3d60bbc239dc50,18,True,11
Autosome,Vesicles,Autosome/PG3--68000X--0004_Autosome_1.tif,Vesicles/WT2--30000X--0018_Vesicles_1.tif,/Users/jason/Desktop/OrganelleClassifyDataset/train/Autosome/PG3--68000X--0004_Autosome_1.tif,/Users/jason/Desktop/OrganelleClassifyDataset/test/Vesicles/WT2--30000X--0018_Vesicles_1.tif,9f9864a798c845eb,99706533d0cc4fce,18,False,3
CellWall,Vesicles,CellWall/17-1_004_Cell_Wall_1.tif,Vesicles/WT2--30000X--0018_Vesicles_1.tif,/Users/jason/Desktop/OrganelleClassifyDataset/train/CellWall/17-1_004_Cell_Wall_1.tif,/Users/jason/Desktop/OrganelleClassifyDataset/test/Vesicles/WT2--30000X--0018_Vesicles_1.tif,99666c71328dcb4b,99706533d0cc4fce,18,False,3
CellWall,Vesicles,CellWall/19-1-1_003_Cell_Wall_1.tif,Vesicles/WT2--30000X--0018_Vesicles_1.tif,/Users/jason/Desktop/OrganelleClassifyDataset/train/CellWall/19-1-1_003_Cell_Wall_1.tif,/Users/jason/Desktop/OrganelleClassifyDataset/test/Vesicles/WT2--30000X--0018_Vesicles_1.tif,8bf8750bd4e02f94,99706533d0cc4fce,18,False,3
CellWall,Vesicles,CellWall/mkb9_008_Cell_Wall_1.tif,Vesicles/kw10-4--13000X--0049_Vesicles_1.tif,/Users/jason/Desktop/OrganelleClassifyDataset/train/CellWall/mkb9_008_Cell_Wall_1.tif,/Users/jason/Desktop/OrganelleClassifyDataset/test/Vesicles/kw10-4--13000X--0049_Vesicles_1.tif,d2cfea0dd82e7019,c8c2e24fda287c73,18,False,3
Chloroplast,Vesicles,Chloroplast/wbb-1_003_Chloroplast_1.tif,Vesicles/kw10-4--13000X--0049_Vesicles_1.tif,/Users/jason/Desktop/OrganelleClassifyDataset/train/Chloroplast/wbb-1_003_Chloroplast_1.tif,/Users/jason/Desktop/OrganelleClassifyDataset/test/Vesicles/kw10-4--13000X--0049_Vesicles_1.tif,ec80e40dae7e7471,c8c2e24fda287c73,18,False,3
Vesicles,Vesicles,Vesicles/kw3-2--6800X--0057_Vesicles_1.tif,Vesicles/kw10-4--13000X--0049_Vesicles_1.tif,/Users/jason/Desktop/OrganelleClassifyDataset/train/Vesicles/kw3-2--6800X--0057_Vesicles_1.tif,/Users/jason/Desktop/OrganelleClassifyDataset/test/Vesicles/kw10-4--13000X--0049_Vesicles_1.tif,cc4e23dccb4c5473,c8c2e24fda287c73,18,True,3
Vesicles,Vesicles,Vesicles/#3--23000X--0073_Vesicles_1.tif,Vesicles/kw10-6--6800X--0044_Vesicles_1.tif,/Users/jason/Desktop/OrganelleClassifyDataset/train/Vesicles/#3--23000X--0073_Vesicles_1.tif,/Users/jason/Desktop/OrganelleClassifyDataset/test/Vesicles/kw10-6--6800X--0044_Vesicles_1.tif,8d3b74a68c1877c9,9d8630268e9b5dd9,18,True,2
Vesicles,Vesicles,Vesicles/k-1--6800X--0008_Vesicles_1.tif,Vesicles/kw10-6--6800X--0044_Vesicles_1.tif,/Users/jason/Desktop/OrganelleClassifyDataset/train/Vesicles/k-1--6800X--0008_Vesicles_1.tif,/Users/jason/Desktop/OrganelleClassifyDataset/test/Vesicles/kw10-6--6800X--0044_Vesicles_1.tif,9e0f20b48683decf,9d8630268e9b5dd9,18,True,2
CellWall,Vesicles,CellWall/mkb8_009_Cell_Wall_1.tif,Vesicles/kw3-2--6800X--0056_Vesicles_6.tif,/Users/jason/Desktop/OrganelleClassifyDataset/train/CellWall/mkb8_009_Cell_Wall_1.tif,/Users/jason/Desktop/OrganelleClassifyDataset/test/Vesicles/kw3-2--6800X--0056_Vesicles_6.tif,89f870d0ca3cddf0,88c361c8da337df2,18,False,1
CellWall,Vesicles,CellWall/HST-CK_008_Cell_Wall_1.tif,Vesicles/wt-3--6800X--0015_Vesicles_1.tif,/Users/jason/Desktop/OrganelleClassifyDataset/train/CellWall/HST-CK_008_Cell_Wall_1.tif,/Users/jason/Desktop/OrganelleClassifyDataset/test/Vesicles/wt-3--6800X--0015_Vesicles_1.tif,80337e53a76f5624,c3233e92615fce64,18,False,2
Vesicles,Vesicles,Vesicles/2+--6800X--0011_Vesicles_2.tif,Vesicles/wt-3--6800X--0015_Vesicles_1.tif,/Users/jason/Desktop/OrganelleClassifyDataset/train/Vesicles/2+--6800X--0011_Vesicles_2.tif,/Users/jason/Desktop/OrganelleClassifyDataset/test/Vesicles/wt-3--6800X--0015_Vesicles_1.tif,c827369ad0c9cf6a,c3233e92615fce64,18,True,2
Vesicles,Vesicles,Vesicles/1--30000X--0007_Vesicles_2.tif,Vesicles/wt-6--6800X--0057_Vesicles_2.tif,/Users/jason/Desktop/OrganelleClassifyDataset/train/Vesicles/1--30000X--0007_Vesicles_2.tif,/Users/jason/Desktop/OrganelleClassifyDataset/test/Vesicles/wt-6--6800X--0057_Vesicles_2.tif,8dff70e98b218c34,c8ee71af9644ac34,18,True,1
Vesicles,Vesicles,Vesicles/3--6800X--0005_Vesicles_1.tif,Vesicles/wt-6--6800X--0057_Vesicles_3.tif,/Users/jason/Desktop/OrganelleClassifyDataset/train/Vesicles/3--6800X--0005_Vesicles_1.tif,/Users/jason/Desktop/OrganelleClassifyDataset/test/Vesicles/wt-6--6800X--0057_Vesicles_3.tif,ca7c241e336a8fa9,c7646c987b2ac5b8,18,True,1
CellWall,Autosome,CellWall/drp1a-_001_Cell_Wall_1.tif,Autosome/LC1-4--23000X--0013_Autosome_1.tif,/Users/jason/Desktop/OrganelleClassifyDataset/train/CellWall/drp1a-_001_Cell_Wall_1.tif,/Users/jason/Desktop/OrganelleClassifyDataset/test/Autosome/LC1-4--23000X--0013_Autosome_1.tif,b862da534419df9c,bca2820742fc3f9e,20,False,9
CellWall,Autosome,CellWall/lyn10_001_Cell_Wall_1.tif,Autosome/LC1-4--23000X--0013_Autosome_1.tif,/Users/jason/Desktop/OrganelleClassifyDataset/train/CellWall/lyn10_001_Cell_Wall_1.tif,/Users/jason/Desktop/OrganelleClassifyDataset/test/Autosome/LC1-4--23000X--0013_Autosome_1.tif,b4ba8c4f33590c9e,bca2820742fc3f9e,20,False,9
Chloroplast,Autosome,Chloroplast/379n_010_Chloroplast_1.tif,Autosome/LC1-4--23000X--0013_Autosome_1.tif,/Users/jason/Desktop/OrganelleClassifyDataset/train/Chloroplast/379n_010_Chloroplast_1.tif,/Users/jason/Desktop/OrganelleClassifyDataset/test/Autosome/LC1-4--23000X--0013_Autosome_1.tif,bee08a968499b3b6,bca2820742fc3f9e,20,False,9
Golgi,Autosome,Golgi/ISO-3--30000X--0042_Golgi_2.tif,Autosome/LC1-4--23000X--0013_Autosome_1.tif,/Users/jason/Desktop/OrganelleClassifyDataset/train/Golgi/ISO-3--30000X--0042_Golgi_2.tif,/Users/jason/Desktop/OrganelleClassifyDataset/test/Autosome/LC1-4--23000X--0013_Autosome_1.tif,bca0ce2398cd175b,bca2820742fc3f9e,20,False,9
Mito,Autosome,Mito/#3--23000X--0026_Mito_1.tif,Autosome/LC1-4--23000X--0013_Autosome_1.tif,/Users/jason/Desktop/OrganelleClassifyDataset/train/Mito/#3--23000X--0026_Mito_1.tif,/Users/jason/Desktop/OrganelleClassifyDataset/test/Autosome/LC1-4--23000X--0013_Autosome_1.tif,faa8c101c4d4d7be,bca2820742fc3f9e,20,False,9
Mito,Autosome,Mito/13-R-A--18500X--0009_Mito_1.tif,Autosome/LC1-4--23000X--0013_Autosome_1.tif,/Users/jason/Desktop/OrganelleClassifyDataset/train/Mito/13-R-A--18500X--0009_Mito_1.tif,/Users/jason/Desktop/OrganelleClassifyDataset/test/Autosome/LC1-4--23000X--0013_Autosome_1.tif,feea840597e403ae,bca2820742fc3f9e,20,False,9
Mito,Autosome,Mito/M_J81--11000X--0015_Mito_3.tif,Autosome/LC1-4--23000X--0013_Autosome_1.tif,/Users/jason/Desktop/OrganelleClassifyDataset/train/Mito/M_J81--11000X--0015_Mito_3.tif,/Users/jason/Desktop/OrganelleClassifyDataset/test/Autosome/LC1-4--23000X--0013_Autosome_1.tif,a8e4805f827f9adc,bca2820742fc3f9e,20,False,9
Mito,Autosome,Mito/M_J81--11000X--0027_Mito_1.tif,Autosome/LC1-4--23000X--0013_Autosome_1.tif,/Users/jason/Desktop/OrganelleClassifyDataset/train/Mito/M_J81--11000X--0027_Mito_1.tif,/Users/jason/Desktop/OrganelleClassifyDataset/test/Autosome/LC1-4--23000X--0013_Autosome_1.tif,bcb2a092f27187da,bca2820742fc3f9e,20,False,9
Mito,Autosome,Mito/RKO-WT-0--49000X--0003_Mito_1.tif,Autosome/LC1-4--23000X--0013_Autosome_1.tif,/Users/jason/Desktop/OrganelleClassifyDataset/train/Mito/RKO-WT-0--49000X--0003_Mito_1.tif,/Users/jason/Desktop/OrganelleClassifyDataset/test/Autosome/LC1-4--23000X--0013_Autosome_1.tif,f433ea25c148979e,bca2820742fc3f9e,20,False,9
Autosome,Autosome,Autosome/1-3-hkf--6800X--0004_Autosome_1.tif,Autosome/PG1--98000X--0010_Autosome_1.tif,/Users/jason/Desktop/OrganelleClassifyDataset/train/Autosome/1-3-hkf--6800X--0004_Autosome_1.tif,/Users/jason/Desktop/OrganelleClassifyDataset/test/Autosome/PG1--98000X--0010_Autosome_1.tif,e9d58539d86f1924,b1f08d691a2d3337,20,True,11
Autosome,Autosome,Autosome/10-N--23000X--0056_Autosome_1.tif,Autosome/PG1--98000X--0010_Autosome_1.tif,/Users/jason/Desktop/OrganelleClassifyDataset/train/Autosome/10-N--23000X--0056_Autosome_1.tif,/Users/jason/Desktop/OrganelleClassifyDataset/test/Autosome/PG1--98000X--0010_Autosome_1.tif,bc92c9694e373b09,b1f08d691a2d3337,20,True,11
Autosome,Autosome,Autosome/PG1--98000X--0024_Autosome_1.tif,Autosome/PG1--98000X--0010_Autosome_1.tif,/Users/jason/Desktop/OrganelleClassifyDataset/train/Autosome/PG1--98000X--0024_Autosome_1.tif,/Users/jason/Desktop/OrganelleClassifyDataset/test/Autosome/PG1--98000X--0010_Autosome_1.tif,91d2a52d6a6b5b64,b1f08d691a2d3337,20,True,11
Chloroplast,Autosome,Chloroplast/2gill_009_Chloroplast_2.tif,Autosome/PG1--98000X--0010_Autosome_1.tif,/Users/jason/Desktop/OrganelleClassifyDataset/train/Chloroplast/2gill_009_Chloroplast_2.tif,/Users/jason/Desktop/OrganelleClassifyDataset/test/Autosome/PG1--98000X--0010_Autosome_1.tif,fb408daf9a35d032,b1f08d691a2d3337,20,False,11
ER,Autosome,ER/2+--6800X--0003_ER_1.tif,Autosome/PG1--98000X--0010_Autosome_1.tif,/Users/jason/Desktop/OrganelleClassifyDataset/train/ER/2+--6800X--0003_ER_1.tif,/Users/jason/Desktop/OrganelleClassifyDataset/test/Autosome/PG1--98000X--0010_Autosome_1.tif,a350272bb7352376,b1f08d691a2d3337,20,False,11
Golgi,Autosome,Golgi/ISO-3--9300X--0062_Golgi_3.tif,Autosome/PG1--98000X--0010_Autosome_1.tif,/Users/jason/Desktop/OrganelleClassifyDataset/train/Golgi/ISO-3--9300X--0062_Golgi_3.tif,/Users/jason/Desktop/OrganelleClassifyDataset/test/Autosome/PG1--98000X--0010_Autosome_1.tif,b3c4cdc210b7ab36,b1f08d691a2d3337,20,False,11
Golgi,Autosome,Golgi/kw10-4--13000X--0117_Golgi_1.tif,Autosome/PG1--98000X--0010_Autosome_1.tif,/Users/jason/Desktop/OrganelleClassifyDataset/train/Golgi/kw10-4--13000X--0117_Golgi_1.tif,/Users/jason/Desktop/OrganelleClassifyDataset/test/Autosome/PG1--98000X--0010_Autosome_1.tif,f4f0e719bc261326,b1f08d691a2d3337,20,False,11
Mito,Autosome,Mito/13-R-B--18500X--0012_Mito_1.tif,Autosome/PG1--98000X--0010_Autosome_1.tif,/Users/jason/Desktop/OrganelleClassifyDataset/train/Mito/13-R-B--18500X--0012_Mito_1.tif,/Users/jason/Desktop/OrganelleClassifyDataset/test/Autosome/PG1--98000X--0010_Autosome_1.tif,b8359360da2f432f,b1f08d691a2d3337,20,False,11
Mito,Autosome,Mito/43--23000X--0009_Mito_1.tif,Autosome/PG1--98000X--0010_Autosome_1.tif,/Users/jason/Desktop/OrganelleClassifyDataset/train/Mito/43--23000X--0009_Mito_1.tif,/Users/jason/Desktop/OrganelleClassifyDataset/test/Autosome/PG1--98000X--0010_Autosome_1.tif,f11c9e019e2d13fc,b1f08d691a2d3337,20,False,11
Nucleus,Autosome,Nucleus/KW10-3--4800X--0018_Nucleus_2.tif,Autosome/PG1--98000X--0010_Autosome_1.tif,/Users/jason/Desktop/OrganelleClassifyDataset/train/Nucleus/KW10-3--4800X--0018_Nucleus_2.tif,/Users/jason/Desktop/OrganelleClassifyDataset/test/Autosome/PG1--98000X--0010_Autosome_1.tif,96742dc951ad8b36,b1f08d691a2d3337,20,False,11
Nucleus,Autosome,Nucleus/kw10-4--6800X--0019_Nucleus_1.tif,Autosome/PG1--98000X--0010_Autosome_1.tif,/Users/jason/Desktop/OrganelleClassifyDataset/train/Nucleus/kw10-4--6800X--0019_Nucleus_1.tif,/Users/jason/Desktop/OrganelleClassifyDataset/test/Autosome/PG1--98000X--0010_Autosome_1.tif,b7e2a5cd8c0d3d30,b1f08d691a2d3337,20,False,11
Autosome,Autosome,Autosome/RKO-SEP-3--30000X--0014_Autosome_1.tif,Autosome/PS-50SI--23000X--0041_Autosome_1.tif,/Users/jason/Desktop/OrganelleClassifyDataset/train/Autosome/RKO-SEP-3--30000X--0014_Autosome_1.tif,/Users/jason/Desktop/OrganelleClassifyDataset/test/Autosome/PS-50SI--23000X--0041_Autosome_1.tif,f439d292dc87b09c,fc6cc3a55a87d00e,20,True,7
Chloroplast,Autosome,Chloroplast/LNNA_004_Chloroplast_11.tif,Autosome/PS-50SI--23000X--0041_Autosome_1.tif,/Users/jason/Desktop/OrganelleClassifyDataset/train/Chloroplast/LNNA_004_Chloroplast_11.tif,/Users/jason/Desktop/OrganelleClassifyDataset/test/Autosome/PS-50SI--23000X--0041_Autosome_1.tif,fdcac4a593939c24,fc6cc3a55a87d00e,20,False,7
ER,Autosome,ER/74-HO--18500X--0076_ER_1.tif,Autosome/PS-50SI--23000X--0041_Autosome_1.tif,/Users/jason/Desktop/OrganelleClassifyDataset/train/ER/74-HO--18500X--0076_ER_1.tif,/Users/jason/Desktop/OrganelleClassifyDataset/test/Autosome/PS-50SI--23000X--0041_Autosome_1.tif,9cd7cba65301f81c,fc6cc3a55a87d00e,20,False,7
Golgi,Autosome,Golgi/49--9300X--0005_Golgi_2.tif,Autosome/PS-50SI--23000X--0041_Autosome_1.tif,/Users/jason/Desktop/OrganelleClassifyDataset/train/Golgi/49--9300X--0005_Golgi_2.tif,/Users/jason/Desktop/OrganelleClassifyDataset/test/Autosome/PS-50SI--23000X--0041_Autosome_1.tif,f86803463b99d91f,fc6cc3a55a87d00e,20,False,7
Golgi,Autosome,Golgi/kw10-4--13000X--0106_Golgi_1.tif,Autosome/PS-50SI--23000X--0041_Autosome_1.tif,/Users/jason/Desktop/OrganelleClassifyDataset/train/Golgi/kw10-4--13000X--0106_Golgi_1.tif,/Users/jason/Desktop/OrganelleClassifyDataset/test/Autosome/PS-50SI--23000X--0041_Autosome_1.tif,a5bcc8e6da27700b,fc6cc3a55a87d00e,20,False,7
Mito,Autosome,Mito/R3--49000X--0013_Mito_1.tif,Autosome/PS-50SI--23000X--0041_Autosome_1.tif,/Users/jason/Desktop/OrganelleClassifyDataset/train/Mito/R3--49000X--0013_Mito_1.tif,/Users/jason/Desktop/OrganelleClassifyDataset/test/Autosome/PS-50SI--23000X--0041_Autosome_1.tif,afaca1a1d6a4d546,fc6cc3a55a87d00e,20,False,7
Nucleus,Autosome,Nucleus/wt-8--6800X--0017_Nucleus_1.tif,Autosome/PS-50SI--23000X--0041_Autosome_1.tif,/Users/jason/Desktop/OrganelleClassifyDataset/train/Nucleus/wt-8--6800X--0017_Nucleus_1.tif,/Users/jason/Desktop/OrganelleClassifyDataset/test/Autosome/PS-50SI--23000X--0041_Autosome_1.tif,fa54e163d641d88e,fc6cc3a55a87d00e,20,False,7
CellWall,CellWall,CellWall/NN18_003_Cell_Wall_1.tif,CellWall/11-1-1_008_Cell_Wall_1.tif,/Users/jason/Desktop/OrganelleClassifyDataset/train/CellWall/NN18_003_Cell_Wall_1.tif,/Users/jason/Desktop/OrganelleClassifyDataset/test/CellWall/11-1-1_008_Cell_Wall_1.tif,8806630efbcff81c,99e62b487bd39415,20,True,1
CellWall,CellWall,CellWall/essam21_004_Cell_Wall_1.tif,CellWall/15-1_016_Cell_Wall_1.tif,/Users/jason/Desktop/OrganelleClassifyDataset/train/CellWall/essam21_004_Cell_Wall_1.tif,/Users/jason/Desktop/OrganelleClassifyDataset/test/CellWall/15-1_016_Cell_Wall_1.tif,de52c36ba1d1594a,c7587161ad9cd946,20,True,4
Chloroplast,CellWall,Chloroplast/2gill_012_Chloroplast_3.tif,CellWall/15-1_016_Cell_Wall_1.tif,/Users/jason/Desktop/OrganelleClassifyDataset/train/Chloroplast/2gill_012_Chloroplast_3.tif,/Users/jason/Desktop/OrganelleClassifyDataset/test/CellWall/15-1_016_Cell_Wall_1.tif,eecab123cfccc812,c7587161ad9cd946,20,False,4
ER,CellWall,ER/2+--30000X--0012_ER_2.tif,CellWall/15-1_016_Cell_Wall_1.tif,/Users/jason/Desktop/OrganelleClassifyDataset/train/ER/2+--30000X--0012_ER_2.tif,/Users/jason/Desktop/OrganelleClassifyDataset/test/CellWall/15-1_016_Cell_Wall_1.tif,d76a19b1e70e5b02,c7587161ad9cd946,20,False,4
Nucleus,CellWall,Nucleus/kw10-2--6800X--0007_Nucleus_1.tif,CellWall/15-1_016_Cell_Wall_1.tif,/Users/jason/Desktop/OrganelleClassifyDataset/train/Nucleus/kw10-2--6800X--0007_Nucleus_1.tif,/Users/jason/Desktop/OrganelleClassifyDataset/test/CellWall/15-1_016_Cell_Wall_1.tif,b47a792b640cd86e,c7587161ad9cd946,20,False,4
CellWall,CellWall,CellWall/HST-CK_008_Cell_Wall_2.tif,CellWall/2-llq_010_Cell_Wall_1.tif,/Users/jason/Desktop/OrganelleClassifyDataset/train/CellWall/HST-CK_008_Cell_Wall_2.tif,/Users/jason/Desktop/OrganelleClassifyDataset/test/CellWall/2-llq_010_Cell_Wall_1.tif,99c6f1f90f0f0313,910663619edf07b6,20,True,9
CellWall,CellWall,CellWall/HST-TREAT_006_Cell_Wall_1.tif,CellWall/2-llq_010_Cell_Wall_1.tif,/Users/jason/Desktop/OrganelleClassifyDataset/train/CellWall/HST-TREAT_006_Cell_Wall_1.tif,/Users/jason/Desktop/OrganelleClassifyDataset/test/CellWall/2-llq_010_Cell_Wall_1.tif,99c6f0781e0fa723,910663619edf07b6,20,True,9
CellWall,CellWall,CellWall/lyn11_004_Cell_Wall_1.tif,CellWall/2-llq_010_Cell_Wall_1.tif,/Users/jason/Desktop/OrganelleClassifyDataset/train/CellWall/lyn11_004_Cell_Wall_1.tif,/Users/jason/Desktop/OrganelleClassifyDataset/test/CellWall/2-llq_010_Cell_Wall_1.tif,e131e1438edf49ac,910663619edf07b6,20,True,9
CellWall,CellWall,CellWall/mkb7_005_Cell_Wall_2.tif,CellWall/2-llq_010_Cell_Wall_1.tif,/Users/jason/Desktop/OrganelleClassifyDataset/train/CellWall/mkb7_005_Cell_Wall_2.tif,/Users/jason/Desktop/OrganelleClassifyDataset/test/CellWall/2-llq_010_Cell_Wall_1.tif,9966793bbe8e02c2,910663619edf07b6,20,True,9
CellWall,CellWall,CellWall/sgz-3_001_Cell_Wall_1.tif,CellWall/2-llq_010_Cell_Wall_1.tif,/Users/jason/Desktop/OrganelleClassifyDataset/train/CellWall/sgz-3_001_Cell_Wall_1.tif,/Users/jason/Desktop/OrganelleClassifyDataset/test/CellWall/2-llq_010_Cell_Wall_1.tif,8c4c66a39f7803be,910663619edf07b6,20,True,9
ER,CellWall,ER/2+--6800X--0010_ER_1.tif,CellWall/2-llq_010_Cell_Wall_1.tif,/Users/jason/Desktop/OrganelleClassifyDataset/train/ER/2+--6800X--0010_ER_1.tif,/Users/jason/Desktop/OrganelleClassifyDataset/test/CellWall/2-llq_010_Cell_Wall_1.tif,803cfe273e5e0596,910663619edf07b6,20,False,9
ER,CellWall,ER/NC+--18500X--0029_ER_1.tif,CellWall/2-llq_010_Cell_Wall_1.tif,/Users/jason/Desktop/OrganelleClassifyDataset/train/ER/NC+--18500X--0029_ER_1.tif,/Users/jason/Desktop/OrganelleClassifyDataset/test/CellWall/2-llq_010_Cell_Wall_1.tif,97d26071b8cd6791,910663619edf07b6,20,False,9
Vesicles,CellWall,Vesicles/1-2-hsfnc_lJ--6800X--0013_Vesicles_3.tif,CellWall/2-llq_010_Cell_Wall_1.tif,/Users/jason/Desktop/OrganelleClassifyDataset/train/Vesicles/1-2-hsfnc_lJ--6800X--0013_Vesicles_3.tif,/Users/jason/Desktop/OrganelleClassifyDataset/test/CellWall/2-llq_010_Cell_Wall_1.tif,cb0e612197d79acc,910663619edf07b6,20,False,9
Vesicles,CellWall,Vesicles/79-1--11000X--0014_Vesicles_3.tif,CellWall/2-llq_010_Cell_Wall_1.tif,/Users/jason/Desktop/OrganelleClassifyDataset/train/Vesicles/79-1--11000X--0014_Vesicles_3.tif,/Users/jason/Desktop/OrganelleClassifyDataset/test/CellWall/2-llq_010_Cell_Wall_1.tif,9a0e65e496cf9a54,910663619edf07b6,20,False,9
Autosome,CellWall,Autosome/1--30000X--0006_Autosome_7.tif,CellWall/4gill_011_Cell_Wall_1.tif,/Users/jason/Desktop/OrganelleClassifyDataset/train/Autosome/1--30000X--0006_Autosome_7.tif,/Users/jason/Desktop/OrganelleClassifyDataset/test/CellWall/4gill_011_Cell_Wall_1.tif,f2c481d297689a77,b6e690f34e2cb017,20,False,4
Autosome,CellWall,Autosome/ZYZ--49000X--0001_Autosome_2.tif,CellWall/4gill_011_Cell_Wall_1.tif,/Users/jason/Desktop/OrganelleClassifyDataset/train/Autosome/ZYZ--49000X--0001_Autosome_2.tif,/Users/jason/Desktop/OrganelleClassifyDataset/test/CellWall/4gill_011_Cell_Wall_1.tif,afff84e29e049a03,b6e690f34e2cb017,20,False,4
Mito,CellWall,Mito/13-R-A--18500X--0010_Mito_1.tif,CellWall/4gill_011_Cell_Wall_1.tif,/Users/jason/Desktop/OrganelleClassifyDataset/train/Mito/13-R-A--18500X--0010_Mito_1.tif,/Users/jason/Desktop/OrganelleClassifyDataset/test/CellWall/4gill_011_Cell_Wall_1.tif,beb690d2da01f989,b6e690f34e2cb017,20,False,4
Mito,CellWall,Mito/169--30000X--0049_Mito_1.tif,CellWall/4gill_011_Cell_Wall_1.tif,/Users/jason/Desktop/OrganelleClassifyDataset/train/Mito/169--30000X--0049_Mito_1.tif,/Users/jason/Desktop/OrganelleClassifyDataset/test/CellWall/4gill_011_Cell_Wall_1.tif,fa62843fce38e0a3,b6e690f34e2cb017,20,False,4
ER,CellWall,ER/k+1--30000X--0020_ER_1.tif,CellWall/HST-CK_006_Cell_Wall_3.tif,/Users/jason/Desktop/OrganelleClassifyDataset/train/ER/k+1--30000X--0020_ER_1.tif,/Users/jason/Desktop/OrganelleClassifyDataset/test/CellWall/HST-CK_006_Cell_Wall_3.tif,d1aa32548dd1e6ce,c993b256a594da6c,20,False,3
Golgi,CellWall,Golgi/47--30000X--0031_Golgi_1.tif,CellWall/HST-CK_006_Cell_Wall_3.tif,/Users/jason/Desktop/OrganelleClassifyDataset/train/Golgi/47--30000X--0031_Golgi_1.tif,/Users/jason/Desktop/OrganelleClassifyDataset/test/CellWall/HST-CK_006_Cell_Wall_3.tif,d8ad92368c1cdbe2,c993b256a594da6c,20,False,3
Vesicles,CellWall,Vesicles/LA+1170--30000X--0014_Vesicles_1.tif,CellWall/HST-CK_006_Cell_Wall_3.tif,/Users/jason/Desktop/OrganelleClassifyDataset/train/Vesicles/LA+1170--30000X--0014_Vesicles_1.tif,/Users/jason/Desktop/OrganelleClassifyDataset/test/CellWall/HST-CK_006_Cell_Wall_3.tif,8b9f2144a7f4ef04,c993b256a594da6c,20,False,3
CellWall,CellWall,CellWall/HST-CK_008_Cell_Wall_3.tif,CellWall/HST-CK_010_Cell_Wall_3.tif,/Users/jason/Desktop/OrganelleClassifyDataset/train/CellWall/HST-CK_008_Cell_Wall_3.tif,/Users/jason/Desktop/OrganelleClassifyDataset/test/CellWall/HST-CK_010_Cell_Wall_3.tif,c39ca36c5b567491,c3b4635c53a6a9a3,20,True,3
CellWall,CellWall,CellWall/mkb9_001_Cell_Wall_4.tif,CellWall/HST-CK_010_Cell_Wall_3.tif,/Users/jason/Desktop/OrganelleClassifyDataset/train/CellWall/mkb9_001_Cell_Wall_4.tif,/Users/jason/Desktop/OrganelleClassifyDataset/test/CellWall/HST-CK_010_Cell_Wall_3.tif,aa47615a55a6ad47,c3b4635c53a6a9a3,20,True,3
Vesicles,CellWall,Vesicles/LA--30000X--0022_Vesicles_2.tif,CellWall/HST-CK_010_Cell_Wall_3.tif,/Users/jason/Desktop/OrganelleClassifyDataset/train/Vesicles/LA--30000X--0022_Vesicles_2.tif,/Users/jason/Desktop/OrganelleClassifyDataset/test/CellWall/HST-CK_010_Cell_Wall_3.tif,cf3de02dd2a64d82,c3b4635c53a6a9a3,20,False,3
Autosome,CellWall,Autosome/LC1-3--23000X--0011_Autosome_2.tif,CellWall/HST-TREAT_002_Cell_Wall_1.tif,/Users/jason/Desktop/OrganelleClassifyDataset/train/Autosome/LC1-3--23000X--0011_Autosome_2.tif,/Users/jason/Desktop/OrganelleClassifyDataset/test/CellWall/HST-TREAT_002_Cell_Wall_1.tif,bf62f0b6c0c251cb,9b21c33ae1c3c0df,20,False,8
CellWall,CellWall,CellWall/mkb7_012_Cell_Wall_2.tif,CellWall/HST-TREAT_002_Cell_Wall_1.tif,/Users/jason/Desktop/OrganelleClassifyDataset/train/CellWall/mkb7_012_Cell_Wall_2.tif,/Users/jason/Desktop/OrganelleClassifyDataset/test/CellWall/HST-TREAT_002_Cell_Wall_1.tif,8b655293c9e6e0f8,9b21c33ae1c3c0df,20,True,8
CellWall,CellWall,CellWall/wht2_021_Cell_Wall_1.tif,CellWall/HST-TREAT_002_Cell_Wall_1.tif,/Users/jason/Desktop/OrganelleClassifyDataset/train/CellWall/wht2_021_Cell_Wall_1.tif,/Users/jason/Desktop/OrganelleClassifyDataset/test/CellWall/HST-TREAT_002_Cell_Wall_1.tif,bb15c062c371dcdc,9b21c33ae1c3c0df,20,True,8
Chloroplast,CellWall,Chloroplast/swccday neutral_003_Chloroplast_1.tif,CellWall/HST-TREAT_002_Cell_Wall_1.tif,/Users/jason/Desktop/OrganelleClassifyDataset/train/Chloroplast/swccday neutral_003_Chloroplast_1.tif,/Users/jason/Desktop/OrganelleClassifyDataset/test/CellWall/HST-TREAT_002_Cell_Wall_1.tif,a525430be3f3cae8,9b21c33ae1c3c0df,20,False,8
Nucleus,CellWall,Nucleus/1170--6800X--0005_Nucleus_1.tif,CellWall/HST-TREAT_002_Cell_Wall_1.tif,/Users/jason/Desktop/OrganelleClassifyDataset/train/Nucleus/1170--6800X--0005_Nucleus_1.tif,/Users/jason/Desktop/OrganelleClassifyDataset/test/CellWall/HST-TREAT_002_Cell_Wall_1.tif,de01e15ea17ad455,9b21c33ae1c3c0df,20,False,8
Nucleus,CellWall,Nucleus/kw10-3--6800X--0078_Nucleus_1.tif,CellWall/HST-TREAT_002_Cell_Wall_1.tif,/Users/jason/Desktop/OrganelleClassifyDataset/train/Nucleus/kw10-3--6800X--0078_Nucleus_1.tif,/Users/jason/Desktop/OrganelleClassifyDataset/test/CellWall/HST-TREAT_002_Cell_Wall_1.tif,822b2a2ba9ebe297,9b21c33ae1c3c0df,20,False,8
Vesicles,CellWall,Vesicles/1-2-hsfnc_lJ--23000X--0026_Vesicles_1.tif,CellWall/HST-TREAT_002_Cell_Wall_1.tif,/Users/jason/Desktop/OrganelleClassifyDataset/train/Vesicles/1-2-hsfnc_lJ--23000X--0026_Vesicles_1.tif,/Users/jason/Desktop/OrganelleClassifyDataset/test/CellWall/HST-TREAT_002_Cell_Wall_1.tif,8b27692095d1cbcf,9b21c33ae1c3c0df,20,False,8
Vesicles,CellWall,Vesicles/1-3-hkf--6800X--0012_Vesicles_2.tif,CellWall/HST-TREAT_002_Cell_Wall_1.tif,/Users/jason/Desktop/OrganelleClassifyDataset/train/Vesicles/1-3-hkf--6800X--0012_Vesicles_2.tif,/Users/jason/Desktop/OrganelleClassifyDataset/test/CellWall/HST-TREAT_002_Cell_Wall_1.tif,98a3253ac7e28d9d,9b21c33ae1c3c0df,20,False,8
CellWall,CellWall,CellWall/lyn11_007_Cell_Wall_1.tif,CellWall/HST-TREAT_002_Cell_Wall_2.tif,/Users/jason/Desktop/OrganelleClassifyDataset/train/CellWall/lyn11_007_Cell_Wall_1.tif,/Users/jason/Desktop/OrganelleClassifyDataset/test/CellWall/HST-TREAT_002_Cell_Wall_2.tif,a6fc815fb2225699,96f2505fd30070fd,20,True,4
ER,CellWall,ER/2+--30000X--0013_ER_1.tif,CellWall/HST-TREAT_002_Cell_Wall_2.tif,/Users/jason/Desktop/OrganelleClassifyDataset/train/ER/2+--30000X--0013_ER_1.tif,/Users/jason/Desktop/OrganelleClassifyDataset/test/CellWall/HST-TREAT_002_Cell_Wall_2.tif,8ef1945eaf225265,96f2505fd30070fd,20,False,4
Mito,CellWall,Mito/13-R-A--18500X--0010_Mito_1.tif,CellWall/HST-TREAT_002_Cell_Wall_2.tif,/Users/jason/Desktop/OrganelleClassifyDataset/train/Mito/13-R-A--18500X--0010_Mito_1.tif,/Users/jason/Desktop/OrganelleClassifyDataset/test/CellWall/HST-TREAT_002_Cell_Wall_2.tif,beb690d2da01f989,96f2505fd30070fd,20,False,4
Mito,CellWall,Mito/ZONG_S3_5.27--23000X--0013_Mito_1.tif,CellWall/HST-TREAT_002_Cell_Wall_2.tif,/Users/jason/Desktop/OrganelleClassifyDataset/train/Mito/ZONG_S3_5.27--23000X--0013_Mito_1.tif,/Users/jason/Desktop/OrganelleClassifyDataset/test/CellWall/HST-TREAT_002_Cell_Wall_2.tif,b362c45f8590f51d,96f2505fd30070fd,20,False,4
CellWall,CellWall,CellWall/lyn11_007_Cell_Wall_1.tif,CellWall/HST-TREAT_012_Cell_Wall_1.tif,/Users/jason/Desktop/OrganelleClassifyDataset/train/CellWall/lyn11_007_Cell_Wall_1.tif,/Users/jason/Desktop/OrganelleClassifyDataset/test/CellWall/HST-TREAT_012_Cell_Wall_1.tif,a6fc815fb2225699,a636cc09f242fcb9,20,True,8
CellWall,CellWall,CellWall/lyn5_008_Cell_Wall_1.tif,CellWall/HST-TREAT_012_Cell_Wall_1.tif,/Users/jason/Desktop/OrganelleClassifyDataset/train/CellWall/lyn5_008_Cell_Wall_1.tif,/Users/jason/Desktop/OrganelleClassifyDataset/test/CellWall/HST-TREAT_012_Cell_Wall_1.tif,b3b3c92c7201dee8,a636cc09f242fcb9,20,True,8
CellWall,CellWall,CellWall/shd2_011_Cell_Wall_1.tif,CellWall/HST-TREAT_012_Cell_Wall_1.tif,/Users/jason/Desktop/OrganelleClassifyDataset/train/CellWall/shd2_011_Cell_Wall_1.tif,/Users/jason/Desktop/OrganelleClassifyDataset/test/CellWall/HST-TREAT_012_Cell_Wall_1.tif,a86dc69ab286fc29,a636cc09f242fcb9,20,True,8
CellWall,CellWall,CellWall/zzc3_005_Cell_Wall_4.tif,CellWall/HST-TREAT_012_Cell_Wall_1.tif,/Users/jason/Desktop/OrganelleClassifyDataset/train/CellWall/zzc3_005_Cell_Wall_4.tif,/Users/jason/Desktop/OrganelleClassifyDataset/test/CellWall/HST-TREAT_012_Cell_Wall_1.tif,9c83a649f352bce1,a636cc09f242fcb9,20,True,8
Chloroplast,CellWall,Chloroplast/2.1_002_Chloroplast_1.tif,CellWall/HST-TREAT_012_Cell_Wall_1.tif,/Users/jason/Desktop/OrganelleClassifyDataset/train/Chloroplast/2.1_002_Chloroplast_1.tif,/Users/jason/Desktop/OrganelleClassifyDataset/test/CellWall/HST-TREAT_012_Cell_Wall_1.tif,f62d9a28f1c2e8b4,a636cc09f242fcb9,20,False,8
Golgi,CellWall,Golgi/70-WT--18500X--0083_Golgi_1.tif,CellWall/HST-TREAT_012_Cell_Wall_1.tif,/Users/jason/Desktop/OrganelleClassifyDataset/train/Golgi/70-WT--18500X--0083_Golgi_1.tif,/Users/jason/Desktop/OrganelleClassifyDataset/test/CellWall/HST-TREAT_012_Cell_Wall_1.tif,a76fec17a6465421,a636cc09f242fcb9,20,False,8
Golgi,CellWall,Golgi/LA--30000X--0045_Golgi_2.tif,CellWall/HST-TREAT_012_Cell_Wall_1.tif,/Users/jason/Desktop/OrganelleClassifyDataset/train/Golgi/LA--30000X--0045_Golgi_2.tif,/Users/jason/Desktop/OrganelleClassifyDataset/test/CellWall/HST-TREAT_012_Cell_Wall_1.tif,f057d981e406f43b,a636cc09f242fcb9,20,False,8
Mito,CellWall,Mito/ZONG_S1_5.27--23000X--0014_Mito_1.tif,CellWall/HST-TREAT_012_Cell_Wall_1.tif,/Users/jason/Desktop/OrganelleClassifyDataset/train/Mito/ZONG_S1_5.27--23000X--0014_Mito_1.tif,/Users/jason/Desktop/OrganelleClassifyDataset/test/CellWall/HST-TREAT_012_Cell_Wall_1.tif,ee56fc41d61890f8,a636cc09f242fcb9,20,False,8
ER,CellWall,ER/2+--6800X--0011_ER_2.tif,CellWall/drp1a+_005_Cell_Wall_1.tif,/Users/jason/Desktop/OrganelleClassifyDataset/train/ER/2+--6800X--0011_ER_2.tif,/Users/jason/Desktop/OrganelleClassifyDataset/test/CellWall/drp1a+_005_Cell_Wall_1.tif,fed64e5a104946d5,d2d65e12567f0507,20,False,2
ER,CellWall,ER/3W-CD4-Ctrl3--30000X--0090_ER_3.tif,CellWall/drp1a+_005_Cell_Wall_1.tif,/Users/jason/Desktop/OrganelleClassifyDataset/train/ER/3W-CD4-Ctrl3--30000X--0090_ER_3.tif,/Users/jason/Desktop/OrganelleClassifyDataset/test/CellWall/drp1a+_005_Cell_Wall_1.tif,ca5a4252d745b787,d2d65e12567f0507,20,False,2
CellWall,CellWall,CellWall/4.1_008_Cell_Wall_1.tif,CellWall/drp1a+_006_Cell_Wall_1.tif,/Users/jason/Desktop/OrganelleClassifyDataset/train/CellWall/4.1_008_Cell_Wall_1.tif,/Users/jason/Desktop/OrganelleClassifyDataset/test/CellWall/drp1a+_006_Cell_Wall_1.tif,a06b4b1873273d79,c46309140a2fff7e,20,True,6
CellWall,CellWall,CellWall/HST-CK_008_Cell_Wall_4.tif,CellWall/drp1a+_006_Cell_Wall_1.tif,/Users/jason/Desktop/OrganelleClassifyDataset/train/CellWall/HST-CK_008_Cell_Wall_4.tif,/Users/jason/Desktop/OrganelleClassifyDataset/test/CellWall/drp1a+_006_Cell_Wall_1.tif,d07228b59ab8ec7c,c46309140a2fff7e,20,True,6
CellWall,CellWall,CellWall/lyn12_002_Cell_Wall_1.tif,CellWall/drp1a+_006_Cell_Wall_1.tif,/Users/jason/Desktop/OrganelleClassifyDataset/train/CellWall/lyn12_002_Cell_Wall_1.tif,/Users/jason/Desktop/OrganelleClassifyDataset/test/CellWall/drp1a+_006_Cell_Wall_1.tif,8127931828fffe38,c46309140a2fff7e,20,True,6
CellWall,CellWall,CellWall/mkb4_001_Cell_Wall_2.tif,CellWall/drp1a+_006_Cell_Wall_1.tif,/Users/jason/Desktop/OrganelleClassifyDataset/train/CellWall/mkb4_001_Cell_Wall_2.tif,/Users/jason/Desktop/OrganelleClassifyDataset/test/CellWall/drp1a+_006_Cell_Wall_1.tif,c42e2c94ceecf61a,c46309140a2fff7e,20,True,6
ER,CellWall,ER/3W-CD4-10nm_GR-1--30000X--0035_ER_1.tif,CellWall/drp1a+_006_Cell_Wall_1.tif,/Users/jason/Desktop/OrganelleClassifyDataset/train/ER/3W-CD4-10nm_GR-1--30000X--0035_ER_1.tif,/Users/jason/Desktop/OrganelleClassifyDataset/test/CellWall/drp1a+_006_Cell_Wall_1.tif,8cf109c69f27d15c,c46309140a2fff7e,20,False,6
Golgi,CellWall,Golgi/46--6800X--0001_Golgi_3.tif,CellWall/drp1a+_006_Cell_Wall_1.tif,/Users/jason/Desktop/OrganelleClassifyDataset/train/Golgi/46--6800X--0001_Golgi_3.tif,/Users/jason/Desktop/OrganelleClassifyDataset/test/CellWall/drp1a+_006_Cell_Wall_1.tif,8074097c8da7d3fa,c46309140a2fff7e,20,False,6
Autosome,CellWall,Autosome/1-3-hkf--6800X--0004_Autosome_1.tif,CellWall/ech_001_Cell_Wall_3.tif,/Users/jason/Desktop/OrganelleClassifyDataset/train/Autosome/1-3-hkf--6800X--0004_Autosome_1.tif,/Users/jason/Desktop/OrganelleClassifyDataset/test/CellWall/ech_001_Cell_Wall_3.tif,e9d58539d86f1924,d996a77812c63935,20,False,4
Autosome,CellWall,Autosome/PG1--98000X--0012_Autosome_1.tif,CellWall/ech_001_Cell_Wall_3.tif,/Users/jason/Desktop/OrganelleClassifyDataset/train/Autosome/PG1--98000X--0012_Autosome_1.tif,/Users/jason/Desktop/OrganelleClassifyDataset/test/CellWall/ech_001_Cell_Wall_3.tif,f31e8f70b0c89857,d996a77812c63935,20,False,4
CellWall,CellWall,CellWall/HST-CK_008_Cell_Wall_3.tif,CellWall/ech_001_Cell_Wall_3.tif,/Users/jason/Desktop/OrganelleClassifyDataset/train/CellWall/HST-CK_008_Cell_Wall_3.tif,/Users/jason/Desktop/OrganelleClassifyDataset/test/CellWall/ech_001_Cell_Wall_3.tif,c39ca36c5b567491,d996a77812c63935,20,True,4
Chloroplast,CellWall,Chloroplast/379c_001_Chloroplast_7.tif,CellWall/ech_001_Cell_Wall_3.tif,/Users/jason/Desktop/OrganelleClassifyDataset/train/Chloroplast/379c_001_Chloroplast_7.tif,/Users/jason/Desktop/OrganelleClassifyDataset/test/CellWall/ech_001_Cell_Wall_3.tif,fb95e06496c2996c,d996a77812c63935,20,False,4
CellWall,CellWall,CellWall/lyn8_006_Cell_Wall_1.tif,CellWall/lyn10_001_Cell_Wall_3.tif,/Users/jason/Desktop/OrganelleClassifyDataset/train/CellWall/lyn8_006_Cell_Wall_1.tif,/Users/jason/Desktop/OrganelleClassifyDataset/test/CellWall/lyn10_001_Cell_Wall_3.tif,a686c03c9f33dc87,a6e44c3cc167f84d,20,True,5
CellWall,CellWall,CellWall/wht1_007_Cell_Wall_1.tif,CellWall/lyn10_001_Cell_Wall_3.tif,/Users/jason/Desktop/OrganelleClassifyDataset/train/CellWall/wht1_007_Cell_Wall_1.tif,/Users/jason/Desktop/OrganelleClassifyDataset/test/CellWall/lyn10_001_Cell_Wall_3.tif,a760967ce1172a67,a6e44c3cc167f84d,20,True,5
ER,CellWall,ER/2+--6800X--0006_ER_8.tif,CellWall/lyn10_001_Cell_Wall_3.tif,/Users/jason/Desktop/OrganelleClassifyDataset/train/ER/2+--6800X--0006_ER_8.tif,/Users/jason/Desktop/OrganelleClassifyDataset/test/CellWall/lyn10_001_Cell_Wall_3.tif,a3060d1bb1e7e1cd,a6e44c3cc167f84d,20,False,5
Mito,CellWall,Mito/#3--23000X--0039_Mito_1.tif,CellWall/lyn10_001_Cell_Wall_3.tif,/Users/jason/Desktop/OrganelleClassifyDataset/train/Mito/#3--23000X--0039_Mito_1.tif,/Users/jason/Desktop/OrganelleClassifyDataset/test/CellWall/lyn10_001_Cell_Wall_3.tif,a3aac1ccc15dd86d,a6e44c3cc167f84d,20,False,5
Vesicles,CellWall,Vesicles/kw10-6--6800X--0019_Vesicles_1.tif,CellWall/lyn10_001_Cell_Wall_3.tif,/Users/jason/Desktop/OrganelleClassifyDataset/train/Vesicles/kw10-6--6800X--0019_Vesicles_1.tif,/Users/jason/Desktop/OrganelleClassifyDataset/test/CellWall/lyn10_001_Cell_Wall_3.tif,9ec478584772d0cf,a6e44c3cc167f84d,20,False,5
Autosome,CellWall,Autosome/PS-N--23000X--0061_Autosome_1.tif,CellWall/lyn10_008_Cell_Wall_3.tif,/Users/jason/Desktop/OrganelleClassifyDataset/train/Autosome/PS-N--23000X--0061_Autosome_1.tif,/Users/jason/Desktop/OrganelleClassifyDataset/test/CellWall/lyn10_008_Cell_Wall_3.tif,fa16855332cdb24d,da1485e3f2b92c2e,20,False,7
CellWall,CellWall,CellWall/2gill_007_Cell_Wall_2.tif,CellWall/lyn10_008_Cell_Wall_3.tif,/Users/jason/Desktop/OrganelleClassifyDataset/train/CellWall/2gill_007_Cell_Wall_2.tif,/Users/jason/Desktop/OrganelleClassifyDataset/test/CellWall/lyn10_008_Cell_Wall_3.tif,9188c463b1b87cbf,da1485e3f2b92c2e,20,True,7
CellWall,CellWall,CellWall/mkb6_003_Cell_Wall_1.tif,CellWall/lyn10_008_Cell_Wall_3.tif,/Users/jason/Desktop/OrganelleClassifyDataset/train/CellWall/mkb6_003_Cell_Wall_1.tif,/Users/jason/Desktop/OrganelleClassifyDataset/test/CellWall/lyn10_008_Cell_Wall_3.tif,8e27a54672fa0cb6,da1485e3f2b92c2e,20,True,7
Chloroplast,CellWall,Chloroplast/cjy-2_012_Chloroplast_3.tif,CellWall/lyn10_008_Cell_Wall_3.tif,/Users/jason/Desktop/OrganelleClassifyDataset/train/Chloroplast/cjy-2_012_Chloroplast_3.tif,/Users/jason/Desktop/OrganelleClassifyDataset/test/CellWall/lyn10_008_Cell_Wall_3.tif,fa389dc6a389a896,da1485e3f2b92c2e,20,False,7
ER,CellWall,ER/3W-CD4-Ctrl2--13000X--0009_ER_2.tif,CellWall/lyn10_008_Cell_Wall_3.tif,/Users/jason/Desktop/OrganelleClassifyDataset/train/ER/3W-CD4-Ctrl2--13000X--0009_ER_2.tif,/Users/jason/Desktop/OrganelleClassifyDataset/test/CellWall/lyn10_008_Cell_Wall_3.tif,d256adc11fa134e6,da1485e3f2b92c2e,20,False,7
Nucleus,CellWall,Nucleus/kw10-6--6800X--0010_Nucleus_2.tif,CellWall/lyn10_008_Cell_Wall_3.tif,/Users/jason/Desktop/OrganelleClassifyDataset/train/Nucleus/kw10-6--6800X--0010_Nucleus_2.tif,/Users/jason/Desktop/OrganelleClassifyDataset/test/CellWall/lyn10_008_Cell_Wall_3.tif,9e3125e9d07cc92e,da1485e3f2b92c2e,20,False,7
Nucleus,CellWall,Nucleus/wt-8--6800X--0017_Nucleus_1.tif,CellWall/lyn10_008_Cell_Wall_3.tif,/Users/jason/Desktop/OrganelleClassifyDataset/train/Nucleus/wt-8--6800X--0017_Nucleus_1.tif,/Users/jason/Desktop/OrganelleClassifyDataset/test/CellWall/lyn10_008_Cell_Wall_3.tif,fa54e163d641d88e,da1485e3f2b92c2e,20,False,7
Autosome,CellWall,Autosome/ls--49000X--0037_Autosome_1.tif,CellWall/lyn12_005_Cell_Wall_1.tif,/Users/jason/Desktop/OrganelleClassifyDataset/train/Autosome/ls--49000X--0037_Autosome_1.tif,/Users/jason/Desktop/OrganelleClassifyDataset/test/CellWall/lyn12_005_Cell_Wall_1.tif,8d4e39f4ca7e1129,ed457bc5509d1329,20,False,7
CellWall,CellWall,CellWall/qm-2_001_Cell_Wall_2.tif,CellWall/lyn12_005_Cell_Wall_1.tif,/Users/jason/Desktop/OrganelleClassifyDataset/train/CellWall/qm-2_001_Cell_Wall_2.tif,/Users/jason/Desktop/OrganelleClassifyDataset/test/CellWall/lyn12_005_Cell_Wall_1.tif,f5455d7115d51551,ed457bc5509d1329,20,True,7
CellWall,CellWall,CellWall/zzc3_010_Cell_Wall_4.tif,CellWall/lyn12_005_Cell_Wall_1.tif,/Users/jason/Desktop/OrganelleClassifyDataset/train/CellWall/zzc3_010_Cell_Wall_4.tif,/Users/jason/Desktop/OrganelleClassifyDataset/test/CellWall/lyn12_005_Cell_Wall_1.tif,cc437f463a8c314f,ed457bc5509d1329,20,True,7
Mito,CellWall,Mito/R3--49000X--0024_Mito_2.tif,CellWall/lyn12_005_Cell_Wall_1.tif,/Users/jason/Desktop/OrganelleClassifyDataset/train/Mito/R3--49000X--0024_Mito_2.tif,/Users/jason/Desktop/OrganelleClassifyDataset/test/CellWall/lyn12_005_Cell_Wall_1.tif,ab01b5c1d29da9b9,ed457bc5509d1329,20,False,7
Nucleus,CellWall,Nucleus/kw10-3--6800X--0080_Nucleus_2.tif,CellWall/lyn12_005_Cell_Wall_1.tif,/Users/jason/Desktop/OrganelleClassifyDataset/train/Nucleus/kw10-3--6800X--0080_Nucleus_2.tif,/Users/jason/Desktop/OrganelleClassifyDataset/test/CellWall/lyn12_005_Cell_Wall_1.tif,c77569c1b494b2a5,ed457bc5509d1329,20,False,7
Nucleus,CellWall,Nucleus/kw10-6--6800X--0056_Nucleus_1.tif,CellWall/lyn12_005_Cell_Wall_1.tif,/Users/jason/Desktop/OrganelleClassifyDataset/train/Nucleus/kw10-6--6800X--0056_Nucleus_1.tif,/Users/jason/Desktop/OrganelleClassifyDataset/test/CellWall/lyn12_005_Cell_Wall_1.tif,860739c930ed3b2f,ed457bc5509d1329,20,False,7
Vesicles,CellWall,Vesicles/79-2--11000X--0029_Vesicles_1.tif,CellWall/lyn12_005_Cell_Wall_1.tif,/Users/jason/Desktop/OrganelleClassifyDataset/train/Vesicles/79-2--11000X--0029_Vesicles_1.tif,/Users/jason/Desktop/OrganelleClassifyDataset/test/CellWall/lyn12_005_Cell_Wall_1.tif,df2161df929d1861,ed457bc5509d1329,20,False,7
CellWall,CellWall,CellWall/lyn11_007_Cell_Wall_1.tif,CellWall/mkb5_004_Cell_Wall_1.tif,/Users/jason/Desktop/OrganelleClassifyDataset/train/CellWall/lyn11_007_Cell_Wall_1.tif,/Users/jason/Desktop/OrganelleClassifyDataset/test/CellWall/mkb5_004_Cell_Wall_1.tif,a6fc815fb2225699,a355897d2c967689,20,True,4
ER,CellWall,ER/kw10-1--13000X--0086_ER_2.tif,CellWall/mkb5_004_Cell_Wall_1.tif,/Users/jason/Desktop/OrganelleClassifyDataset/train/ER/kw10-1--13000X--0086_ER_2.tif,/Users/jason/Desktop/OrganelleClassifyDataset/test/CellWall/mkb5_004_Cell_Wall_1.tif,86998dbd3df26098,a355897d2c967689,20,False,4
Golgi,CellWall,Golgi/#56--23000X--0089_Golgi_1.tif,CellWall/mkb5_004_Cell_Wall_1.tif,/Users/jason/Desktop/OrganelleClassifyDataset/train/Golgi/#56--23000X--0089_Golgi_1.tif,/Users/jason/Desktop/OrganelleClassifyDataset/test/CellWall/mkb5_004_Cell_Wall_1.tif,a9d51a1d1d3a75c1,a355897d2c967689,20,False,4
Golgi,CellWall,Golgi/45--9300X--0003_Golgi_2.tif,CellWall/mkb5_004_Cell_Wall_1.tif,/Users/jason/Desktop/OrganelleClassifyDataset/train/Golgi/45--9300X--0003_Golgi_2.tif,/Users/jason/Desktop/OrganelleClassifyDataset/test/CellWall/mkb5_004_Cell_Wall_1.tif,a305855499e63fb9,a355897d2c967689,20,False,4
CellWall,CellWall,CellWall/HST-CK_010_Cell_Wall_2.tif,CellWall/mkb6_011_Cell_Wall_1.tif,/Users/jason/Desktop/OrganelleClassifyDataset/train/CellWall/HST-CK_010_Cell_Wall_2.tif,/Users/jason/Desktop/OrganelleClassifyDataset/test/CellWall/mkb6_011_Cell_Wall_1.tif,db802bca1fe00df9,cba7fa2814f805f8,20,True,8
CellWall,CellWall,CellWall/mkb8_008_Cell_Wall_2.tif,CellWall/mkb6_011_Cell_Wall_1.tif,/Users/jason/Desktop/OrganelleClassifyDataset/train/CellWall/mkb8_008_Cell_Wall_2.tif,/Users/jason/Desktop/OrganelleClassifyDataset/test/CellWall/mkb6_011_Cell_Wall_1.tif,f63ff04312f007e8,cba7fa2814f805f8,20,True,8
CellWall,CellWall,CellWall/qm1_014_Cell_Wall_1.tif,CellWall/mkb6_011_Cell_Wall_1.tif,/Users/jason/Desktop/OrganelleClassifyDataset/train/CellWall/qm1_014_Cell_Wall_1.tif,/Users/jason/Desktop/OrganelleClassifyDataset/test/CellWall/mkb6_011_Cell_Wall_1.tif,ebb75b2994a05385,cba7fa2814f805f8,20,True,8
ER,CellWall,ER/#3--6800X--0002_ER_1.tif,CellWall/mkb6_011_Cell_Wall_1.tif,/Users/jason/Desktop/OrganelleClassifyDataset/train/ER/#3--6800X--0002_ER_1.tif,/Users/jason/Desktop/OrganelleClassifyDataset/test/CellWall/mkb6_011_Cell_Wall_1.tif,eabfd3081ce39429,cba7fa2814f805f8,20,False,8
ER,CellWall,ER/64--23000X--0003_ER_1.tif,CellWall/mkb6_011_Cell_Wall_1.tif,/Users/jason/Desktop/OrganelleClassifyDataset/train/ER/64--23000X--0003_ER_1.tif,/Users/jason/Desktop/OrganelleClassifyDataset/test/CellWall/mkb6_011_Cell_Wall_1.tif,d3738aac94b0a5ae,cba7fa2814f805f8,20,False,8
Mito,CellWall,Mito/44--23000X--0017_Mito_1.tif,CellWall/mkb6_011_Cell_Wall_1.tif,/Users/jason/Desktop/OrganelleClassifyDataset/train/Mito/44--23000X--0017_Mito_1.tif,/Users/jason/Desktop/OrganelleClassifyDataset/test/CellWall/mkb6_011_Cell_Wall_1.tif,db81d209917b51eb,cba7fa2814f805f8,20,False,8
Mito,CellWall,Mito/M_J81--11000X--0021_Mito_1.tif,CellWall/mkb6_011_Cell_Wall_1.tif,/Users/jason/Desktop/OrganelleClassifyDataset/train/Mito/M_J81--11000X--0021_Mito_1.tif,/Users/jason/Desktop/OrganelleClassifyDataset/test/CellWall/mkb6_011_Cell_Wall_1.tif,e10db7249db105fa,cba7fa2814f805f8,20,False,8
Nucleus,CellWall,Nucleus/1170--6800X--0006_Nucleus_1.tif,CellWall/mkb6_011_Cell_Wall_1.tif,/Users/jason/Desktop/OrganelleClassifyDataset/train/Nucleus/1170--6800X--0006_Nucleus_1.tif,/Users/jason/Desktop/OrganelleClassifyDataset/test/CellWall/mkb6_011_Cell_Wall_1.tif,cb072c2932eea6b9,cba7fa2814f805f8,20,False,8
Autosome,CellWall,Autosome/10-SI--23000X--0027_Autosome_1.tif,CellWall/mkb6_013_Cell_Wall_1.tif,/Users/jason/Desktop/OrganelleClassifyDataset/train/Autosome/10-SI--23000X--0027_Autosome_1.tif,/Users/jason/Desktop/OrganelleClassifyDataset/test/CellWall/mkb6_013_Cell_Wall_1.tif,ae49d02bc37cc752,8679cf89c318e738,20,False,7
CellWall,CellWall,CellWall/4-llq_002_Cell_Wall_1.tif,CellWall/mkb6_013_Cell_Wall_1.tif,/Users/jason/Desktop/OrganelleClassifyDataset/train/CellWall/4-llq_002_Cell_Wall_1.tif,/Users/jason/Desktop/OrganelleClassifyDataset/test/CellWall/mkb6_013_Cell_Wall_1.tif,8e63cf1813b6a70d,8679cf89c318e738,20,True,7
CellWall,CellWall,CellWall/club2_007_Cell_Wall_2.tif,CellWall/mkb6_013_Cell_Wall_1.tif,/Users/jason/Desktop/OrganelleClassifyDataset/train/CellWall/club2_007_Cell_Wall_2.tif,/Users/jason/Desktop/OrganelleClassifyDataset/test/CellWall/mkb6_013_Cell_Wall_1.tif,c67cbf0be21623e0,8679cf89c318e738,20,True,7
Chloroplast,CellWall,Chloroplast/309n_009_Chloroplast_7.tif,CellWall/mkb6_013_Cell_Wall_1.tif,/Users/jason/Desktop/OrganelleClassifyDataset/train/Chloroplast/309n_009_Chloroplast_7.tif,/Users/jason/Desktop/OrganelleClassifyDataset/test/CellWall/mkb6_013_Cell_Wall_1.tif,8ff890a7ce18c719,8679cf89c318e738,20,False,7
ER,CellWall,ER/PS-50SI--6800X--0009_ER_1.tif,CellWall/mkb6_013_Cell_Wall_1.tif,/Users/jason/Desktop/OrganelleClassifyDataset/train/ER/PS-50SI--6800X--0009_ER_1.tif,/Users/jason/Desktop/OrganelleClassifyDataset/test/CellWall/mkb6_013_Cell_Wall_1.tif,a67817314ed8ff08,8679cf89c318e738,20,False,7
Golgi,CellWall,Golgi/42--9300X--0008_Golgi_1.tif,CellWall/mkb6_013_Cell_Wall_1.tif,/Users/jason/Desktop/OrganelleClassifyDataset/train/Golgi/42--9300X--0008_Golgi_1.tif,/Users/jason/Desktop/OrganelleClassifyDataset/test/CellWall/mkb6_013_Cell_Wall_1.tif,9e39ca8e7116c27c,8679cf89c318e738,20,False,7
Mito,CellWall,Mito/13-R-B--18500X--0013_Mito_1.tif,CellWall/mkb6_013_Cell_Wall_1.tif,/Users/jason/Desktop/OrganelleClassifyDataset/train/Mito/13-R-B--18500X--0013_Mito_1.tif,/Users/jason/Desktop/OrganelleClassifyDataset/test/CellWall/mkb6_013_Cell_Wall_1.tif,a0fd83d8c258de1d,8679cf89c318e738,20,False,7
CellWall,CellWall,CellWall/mkb4_001_Cell_Wall_2.tif,CellWall/nangua_f_009_Cell_Wall_1.tif,/Users/jason/Desktop/OrganelleClassifyDataset/train/CellWall/mkb4_001_Cell_Wall_2.tif,/Users/jason/Desktop/OrganelleClassifyDataset/test/CellWall/nangua_f_009_Cell_Wall_1.tif,c42e2c94ceecf61a,cb6e4c11c75c5656,20,True,5
ER,CellWall,ER/2+--30000X--0012_ER_2.tif,CellWall/nangua_f_009_Cell_Wall_1.tif,/Users/jason/Desktop/OrganelleClassifyDataset/train/ER/2+--30000X--0012_ER_2.tif,/Users/jason/Desktop/OrganelleClassifyDataset/test/CellWall/nangua_f_009_Cell_Wall_1.tif,d76a19b1e70e5b02,cb6e4c11c75c5656,20,False,5
Golgi,CellWall,Golgi/64--23000X--0009_Golgi_1.tif,CellWall/nangua_f_009_Cell_Wall_1.tif,/Users/jason/Desktop/OrganelleClassifyDataset/train/Golgi/64--23000X--0009_Golgi_1.tif,/Users/jason/Desktop/OrganelleClassifyDataset/test/CellWall/nangua_f_009_Cell_Wall_1.tif,ab26b49bcd4d6416,cb6e4c11c75c5656,20,False,5
Mito,CellWall,Mito/ZONG_S3_5.27--23000X--0012_Mito_1.tif,CellWall/nangua_f_009_Cell_Wall_1.tif,/Users/jason/Desktop/OrganelleClassifyDataset/train/Mito/ZONG_S3_5.27--23000X--0012_Mito_1.tif,/Users/jason/Desktop/OrganelleClassifyDataset/test/CellWall/nangua_f_009_Cell_Wall_1.tif,eb5ac19087c99697,cb6e4c11c75c5656,20,False,5
Vesicles,CellWall,Vesicles/169--6800X--0025_Vesicles_1.tif,CellWall/nangua_f_009_Cell_Wall_1.tif,/Users/jason/Desktop/OrganelleClassifyDataset/train/Vesicles/169--6800X--0025_Vesicles_1.tif,/Users/jason/Desktop/OrganelleClassifyDataset/test/CellWall/nangua_f_009_Cell_Wall_1.tif,df2e60d2c32c8c76,cb6e4c11c75c5656,20,False,5
Chloroplast,CellWall,Chloroplast/2.1_008_Chloroplast_4.tif,CellWall/qm1_014_Cell_Wall_2.tif,/Users/jason/Desktop/OrganelleClassifyDataset/train/Chloroplast/2.1_008_Chloroplast_4.tif,/Users/jason/Desktop/OrganelleClassifyDataset/test/CellWall/qm1_014_Cell_Wall_2.tif,ea3b9c67a9223265,8cbbdc26910ca27f,20,False,6
Chloroplast,CellWall,Chloroplast/379n_009_Chloroplast_3.tif,CellWall/qm1_014_Cell_Wall_2.tif,/Users/jason/Desktop/OrganelleClassifyDataset/train/Chloroplast/379n_009_Chloroplast_3.tif,/Users/jason/Desktop/OrganelleClassifyDataset/test/CellWall/qm1_014_Cell_Wall_2.tif,ea3e8f67914c9249,8cbbdc26910ca27f,20,False,6
ER,CellWall,ER/k+2--6800X--0009_ER_1.tif,CellWall/qm1_014_Cell_Wall_2.tif,/Users/jason/Desktop/OrganelleClassifyDataset/train/ER/k+2--6800X--0009_ER_1.tif,/Users/jason/Desktop/OrganelleClassifyDataset/test/CellWall/qm1_014_Cell_Wall_2.tif,871f5a378316a659,8cbbdc26910ca27f,20,False,6
Golgi,CellWall,Golgi/42--9300X--0008_Golgi_1.tif,CellWall/qm1_014_Cell_Wall_2.tif,/Users/jason/Desktop/OrganelleClassifyDataset/train/Golgi/42--9300X--0008_Golgi_1.tif,/Users/jason/Desktop/OrganelleClassifyDataset/test/CellWall/qm1_014_Cell_Wall_2.tif,9e39ca8e7116c27c,8cbbdc26910ca27f,20,False,6
Mito,CellWall,Mito/ZONG_S1_5.27--23000X--0013_Mito_1.tif,CellWall/qm1_014_Cell_Wall_2.tif,/Users/jason/Desktop/OrganelleClassifyDataset/train/Mito/ZONG_S1_5.27--23000X--0013_Mito_1.tif,/Users/jason/Desktop/OrganelleClassifyDataset/test/CellWall/qm1_014_Cell_Wall_2.tif,bf01d45692288b7f,8cbbdc26910ca27f,20,False,6
Mito,CellWall,Mito/wt-7--13000X--0139_Mito_1.tif,CellWall/qm1_014_Cell_Wall_2.tif,/Users/jason/Desktop/OrganelleClassifyDataset/train/Mito/wt-7--13000X--0139_Mito_1.tif,/Users/jason/Desktop/OrganelleClassifyDataset/test/CellWall/qm1_014_Cell_Wall_2.tif,b22b9956d13c8a73,8cbbdc26910ca27f,20,False,6
Chloroplast,CellWall,Chloroplast/cjy-2_012_Chloroplast_1.tif,CellWall/qm1_014_Cell_Wall_5.tif,/Users/jason/Desktop/OrganelleClassifyDataset/train/Chloroplast/cjy-2_012_Chloroplast_1.tif,/Users/jason/Desktop/OrganelleClassifyDataset/test/CellWall/qm1_014_Cell_Wall_5.tif,a990de23e3f98cc4,85134beb69f80cf4,20,False,5
Golgi,CellWall,Golgi/#3--23000X--0048_Golgi_1.tif,CellWall/qm1_014_Cell_Wall_5.tif,/Users/jason/Desktop/OrganelleClassifyDataset/train/Golgi/#3--23000X--0048_Golgi_1.tif,/Users/jason/Desktop/OrganelleClassifyDataset/test/CellWall/qm1_014_Cell_Wall_5.tif,c11bcb3359634d66,85134beb69f80cf4,20,False,5
Golgi,CellWall,Golgi/46--6800X--0006_Golgi_1.tif,CellWall/qm1_014_Cell_Wall_5.tif,/Users/jason/Desktop/OrganelleClassifyDataset/train/Golgi/46--6800X--0006_Golgi_1.tif,/Users/jason/Desktop/OrganelleClassifyDataset/test/CellWall/qm1_014_Cell_Wall_5.tif,a31786786dfa10b5,85134beb69f80cf4,20,False,5
Golgi,CellWall,Golgi/6W-CD4-Ctrl2--30000X--0147_Golgi_1.tif,CellWall/qm1_014_Cell_Wall_5.tif,/Users/jason/Desktop/OrganelleClassifyDataset/train/Golgi/6W-CD4-Ctrl2--30000X--0147_Golgi_1.tif,/Users/jason/Desktop/OrganelleClassifyDataset/test/CellWall/qm1_014_Cell_Wall_5.tif,a11448ecfaf8ae96,85134beb69f80cf4,20,False,5
Nucleus,CellWall,Nucleus/kw10-1--6800X--0026_Nucleus_1.tif,CellWall/qm1_014_Cell_Wall_5.tif,/Users/jason/Desktop/OrganelleClassifyDataset/train/Nucleus/kw10-1--6800X--0026_Nucleus_1.tif,/Users/jason/Desktop/OrganelleClassifyDataset/test/CellWall/qm1_014_Cell_Wall_5.tif,90037b4bedbcd930,85134beb69f80cf4,20,False,5
Autosome,CellWall,Autosome/10-N--23000X--0055_Autosome_1.tif,CellWall/sft11_004_Cell_Wall_1.tif,/Users/jason/Desktop/OrganelleClassifyDataset/train/Autosome/10-N--23000X--0055_Autosome_1.tif,/Users/jason/Desktop/OrganelleClassifyDataset/test/CellWall/sft11_004_Cell_Wall_1.tif,a9bcd5e840f942e3,a97417604f5a56f1,20,False,4
Golgi,CellWall,Golgi/1-1shiyan--23000X--0021_Golgi_2.tif,CellWall/sft11_004_Cell_Wall_1.tif,/Users/jason/Desktop/OrganelleClassifyDataset/train/Golgi/1-1shiyan--23000X--0021_Golgi_2.tif,/Users/jason/Desktop/OrganelleClassifyDataset/test/CellWall/sft11_004_Cell_Wall_1.tif,ad7551d51e50c674,a97417604f5a56f1,20,False,4
Golgi,CellWall,Golgi/46--6800X--0006_Golgi_1.tif,CellWall/sft11_004_Cell_Wall_1.tif,/Users/jason/Desktop/OrganelleClassifyDataset/train/Golgi/46--6800X--0006_Golgi_1.tif,/Users/jason/Desktop/OrganelleClassifyDataset/test/CellWall/sft11_004_Cell_Wall_1.tif,a31786786dfa10b5,a97417604f5a56f1,20,False,4
Mito,CellWall,Mito/M_J81--11000X--0022_Mito_1.tif,CellWall/sft11_004_Cell_Wall_1.tif,/Users/jason/Desktop/OrganelleClassifyDataset/train/Mito/M_J81--11000X--0022_Mito_1.tif,/Users/jason/Desktop/OrganelleClassifyDataset/test/CellWall/sft11_004_Cell_Wall_1.tif,ab4397707a5070fa,a97417604f5a56f1,20,False,4
ER,CellWall,ER/2+--6800X--0007_ER_2.tif,CellWall/zzc2_014_Cell_Wall_1.tif,/Users/jason/Desktop/OrganelleClassifyDataset/train/ER/2+--6800X--0007_ER_2.tif,/Users/jason/Desktop/OrganelleClassifyDataset/test/CellWall/zzc2_014_Cell_Wall_1.tif,b0c835eab319e81f,9c4d33cb261beb12,20,False,2
ER,CellWall,ER/3W-CD4-Ctrl2--30000X--0192_ER_4.tif,CellWall/zzc2_014_Cell_Wall_1.tif,/Users/jason/Desktop/OrganelleClassifyDataset/train/ER/3W-CD4-Ctrl2--30000X--0192_ER_4.tif,/Users/jason/Desktop/OrganelleClassifyDataset/test/CellWall/zzc2_014_Cell_Wall_1.tif,8d0d3270c49bcb9f,9c4d33cb261beb12,20,False,2
CellWall,CellWall,CellWall/xsj2_003_Cell_Wall_2.tif,CellWall/zzc2_014_Cell_Wall_2.tif,/Users/jason/Desktop/OrganelleClassifyDataset/train/CellWall/xsj2_003_Cell_Wall_2.tif,/Users/jason/Desktop/OrganelleClassifyDataset/test/CellWall/zzc2_014_Cell_Wall_2.tif,a424ec2666e7c787,8d64e9ac64b26da5,20,True,3
CellWall,CellWall,CellWall/zzc6_009_Cell_Wall_4.tif,CellWall/zzc2_014_Cell_Wall_2.tif,/Users/jason/Desktop/OrganelleClassifyDataset/train/CellWall/zzc6_009_Cell_Wall_4.tif,/Users/jason/Desktop/OrganelleClassifyDataset/test/CellWall/zzc2_014_Cell_Wall_2.tif,adf8cb3ce426072c,8d64e9ac64b26da5,20,True,3
Chloroplast,CellWall,Chloroplast/zb1_007_Chloroplast_2.tif,CellWall/zzc2_014_Cell_Wall_2.tif,/Users/jason/Desktop/OrganelleClassifyDataset/train/Chloroplast/zb1_007_Chloroplast_2.tif,/Users/jason/Desktop/OrganelleClassifyDataset/test/CellWall/zzc2_014_Cell_Wall_2.tif,b895caece6e261a1,8d64e9ac64b26da5,20,False,3
Autosome,CellWall,Autosome/PG3--68000X--0004_Autosome_1.tif,CellWall/zzc3_006_Cell_Wall_1.tif,/Users/jason/Desktop/OrganelleClassifyDataset/train/Autosome/PG3--68000X--0004_Autosome_1.tif,/Users/jason/Desktop/OrganelleClassifyDataset/test/CellWall/zzc3_006_Cell_Wall_1.tif,9f9864a798c845eb,96902de5c32877ea,20,False,10
CellWall,CellWall,CellWall/1-llq_008_Cell_Wall_1.tif,CellWall/zzc3_006_Cell_Wall_1.tif,/Users/jason/Desktop/OrganelleClassifyDataset/train/CellWall/1-llq_008_Cell_Wall_1.tif,/Users/jason/Desktop/OrganelleClassifyDataset/test/CellWall/zzc3_006_Cell_Wall_1.tif,f2530decc37a304e,96902de5c32877ea,20,True,10
CellWall,CellWall,CellWall/1.1_007_Cell_Wall_1.tif,CellWall/zzc3_006_Cell_Wall_1.tif,/Users/jason/Desktop/OrganelleClassifyDataset/train/CellWall/1.1_007_Cell_Wall_1.tif,/Users/jason/Desktop/OrganelleClassifyDataset/test/CellWall/zzc3_006_Cell_Wall_1.tif,9e526925ed0571ec,96902de5c32877ea,20,True,10
CellWall,CellWall,CellWall/lyn6_008_Cell_Wall_2.tif,CellWall/zzc3_006_Cell_Wall_1.tif,/Users/jason/Desktop/OrganelleClassifyDataset/train/CellWall/lyn6_008_Cell_Wall_2.tif,/Users/jason/Desktop/OrganelleClassifyDataset/test/CellWall/zzc3_006_Cell_Wall_1.tif,dcd195654b18a66e,96902de5c32877ea,20,True,10
CellWall,CellWall,CellWall/lyn9_001_Cell_Wall_1.tif,CellWall/zzc3_006_Cell_Wall_1.tif,/Users/jason/Desktop/OrganelleClassifyDataset/train/CellWall/lyn9_001_Cell_Wall_1.tif,/Users/jason/Desktop/OrganelleClassifyDataset/test/CellWall/zzc3_006_Cell_Wall_1.tif,a6b419e9c619f50e,96902de5c32877ea,20,True,10
CellWall,CellWall,CellWall/mkb8_006_Cell_Wall_1.tif,CellWall/zzc3_006_Cell_Wall_1.tif,/Users/jason/Desktop/OrganelleClassifyDataset/train/CellWall/mkb8_006_Cell_Wall_1.tif,/Users/jason/Desktop/OrganelleClassifyDataset/test/CellWall/zzc3_006_Cell_Wall_1.tif,c7b03ce34938e8e3,96902de5c32877ea,20,True,10
ER,CellWall,ER/3W-CD4-Ctrl3--30000X--0033_ER_1.tif,CellWall/zzc3_006_Cell_Wall_1.tif,/Users/jason/Desktop/OrganelleClassifyDataset/train/ER/3W-CD4-Ctrl3--30000X--0033_ER_1.tif,/Users/jason/Desktop/OrganelleClassifyDataset/test/CellWall/zzc3_006_Cell_Wall_1.tif,b4110d469b00ffbf,96902de5c32877ea,20,False,10
ER,CellWall,ER/PS-50--6800X--0004_ER_1.tif,CellWall/zzc3_006_Cell_Wall_1.tif,/Users/jason/Desktop/OrganelleClassifyDataset/train/ER/PS-50--6800X--0004_ER_1.tif,/Users/jason/Desktop/OrganelleClassifyDataset/test/CellWall/zzc3_006_Cell_Wall_1.tif,df14045555a8f3da,96902de5c32877ea,20,False,10
Golgi,CellWall,Golgi/3W-CD4-Ctrl3--30000X--0060_Golgi_1.tif,CellWall/zzc3_006_Cell_Wall_1.tif,/Users/jason/Desktop/OrganelleClassifyDataset/train/Golgi/3W-CD4-Ctrl3--30000X--0060_Golgi_1.tif,/Users/jason/Desktop/OrganelleClassifyDataset/test/CellWall/zzc3_006_Cell_Wall_1.tif,86f96de69238c643,96902de5c32877ea,20,False,10
Mito,CellWall,Mito/37--23000X--0002_Mito_1.tif,CellWall/zzc3_006_Cell_Wall_1.tif,/Users/jason/Desktop/OrganelleClassifyDataset/train/Mito/37--23000X--0002_Mito_1.tif,/Users/jason/Desktop/OrganelleClassifyDataset/test/CellWall/zzc3_006_Cell_Wall_1.tif,af9181b1c220dbef,96902de5c32877ea,20,False,10
Chloroplast,CellWall,Chloroplast/2gill_009_Chloroplast_7.tif,CellWall/zzc4_016_Cell_Wall_6.tif,/Users/jason/Desktop/OrganelleClassifyDataset/train/Chloroplast/2gill_009_Chloroplast_7.tif,/Users/jason/Desktop/OrganelleClassifyDataset/test/CellWall/zzc4_016_Cell_Wall_6.tif,fb66e40d93b40ce4,dbe264b195185cd6,20,False,2
Vesicles,CellWall,Vesicles/kw3-2--6800X--0056_Vesicles_2.tif,CellWall/zzc4_016_Cell_Wall_6.tif,/Users/jason/Desktop/OrganelleClassifyDataset/train/Vesicles/kw3-2--6800X--0056_Vesicles_2.tif,/Users/jason/Desktop/OrganelleClassifyDataset/test/CellWall/zzc4_016_Cell_Wall_6.tif,d3e624b0c29fcbc4,dbe264b195185cd6,20,False,2
CellWall,CellWall,CellWall/11-1-1_009_Cell_Wall_1.tif,CellWall/zzc7_016_Cell_Wall_1.tif,/Users/jason/Desktop/OrganelleClassifyDataset/train/CellWall/11-1-1_009_Cell_Wall_1.tif,/Users/jason/Desktop/OrganelleClassifyDataset/test/CellWall/zzc7_016_Cell_Wall_1.tif,8c0412cf6d67d9f2,cc0697f8605f91ea,20,True,6
ER,CellWall,ER/2+--6800X--0010_ER_5.tif,CellWall/zzc7_016_Cell_Wall_1.tif,/Users/jason/Desktop/OrganelleClassifyDataset/train/ER/2+--6800X--0010_ER_5.tif,/Users/jason/Desktop/OrganelleClassifyDataset/test/CellWall/zzc7_016_Cell_Wall_1.tif,8705bffce8c015ca,cc0697f8605f91ea,20,False,6
ER,CellWall,ER/52-WT--18500X--0058_ER_1.tif,CellWall/zzc7_016_Cell_Wall_1.tif,/Users/jason/Desktop/OrganelleClassifyDataset/train/ER/52-WT--18500X--0058_ER_1.tif,/Users/jason/Desktop/OrganelleClassifyDataset/test/CellWall/zzc7_016_Cell_Wall_1.tif,cc841e1067dcedea,cc0697f8605f91ea,20,False,6
Golgi,CellWall,Golgi/47--30000X--0030_Golgi_2.tif,CellWall/zzc7_016_Cell_Wall_1.tif,/Users/jason/Desktop/OrganelleClassifyDataset/train/Golgi/47--30000X--0030_Golgi_2.tif,/Users/jason/Desktop/OrganelleClassifyDataset/test/CellWall/zzc7_016_Cell_Wall_1.tif,dd21dfd0455939c2,cc0697f8605f91ea,20,False,6
Mito,CellWall,Mito/13-R-B--18500X--0008_Mito_1.tif,CellWall/zzc7_016_Cell_Wall_1.tif,/Users/jason/Desktop/OrganelleClassifyDataset/train/Mito/13-R-B--18500X--0008_Mito_1.tif,/Users/jason/Desktop/OrganelleClassifyDataset/test/CellWall/zzc7_016_Cell_Wall_1.tif,eda485085a7bb5e2,cc0697f8605f91ea,20,False,6
Nucleus,CellWall,Nucleus/kw10-4--13000X--0102_Nucleus_1.tif,CellWall/zzc7_016_Cell_Wall_1.tif,/Users/jason/Desktop/OrganelleClassifyDataset/train/Nucleus/kw10-4--13000X--0102_Nucleus_1.tif,/Users/jason/Desktop/OrganelleClassifyDataset/test/CellWall/zzc7_016_Cell_Wall_1.tif,e7223bd8c09d85da,cc0697f8605f91ea,20,False,6
Vesicles,CellWall,Vesicles/1-3-hkf--6800X--0012_Vesicles_2.tif,CellWall/zzc7_019_Cell_Wall_1.tif,/Users/jason/Desktop/OrganelleClassifyDataset/train/Vesicles/1-3-hkf--6800X--0012_Vesicles_2.tif,/Users/jason/Desktop/OrganelleClassifyDataset/test/CellWall/zzc7_019_Cell_Wall_1.tif,98a3253ac7e28d9d,d49b2778cf90a139,20,False,1
CellWall,Chloroplast,CellWall/2gill_007_Cell_Wall_3.tif,Chloroplast/2.1_008_Chloroplast_1.tif,/Users/jason/Desktop/OrganelleClassifyDataset/train/CellWall/2gill_007_Cell_Wall_3.tif,/Users/jason/Desktop/OrganelleClassifyDataset/test/Chloroplast/2.1_008_Chloroplast_1.tif,d4aa52e5abea06e8,96a0da379b4b81ec,20,False,4
Golgi,Chloroplast,Golgi/6W-10nm_GR-2--13000X--0016_Golgi_1.tif,Chloroplast/2.1_008_Chloroplast_1.tif,/Users/jason/Desktop/OrganelleClassifyDataset/train/Golgi/6W-10nm_GR-2--13000X--0016_Golgi_1.tif,/Users/jason/Desktop/OrganelleClassifyDataset/test/Chloroplast/2.1_008_Chloroplast_1.tif,d4a4763cab0bcd89,96a0da379b4b81ec,20,False,4
Mito,Chloroplast,Mito/169--68000X--0079_Mito_1.tif,Chloroplast/2.1_008_Chloroplast_1.tif,/Users/jason/Desktop/OrganelleClassifyDataset/train/Mito/169--68000X--0079_Mito_1.tif,/Users/jason/Desktop/OrganelleClassifyDataset/test/Chloroplast/2.1_008_Chloroplast_1.tif,e7a19877d8788dc0,96a0da379b4b81ec,20,False,4
Nucleus,Chloroplast,Nucleus/kw10-6--6800X--0036_Nucleus_1.tif,Chloroplast/2.1_008_Chloroplast_1.tif,/Users/jason/Desktop/OrganelleClassifyDataset/train/Nucleus/kw10-6--6800X--0036_Nucleus_1.tif,/Users/jason/Desktop/OrganelleClassifyDataset/test/Chloroplast/2.1_008_Chloroplast_1.tif,df98e8a68a0fa3c4,96a0da379b4b81ec,20,False,4
Autosome,Chloroplast,Autosome/PG1--98000X--0033_Autosome_1.tif,Chloroplast/309n_009_Chloroplast_5.tif,/Users/jason/Desktop/OrganelleClassifyDataset/train/Autosome/PG1--98000X--0033_Autosome_1.tif,/Users/jason/Desktop/OrganelleClassifyDataset/test/Chloroplast/309n_009_Chloroplast_5.tif,ba0fa4b0d75adb80,b85da7a294c9cae2,20,False,17
CellWall,Chloroplast,CellWall/mkb4_007_Cell_Wall_3.tif,Chloroplast/309n_009_Chloroplast_5.tif,/Users/jason/Desktop/OrganelleClassifyDataset/train/CellWall/mkb4_007_Cell_Wall_3.tif,/Users/jason/Desktop/OrganelleClassifyDataset/test/Chloroplast/309n_009_Chloroplast_5.tif,bd5e252794a452ae,b85da7a294c9cae2,20,False,17
Chloroplast,Chloroplast,Chloroplast/2gill_012_Chloroplast_9.tif,Chloroplast/309n_009_Chloroplast_5.tif,/Users/jason/Desktop/OrganelleClassifyDataset/train/Chloroplast/2gill_012_Chloroplast_9.tif,/Users/jason/Desktop/OrganelleClassifyDataset/test/Chloroplast/309n_009_Chloroplast_5.tif,fc65cb8a94190b6e,b85da7a294c9cae2,20,True,17
Chloroplast,Chloroplast,Chloroplast/379c_001_Chloroplast_8.tif,Chloroplast/309n_009_Chloroplast_5.tif,/Users/jason/Desktop/OrganelleClassifyDataset/train/Chloroplast/379c_001_Chloroplast_8.tif,/Users/jason/Desktop/OrganelleClassifyDataset/test/Chloroplast/309n_009_Chloroplast_5.tif,fb1d85709c5b8b48,b85da7a294c9cae2,20,True,17
Chloroplast,Chloroplast,Chloroplast/HNNA_001_Chloroplast_9.tif,Chloroplast/309n_009_Chloroplast_5.tif,/Users/jason/Desktop/OrganelleClassifyDataset/train/Chloroplast/HNNA_001_Chloroplast_9.tif,/Users/jason/Desktop/OrganelleClassifyDataset/test/Chloroplast/309n_009_Chloroplast_5.tif,abbcb4339159c8ca,b85da7a294c9cae2,20,True,17
Chloroplast,Chloroplast,Chloroplast/M8-1_003_Chloroplast_3.tif,Chloroplast/309n_009_Chloroplast_5.tif,/Users/jason/Desktop/OrganelleClassifyDataset/train/Chloroplast/M8-1_003_Chloroplast_3.tif,/Users/jason/Desktop/OrganelleClassifyDataset/test/Chloroplast/309n_009_Chloroplast_5.tif,fe1d94e892c1d8a5,b85da7a294c9cae2,20,True,17
Chloroplast,Chloroplast,Chloroplast/M8_014_Chloroplast_8.tif,Chloroplast/309n_009_Chloroplast_5.tif,/Users/jason/Desktop/OrganelleClassifyDataset/train/Chloroplast/M8_014_Chloroplast_8.tif,/Users/jason/Desktop/OrganelleClassifyDataset/test/Chloroplast/309n_009_Chloroplast_5.tif,fe3fa1c094cb914a,b85da7a294c9cae2,20,True,17
Chloroplast,Chloroplast,Chloroplast/m-2_005_Chloroplast_2.tif,Chloroplast/309n_009_Chloroplast_5.tif,/Users/jason/Desktop/OrganelleClassifyDataset/train/Chloroplast/m-2_005_Chloroplast_2.tif,/Users/jason/Desktop/OrganelleClassifyDataset/test/Chloroplast/309n_009_Chloroplast_5.tif,a9d9e6c4c48d9b32,b85da7a294c9cae2,20,True,17
Golgi,Chloroplast,Golgi/49--9300X--0005_Golgi_1.tif,Chloroplast/309n_009_Chloroplast_5.tif,/Users/jason/Desktop/OrganelleClassifyDataset/train/Golgi/49--9300X--0005_Golgi_1.tif,/Users/jason/Desktop/OrganelleClassifyDataset/test/Chloroplast/309n_009_Chloroplast_5.tif,e85d037d14ebe84a,b85da7a294c9cae2,20,False,17
Golgi,Chloroplast,Golgi/kw10-4--13000X--0111_Golgi_1.tif,Chloroplast/309n_009_Chloroplast_5.tif,/Users/jason/Desktop/OrganelleClassifyDataset/train/Golgi/kw10-4--13000X--0111_Golgi_1.tif,/Users/jason/Desktop/OrganelleClassifyDataset/test/Chloroplast/309n_009_Chloroplast_5.tif,809d77235c5d9a63,b85da7a294c9cae2,20,False,17
Mito,Chloroplast,Mito/43--30000X--0005_Mito_1.tif,Chloroplast/309n_009_Chloroplast_5.tif,/Users/jason/Desktop/OrganelleClassifyDataset/train/Mito/43--30000X--0005_Mito_1.tif,/Users/jason/Desktop/OrganelleClassifyDataset/test/Chloroplast/309n_009_Chloroplast_5.tif,f8fd8ba0d426c1e4,b85da7a294c9cae2,20,False,17
Mito,Chloroplast,Mito/ZONG_S1_5.27--23000X--0021_Mito_1.tif,Chloroplast/309n_009_Chloroplast_5.tif,/Users/jason/Desktop/OrganelleClassifyDataset/train/Mito/ZONG_S1_5.27--23000X--0021_Mito_1.tif,/Users/jason/Desktop/OrganelleClassifyDataset/test/Chloroplast/309n_009_Chloroplast_5.tif,fc5aa3eb8a8086ea,b85da7a294c9cae2,20,False,17
Nucleus,Chloroplast,Nucleus/KW10-3--4800X--0026_Nucleus_1.tif,Chloroplast/309n_009_Chloroplast_5.tif,/Users/jason/Desktop/OrganelleClassifyDataset/train/Nucleus/KW10-3--4800X--0026_Nucleus_1.tif,/Users/jason/Desktop/OrganelleClassifyDataset/test/Chloroplast/309n_009_Chloroplast_5.tif,bf4fb10492c49aea,b85da7a294c9cae2,20,False,17
Nucleus,Chloroplast,Nucleus/wt-8--6800X--0017_Nucleus_1.tif,Chloroplast/309n_009_Chloroplast_5.tif,/Users/jason/Desktop/OrganelleClassifyDataset/train/Nucleus/wt-8--6800X--0017_Nucleus_1.tif,/Users/jason/Desktop/OrganelleClassifyDataset/test/Chloroplast/309n_009_Chloroplast_5.tif,fa54e163d641d88e,b85da7a294c9cae2,20,False,17
Vesicles,Chloroplast,Vesicles/1-3-hkf--6800X--0001_Vesicles_2.tif,Chloroplast/309n_009_Chloroplast_5.tif,/Users/jason/Desktop/OrganelleClassifyDataset/train/Vesicles/1-3-hkf--6800X--0001_Vesicles_2.tif,/Users/jason/Desktop/OrganelleClassifyDataset/test/Chloroplast/309n_009_Chloroplast_5.tif,8ac725b2c2eacacb,b85da7a294c9cae2,20,False,17
Vesicles,Chloroplast,Vesicles/2+--6800X--0011_Vesicles_2.tif,Chloroplast/309n_009_Chloroplast_5.tif,/Users/jason/Desktop/OrganelleClassifyDataset/train/Vesicles/2+--6800X--0011_Vesicles_2.tif,/Users/jason/Desktop/OrganelleClassifyDataset/test/Chloroplast/309n_009_Chloroplast_5.tif,c827369ad0c9cf6a,b85da7a294c9cae2,20,False,17
Vesicles,Chloroplast,Vesicles/kw3-6--6800X--0043_Vesicles_2.tif,Chloroplast/309n_009_Chloroplast_5.tif,/Users/jason/Desktop/OrganelleClassifyDataset/train/Vesicles/kw3-6--6800X--0043_Vesicles_2.tif,/Users/jason/Desktop/OrganelleClassifyDataset/test/Chloroplast/309n_009_Chloroplast_5.tif,d95d66939d4c822e,b85da7a294c9cae2,20,False,17
Autosome,Chloroplast,Autosome/PG1--98000X--0015_Autosome_1.tif,Chloroplast/zb1_025_Chloroplast_3.tif,/Users/jason/Desktop/OrganelleClassifyDataset/train/Autosome/PG1--98000X--0015_Autosome_1.tif,/Users/jason/Desktop/OrganelleClassifyDataset/test/Chloroplast/zb1_025_Chloroplast_3.tif,ad828e8e1ef0c957,aeb59e0240f86977,20,False,6
Chloroplast,Chloroplast,Chloroplast/M8_014_Chloroplast_4.tif,Chloroplast/zb1_025_Chloroplast_3.tif,/Users/jason/Desktop/OrganelleClassifyDataset/train/Chloroplast/M8_014_Chloroplast_4.tif,/Users/jason/Desktop/OrganelleClassifyDataset/test/Chloroplast/zb1_025_Chloroplast_3.tif,ab95b45ad0c8c9cd,aeb59e0240f86977,20,True,6
Golgi,Chloroplast,Golgi/kw10-4--13000X--0105_Golgi_1.tif,Chloroplast/zb1_025_Chloroplast_3.tif,/Users/jason/Desktop/OrganelleClassifyDataset/train/Golgi/kw10-4--13000X--0105_Golgi_1.tif,/Users/jason/Desktop/OrganelleClassifyDataset/test/Chloroplast/zb1_025_Chloroplast_3.tif,aeb19bc0dce41327,aeb59e0240f86977,20,False,6
Mito,Chloroplast,Mito/44--23000X--0015_Mito_1.tif,Chloroplast/zb1_025_Chloroplast_3.tif,/Users/jason/Desktop/OrganelleClassifyDataset/train/Mito/44--23000X--0015_Mito_1.tif,/Users/jason/Desktop/OrganelleClassifyDataset/test/Chloroplast/zb1_025_Chloroplast_3.tif,a4ef853748b068f3,aeb59e0240f86977,20,False,6
Mito,Chloroplast,Mito/47--30000X--0017_Mito_2.tif,Chloroplast/zb1_025_Chloroplast_3.tif,/Users/jason/Desktop/OrganelleClassifyDataset/train/Mito/47--30000X--0017_Mito_2.tif,/Users/jason/Desktop/OrganelleClassifyDataset/test/Chloroplast/zb1_025_Chloroplast_3.tif,f8d58698d9702937,aeb59e0240f86977,20,False,6
Nucleus,Chloroplast,Nucleus/kw10-6--6800X--0030_Nucleus_1.tif,Chloroplast/zb1_025_Chloroplast_3.tif,/Users/jason/Desktop/OrganelleClassifyDataset/train/Nucleus/kw10-6--6800X--0030_Nucleus_1.tif,/Users/jason/Desktop/OrganelleClassifyDataset/test/Chloroplast/zb1_025_Chloroplast_3.tif,aa95fc5ec268ca45,aeb59e0240f86977,20,False,6
CellWall,ER,CellWall/mkb6_004_Cell_Wall_1.tif,ER/10-N--23000X--0017_ER_1.tif,/Users/jason/Desktop/OrganelleClassifyDataset/train/CellWall/mkb6_004_Cell_Wall_1.tif,/Users/jason/Desktop/OrganelleClassifyDataset/test/ER/10-N--23000X--0017_ER_1.tif,a6a6b69654545d2d,a7a6be3462d895b0,20,False,2
ER,ER,ER/2+--6800X--0010_ER_5.tif,ER/10-N--23000X--0017_ER_1.tif,/Users/jason/Desktop/OrganelleClassifyDataset/train/ER/2+--6800X--0010_ER_5.tif,/Users/jason/Desktop/OrganelleClassifyDataset/test/ER/10-N--23000X--0017_ER_1.tif,8705bffce8c015ca,a7a6be3462d895b0,20,True,2
Chloroplast,ER,Chloroplast/LNNA_006_Chloroplast_1.tif,ER/2+--30000X--0018_ER_1.tif,/Users/jason/Desktop/OrganelleClassifyDataset/train/Chloroplast/LNNA_006_Chloroplast_1.tif,/Users/jason/Desktop/OrganelleClassifyDataset/test/ER/2+--30000X--0018_ER_1.tif,bf7f80a48982bcc3,bde4092ce9a0eea3,20,False,2
ER,ER,ER/LA--6800X--0009_ER_2.tif,ER/2+--30000X--0018_ER_1.tif,/Users/jason/Desktop/OrganelleClassifyDataset/train/ER/LA--6800X--0009_ER_2.tif,/Users/jason/Desktop/OrganelleClassifyDataset/test/ER/2+--30000X--0018_ER_1.tif,bfd0011de38de447,bde4092ce9a0eea3,20,True,2
Autosome,ER,Autosome/l--49000X--0040_Autosome_1.tif,ER/2+--6800X--0002_ER_4.tif,/Users/jason/Desktop/OrganelleClassifyDataset/train/Autosome/l--49000X--0040_Autosome_1.tif,/Users/jason/Desktop/OrganelleClassifyDataset/test/ER/2+--6800X--0002_ER_4.tif,b80b303fad756664,891a113ab57ff0d4,20,False,7
CellWall,ER,CellWall/13-1_009_Cell_Wall_3.tif,ER/2+--6800X--0002_ER_4.tif,/Users/jason/Desktop/OrganelleClassifyDataset/train/CellWall/13-1_009_Cell_Wall_3.tif,/Users/jason/Desktop/OrganelleClassifyDataset/test/ER/2+--6800X--0002_ER_4.tif,c01bb3b3363a71b4,891a113ab57ff0d4,20,False,7
ER,ER,ER/2+--6800X--0006_ER_8.tif,ER/2+--6800X--0002_ER_4.tif,/Users/jason/Desktop/OrganelleClassifyDataset/train/ER/2+--6800X--0006_ER_8.tif,/Users/jason/Desktop/OrganelleClassifyDataset/test/ER/2+--6800X--0002_ER_4.tif,a3060d1bb1e7e1cd,891a113ab57ff0d4,20,True,7
ER,ER,ER/k+2--6800X--0001_ER_1.tif,ER/2+--6800X--0002_ER_4.tif,/Users/jason/Desktop/OrganelleClassifyDataset/train/ER/k+2--6800X--0001_ER_1.tif,/Users/jason/Desktop/OrganelleClassifyDataset/test/ER/2+--6800X--0002_ER_4.tif,a85ab97ab16a511b,891a113ab57ff0d4,20,True,7
Golgi,ER,Golgi/47--30000X--0030_Golgi_1.tif,ER/2+--6800X--0002_ER_4.tif,/Users/jason/Desktop/OrganelleClassifyDataset/train/Golgi/47--30000X--0030_Golgi_1.tif,/Users/jason/Desktop/OrganelleClassifyDataset/test/ER/2+--6800X--0002_ER_4.tif,a81a3d1e37176993,891a113ab57ff0d4,20,False,7
Mito,ER,Mito/WT2--23000X--0006_Mito_1.tif,ER/2+--6800X--0002_ER_4.tif,/Users/jason/Desktop/OrganelleClassifyDataset/train/Mito/WT2--23000X--0006_Mito_1.tif,/Users/jason/Desktop/OrganelleClassifyDataset/test/ER/2+--6800X--0002_ER_4.tif,a952c1dae4e6e0e6,891a113ab57ff0d4,20,False,7
Nucleus,ER,Nucleus/kw10-4--6800X--0032_Nucleus_1.tif,ER/2+--6800X--0002_ER_4.tif,/Users/jason/Desktop/OrganelleClassifyDataset/train/Nucleus/kw10-4--6800X--0032_Nucleus_1.tif,/Users/jason/Desktop/OrganelleClassifyDataset/test/ER/2+--6800X--0002_ER_4.tif,c902719fa54dd39a,891a113ab57ff0d4,20,False,7
Autosome,ER,Autosome/PG1--68000X--0003_Autosome_1.tif,ER/2+--6800X--0010_ER_6.tif,/Users/jason/Desktop/OrganelleClassifyDataset/train/Autosome/PG1--68000X--0003_Autosome_1.tif,/Users/jason/Desktop/OrganelleClassifyDataset/test/ER/2+--6800X--0010_ER_6.tif,ba288a9be2c48ff8,aaa852ab6ce47f50,20,False,5
Autosome,ER,Autosome/RKO-SEP-0--30000X--0013_Autosome_1.tif,ER/2+--6800X--0010_ER_6.tif,/Users/jason/Desktop/OrganelleClassifyDataset/train/Autosome/RKO-SEP-0--30000X--0013_Autosome_1.tif,/Users/jason/Desktop/OrganelleClassifyDataset/test/ER/2+--6800X--0010_ER_6.tif,a9a8d73d08ad6956,aaa852ab6ce47f50,20,False,5
CellWall,ER,CellWall/19-1-1_003_Cell_Wall_1.tif,ER/2+--6800X--0010_ER_6.tif,/Users/jason/Desktop/OrganelleClassifyDataset/train/CellWall/19-1-1_003_Cell_Wall_1.tif,/Users/jason/Desktop/OrganelleClassifyDataset/test/ER/2+--6800X--0010_ER_6.tif,8bf8750bd4e02f94,aaa852ab6ce47f50,20,False,5
Chloroplast,ER,Chloroplast/HNNA_001_Chloroplast_12.tif,ER/2+--6800X--0010_ER_6.tif,/Users/jason/Desktop/OrganelleClassifyDataset/train/Chloroplast/HNNA_001_Chloroplast_12.tif,/Users/jason/Desktop/OrganelleClassifyDataset/test/ER/2+--6800X--0010_ER_6.tif,eaf8732e8c296dc0,aaa852ab6ce47f50,20,False,5
Golgi,ER,Golgi/wt--30000X--0017_Golgi_1.tif,ER/2+--6800X--0010_ER_6.tif,/Users/jason/Desktop/OrganelleClassifyDataset/train/Golgi/wt--30000X--0017_Golgi_1.tif,/Users/jason/Desktop/OrganelleClassifyDataset/test/ER/2+--6800X--0010_ER_6.tif,aab452a3cd4eb8b1,aaa852ab6ce47f50,20,False,5
Chloroplast,ER,Chloroplast/qm-2_024_Chloroplast_1.tif,ER/2--30000X--0016_ER_1.tif,/Users/jason/Desktop/OrganelleClassifyDataset/train/Chloroplast/qm-2_024_Chloroplast_1.tif,/Users/jason/Desktop/OrganelleClassifyDataset/test/ER/2--30000X--0016_ER_1.tif,ff1d8a61b05a31d8,f5599623285f15b4,20,False,4
ER,ER,ER/2+--6800X--0010_ER_1.tif,ER/2--30000X--0016_ER_1.tif,/Users/jason/Desktop/OrganelleClassifyDataset/train/ER/2+--6800X--0010_ER_1.tif,/Users/jason/Desktop/OrganelleClassifyDataset/test/ER/2--30000X--0016_ER_1.tif,803cfe273e5e0596,f5599623285f15b4,20,True,4
Golgi,ER,Golgi/45--23000X--0014_Golgi_3.tif,ER/2--30000X--0016_ER_1.tif,/Users/jason/Desktop/OrganelleClassifyDataset/train/Golgi/45--23000X--0014_Golgi_3.tif,/Users/jason/Desktop/OrganelleClassifyDataset/test/ER/2--30000X--0016_ER_1.tif,f7719b1ba8c0c534,f5599623285f15b4,20,False,4
Mito,ER,Mito/43--23000X--0009_Mito_1.tif,ER/2--30000X--0016_ER_1.tif,/Users/jason/Desktop/OrganelleClassifyDataset/train/Mito/43--23000X--0009_Mito_1.tif,/Users/jason/Desktop/OrganelleClassifyDataset/test/ER/2--30000X--0016_ER_1.tif,f11c9e019e2d13fc,f5599623285f15b4,20,False,4
CellWall,ER,CellWall/19-1_001_Cell_Wall_1.tif,ER/3--6800X--0006_ER_3.tif,/Users/jason/Desktop/OrganelleClassifyDataset/train/CellWall/19-1_001_Cell_Wall_1.tif,/Users/jason/Desktop/OrganelleClassifyDataset/test/ER/3--6800X--0006_ER_3.tif,905f013d5f4de4a6,b6de21b1491ce6c3,20,False,8
CellWall,ER,CellWall/essam21_005_Cell_Wall_2.tif,ER/3--6800X--0006_ER_3.tif,/Users/jason/Desktop/OrganelleClassifyDataset/train/CellWall/essam21_005_Cell_Wall_2.tif,/Users/jason/Desktop/OrganelleClassifyDataset/test/ER/3--6800X--0006_ER_3.tif,86b341b1789de41f,b6de21b1491ce6c3,20,False,8
CellWall,ER,CellWall/mkb6_008_Cell_Wall_1.tif,ER/3--6800X--0006_ER_3.tif,/Users/jason/Desktop/OrganelleClassifyDataset/train/CellWall/mkb6_008_Cell_Wall_1.tif,/Users/jason/Desktop/OrganelleClassifyDataset/test/ER/3--6800X--0006_ER_3.tif,b4c86717791ce827,b6de21b1491ce6c3,20,False,8
Chloroplast,ER,Chloroplast/379c_001_Chloroplast_9.tif,ER/3--6800X--0006_ER_3.tif,/Users/jason/Desktop/OrganelleClassifyDataset/train/Chloroplast/379c_001_Chloroplast_9.tif,/Users/jason/Desktop/OrganelleClassifyDataset/test/ER/3--6800X--0006_ER_3.tif,ae9c7133cc8eca92,b6de21b1491ce6c3,20,False,8
ER,ER,ER/2+--6800X--0003_ER_6.tif,ER/3--6800X--0006_ER_3.tif,/Users/jason/Desktop/OrganelleClassifyDataset/train/ER/2+--6800X--0003_ER_6.tif,/Users/jason/Desktop/OrganelleClassifyDataset/test/ER/3--6800X--0006_ER_3.tif,b51f27bb007cea50,b6de21b1491ce6c3,20,True,8
ER,ER,ER/LA--6800X--0009_ER_2.tif,ER/3--6800X--0006_ER_3.tif,/Users/jason/Desktop/OrganelleClassifyDataset/train/ER/LA--6800X--0009_ER_2.tif,/Users/jason/Desktop/OrganelleClassifyDataset/test/ER/3--6800X--0006_ER_3.tif,bfd0011de38de447,b6de21b1491ce6c3,20,True,8
Golgi,ER,Golgi/47--30000X--0031_Golgi_2.tif,ER/3--6800X--0006_ER_3.tif,/Users/jason/Desktop/OrganelleClassifyDataset/train/Golgi/47--30000X--0031_Golgi_2.tif,/Users/jason/Desktop/OrganelleClassifyDataset/test/ER/3--6800X--0006_ER_3.tif,f6f4848359886797,b6de21b1491ce6c3,20,False,8
Golgi,ER,Golgi/kw10-7--6800X--0041_Golgi_2.tif,ER/3--6800X--0006_ER_3.tif,/Users/jason/Desktop/OrganelleClassifyDataset/train/Golgi/kw10-7--6800X--0041_Golgi_2.tif,/Users/jason/Desktop/OrganelleClassifyDataset/test/ER/3--6800X--0006_ER_3.tif,b45e59f0611a7b8a,b6de21b1491ce6c3,20,False,8
CellWall,ER,CellWall/mkb6_004_Cell_Wall_1.tif,ER/3W-CD4-Ctrl2--30000X--0109_ER_1.tif,/Users/jason/Desktop/OrganelleClassifyDataset/train/CellWall/mkb6_004_Cell_Wall_1.tif,/Users/jason/Desktop/OrganelleClassifyDataset/test/ER/3W-CD4-Ctrl2--30000X--0109_ER_1.tif,a6a6b69654545d2d,daadb8425656750d,20,False,1
Autosome,ER,Autosome/1-3-hkf--23000X--0018_Autosome_2.tif,ER/3W-CD4-Ctrl3--30000X--0033_ER_2.tif,/Users/jason/Desktop/OrganelleClassifyDataset/train/Autosome/1-3-hkf--23000X--0018_Autosome_2.tif,/Users/jason/Desktop/OrganelleClassifyDataset/test/ER/3W-CD4-Ctrl3--30000X--0033_ER_2.tif,bfddd6c0c2d2c809,a35d19e6c852cb69,20,False,12
Autosome,ER,Autosome/ls--49000X--0037_Autosome_1.tif,ER/3W-CD4-Ctrl3--30000X--0033_ER_2.tif,/Users/jason/Desktop/OrganelleClassifyDataset/train/Autosome/ls--49000X--0037_Autosome_1.tif,/Users/jason/Desktop/OrganelleClassifyDataset/test/ER/3W-CD4-Ctrl3--30000X--0033_ER_2.tif,8d4e39f4ca7e1129,a35d19e6c852cb69,20,False,12
CellWall,ER,CellWall/lyn14_013_Cell_Wall_1.tif,ER/3W-CD4-Ctrl3--30000X--0033_ER_2.tif,/Users/jason/Desktop/OrganelleClassifyDataset/train/CellWall/lyn14_013_Cell_Wall_1.tif,/Users/jason/Desktop/OrganelleClassifyDataset/test/ER/3W-CD4-Ctrl3--30000X--0033_ER_2.tif,bbc83dd4c0fac1c1,a35d19e6c852cb69,20,False,12
Chloroplast,ER,Chloroplast/379c_001_Chloroplast_8.tif,ER/3W-CD4-Ctrl3--30000X--0033_ER_2.tif,/Users/jason/Desktop/OrganelleClassifyDataset/train/Chloroplast/379c_001_Chloroplast_8.tif,/Users/jason/Desktop/OrganelleClassifyDataset/test/ER/3W-CD4-Ctrl3--30000X--0033_ER_2.tif,fb1d85709c5b8b48,a35d19e6c852cb69,20,False,12
Chloroplast,ER,Chloroplast/qm1_015_Chloroplast_2.tif,ER/3W-CD4-Ctrl3--30000X--0033_ER_2.tif,/Users/jason/Desktop/OrganelleClassifyDataset/train/Chloroplast/qm1_015_Chloroplast_2.tif,/Users/jason/Desktop/OrganelleClassifyDataset/test/ER/3W-CD4-Ctrl3--30000X--0033_ER_2.tif,832590daedd2b969,a35d19e6c852cb69,20,False,12
ER,ER,ER/2+--6800X--0002_ER_5.tif,ER/3W-CD4-Ctrl3--30000X--0033_ER_2.tif,/Users/jason/Desktop/OrganelleClassifyDataset/train/ER/2+--6800X--0002_ER_5.tif,/Users/jason/Desktop/OrganelleClassifyDataset/test/ER/3W-CD4-Ctrl3--30000X--0033_ER_2.tif,d5152ae6c1515b3d,a35d19e6c852cb69,20,True,12
ER,ER,ER/3W-CD4-10nm_GR-1--30000X--0016_ER_1.tif,ER/3W-CD4-Ctrl3--30000X--0033_ER_2.tif,/Users/jason/Desktop/OrganelleClassifyDataset/train/ER/3W-CD4-10nm_GR-1--30000X--0016_ER_1.tif,/Users/jason/Desktop/OrganelleClassifyDataset/test/ER/3W-CD4-Ctrl3--30000X--0033_ER_2.tif,b34e994f4879d14c,a35d19e6c852cb69,20,True,12
Golgi,ER,Golgi/39--9300X--0003_Golgi_1.tif,ER/3W-CD4-Ctrl3--30000X--0033_ER_2.tif,/Users/jason/Desktop/OrganelleClassifyDataset/train/Golgi/39--9300X--0003_Golgi_1.tif,/Users/jason/Desktop/OrganelleClassifyDataset/test/ER/3W-CD4-Ctrl3--30000X--0033_ER_2.tif,ad4d3d769152e852,a35d19e6c852cb69,20,False,12
Golgi,ER,Golgi/5.7W+1--6800X--0006_Golgi_1.tif,ER/3W-CD4-Ctrl3--30000X--0033_ER_2.tif,/Users/jason/Desktop/OrganelleClassifyDataset/train/Golgi/5.7W+1--6800X--0006_Golgi_1.tif,/Users/jason/Desktop/OrganelleClassifyDataset/test/ER/3W-CD4-Ctrl3--30000X--0033_ER_2.tif,a9575576aa4449ab,a35d19e6c852cb69,20,False,12
Mito,ER,Mito/WT2--23000X--0004_Mito_1.tif,ER/3W-CD4-Ctrl3--30000X--0033_ER_2.tif,/Users/jason/Desktop/OrganelleClassifyDataset/train/Mito/WT2--23000X--0004_Mito_1.tif,/Users/jason/Desktop/OrganelleClassifyDataset/test/ER/3W-CD4-Ctrl3--30000X--0033_ER_2.tif,be4c901fc813d769,a35d19e6c852cb69,20,False,12
Nucleus,ER,Nucleus/KW10-3--4800X--0028_Nucleus_1.tif,ER/3W-CD4-Ctrl3--30000X--0033_ER_2.tif,/Users/jason/Desktop/OrganelleClassifyDataset/train/Nucleus/KW10-3--4800X--0028_Nucleus_1.tif,/Users/jason/Desktop/OrganelleClassifyDataset/test/ER/3W-CD4-Ctrl3--30000X--0033_ER_2.tif,fbf9819e805a8879,a35d19e6c852cb69,20,False,12
Vesicles,ER,Vesicles/LA+1170--6800X--0007_Vesicles_6.tif,ER/3W-CD4-Ctrl3--30000X--0033_ER_2.tif,/Users/jason/Desktop/OrganelleClassifyDataset/train/Vesicles/LA+1170--6800X--0007_Vesicles_6.tif,/Users/jason/Desktop/OrganelleClassifyDataset/test/ER/3W-CD4-Ctrl3--30000X--0033_ER_2.tif,934f3d34b0688f69,a35d19e6c852cb69,20,False,12
CellWall,ER,CellWall/1gill_002_Cell_Wall_1.tif,ER/3W-CD4-Ctrl3--30000X--0090_ER_2.tif,/Users/jason/Desktop/OrganelleClassifyDataset/train/CellWall/1gill_002_Cell_Wall_1.tif,/Users/jason/Desktop/OrganelleClassifyDataset/test/ER/3W-CD4-Ctrl3--30000X--0090_ER_2.tif,d5d1b0803f6bca17,d5537584a54a6aae,20,False,5
ER,ER,ER/3W-CD4-10nm_GR-1--13000X--0007_ER_1.tif,ER/3W-CD4-Ctrl3--30000X--0090_ER_2.tif,/Users/jason/Desktop/OrganelleClassifyDataset/train/ER/3W-CD4-10nm_GR-1--13000X--0007_ER_1.tif,/Users/jason/Desktop/OrganelleClassifyDataset/test/ER/3W-CD4-Ctrl3--30000X--0090_ER_2.tif,d21134a6ad2363fb,d5537584a54a6aae,20,True,5
ER,ER,ER/3W-CD4-10nm_GR-1--30000X--0051_ER_1.tif,ER/3W-CD4-Ctrl3--30000X--0090_ER_2.tif,/Users/jason/Desktop/OrganelleClassifyDataset/train/ER/3W-CD4-10nm_GR-1--30000X--0051_ER_1.tif,/Users/jason/Desktop/OrganelleClassifyDataset/test/ER/3W-CD4-Ctrl3--30000X--0090_ER_2.tif,c20725a6ad6a72db,d5537584a54a6aae,20,True,5
Mito,ER,Mito/M_J81--11000X--0015_Mito_2.tif,ER/3W-CD4-Ctrl3--30000X--0090_ER_2.tif,/Users/jason/Desktop/OrganelleClassifyDataset/train/Mito/M_J81--11000X--0015_Mito_2.tif,/Users/jason/Desktop/OrganelleClassifyDataset/test/ER/3W-CD4-Ctrl3--30000X--0090_ER_2.tif,f57fc311834c4a2e,d5537584a54a6aae,20,False,5
Nucleus,ER,Nucleus/RKO-WT-3--6800X--0003_Nucleus_1.tif,ER/3W-CD4-Ctrl3--30000X--0090_ER_2.tif,/Users/jason/Desktop/OrganelleClassifyDataset/train/Nucleus/RKO-WT-3--6800X--0003_Nucleus_1.tif,/Users/jason/Desktop/OrganelleClassifyDataset/test/ER/3W-CD4-Ctrl3--30000X--0090_ER_2.tif,ff017f04ec0cfa88,d5537584a54a6aae,20,False,5
CellWall,ER,CellWall/17-1_004_Cell_Wall_3.tif,ER/3W-CD4-Ctrl3--30000X--0090_ER_4.tif,/Users/jason/Desktop/OrganelleClassifyDataset/train/CellWall/17-1_004_Cell_Wall_3.tif,/Users/jason/Desktop/OrganelleClassifyDataset/test/ER/3W-CD4-Ctrl3--30000X--0090_ER_4.tif,c9492b95d63aa1a7,99c30b0d563915fb,20,False,5
ER,ER,ER/PS-N--23000X--0036_ER_1.tif,ER/3W-CD4-Ctrl3--30000X--0090_ER_4.tif,/Users/jason/Desktop/OrganelleClassifyDataset/train/ER/PS-N--23000X--0036_ER_1.tif,/Users/jason/Desktop/OrganelleClassifyDataset/test/ER/3W-CD4-Ctrl3--30000X--0090_ER_4.tif,e987390a14251f7f,99c30b0d563915fb,20,True,5
Golgi,ER,Golgi/#56--23000X--0089_Golgi_1.tif,ER/3W-CD4-Ctrl3--30000X--0090_ER_4.tif,/Users/jason/Desktop/OrganelleClassifyDataset/train/Golgi/#56--23000X--0089_Golgi_1.tif,/Users/jason/Desktop/OrganelleClassifyDataset/test/ER/3W-CD4-Ctrl3--30000X--0090_ER_4.tif,a9d51a1d1d3a75c1,99c30b0d563915fb,20,False,5
Mito,ER,Mito/44--23000X--0017_Mito_1.tif,ER/3W-CD4-Ctrl3--30000X--0090_ER_4.tif,/Users/jason/Desktop/OrganelleClassifyDataset/train/Mito/44--23000X--0017_Mito_1.tif,/Users/jason/Desktop/OrganelleClassifyDataset/test/ER/3W-CD4-Ctrl3--30000X--0090_ER_4.tif,db81d209917b51eb,99c30b0d563915fb,20,False,5
Vesicles,ER,Vesicles/1170--30000X--0023_Vesicles_2.tif,ER/3W-CD4-Ctrl3--30000X--0090_ER_4.tif,/Users/jason/Desktop/OrganelleClassifyDataset/train/Vesicles/1170--30000X--0023_Vesicles_2.tif,/Users/jason/Desktop/OrganelleClassifyDataset/test/ER/3W-CD4-Ctrl3--30000X--0090_ER_4.tif,c94fa36cde11314b,99c30b0d563915fb,20,False,5
Autosome,ER,Autosome/1-2-hsfnc_lJ--6800X--0004_Autosome_1.tif,ER/4MM--30000X--0037_ER_1.tif,/Users/jason/Desktop/OrganelleClassifyDataset/train/Autosome/1-2-hsfnc_lJ--6800X--0004_Autosome_1.tif,/Users/jason/Desktop/OrganelleClassifyDataset/test/ER/4MM--30000X--0037_ER_1.tif,fd9807c3988e7436,e8926de190dbd435,20,False,3
CellWall,ER,CellWall/lyn10_008_Cell_Wall_1.tif,ER/4MM--30000X--0037_ER_1.tif,/Users/jason/Desktop/OrganelleClassifyDataset/train/CellWall/lyn10_008_Cell_Wall_1.tif,/Users/jason/Desktop/OrganelleClassifyDataset/test/ER/4MM--30000X--0037_ER_1.tif,e69946c1d0d8fc1b,e8926de190dbd435,20,False,3
Chloroplast,ER,Chloroplast/LNNA_004_Chloroplast_11.tif,ER/4MM--30000X--0037_ER_1.tif,/Users/jason/Desktop/OrganelleClassifyDataset/train/Chloroplast/LNNA_004_Chloroplast_11.tif,/Users/jason/Desktop/OrganelleClassifyDataset/test/ER/4MM--30000X--0037_ER_1.tif,fdcac4a593939c24,e8926de190dbd435,20,False,3
Autosome,ER,Autosome/PS-SI--23000X--0026_Autosome_1.tif,ER/52-WT--18500X--0078_ER_1.tif,/Users/jason/Desktop/OrganelleClassifyDataset/train/Autosome/PS-SI--23000X--0026_Autosome_1.tif,/Users/jason/Desktop/OrganelleClassifyDataset/test/ER/52-WT--18500X--0078_ER_1.tif,b5031a6eb73db02a,b6e1582eb336949c,20,False,9
CellWall,ER,CellWall/1gill_002_Cell_Wall_2.tif,ER/52-WT--18500X--0078_ER_1.tif,/Users/jason/Desktop/OrganelleClassifyDataset/train/CellWall/1gill_002_Cell_Wall_2.tif,/Users/jason/Desktop/OrganelleClassifyDataset/test/ER/52-WT--18500X--0078_ER_1.tif,ece34859339286fc,b6e1582eb336949c,20,False,9
Chloroplast,ER,Chloroplast/2.1_014_Chloroplast_1.tif,ER/52-WT--18500X--0078_ER_1.tif,/Users/jason/Desktop/OrganelleClassifyDataset/train/Chloroplast/2.1_014_Chloroplast_1.tif,/Users/jason/Desktop/OrganelleClassifyDataset/test/ER/52-WT--18500X--0078_ER_1.tif,eaeb263c9336648c,b6e1582eb336949c,20,False,9
Chloroplast,ER,Chloroplast/309n_007_Chloroplast_1.tif,ER/52-WT--18500X--0078_ER_1.tif,/Users/jason/Desktop/OrganelleClassifyDataset/train/Chloroplast/309n_007_Chloroplast_1.tif,/Users/jason/Desktop/OrganelleClassifyDataset/test/ER/52-WT--18500X--0078_ER_1.tif,bbe0842bdb36c41b,b6e1582eb336949c,20,False,9
ER,ER,ER/2--30000X--0021_ER_2.tif,ER/52-WT--18500X--0078_ER_1.tif,/Users/jason/Desktop/OrganelleClassifyDataset/train/ER/2--30000X--0021_ER_2.tif,/Users/jason/Desktop/OrganelleClassifyDataset/test/ER/52-WT--18500X--0078_ER_1.tif,98c12c0efb365b99,b6e1582eb336949c,20,True,9
ER,ER,ER/k+1--30000X--0019_ER_1.tif,ER/52-WT--18500X--0078_ER_1.tif,/Users/jason/Desktop/OrganelleClassifyDataset/train/ER/k+1--30000X--0019_ER_1.tif,/Users/jason/Desktop/OrganelleClassifyDataset/test/ER/52-WT--18500X--0078_ER_1.tif,d4d31ce73334d00f,b6e1582eb336949c,20,True,9
Golgi,ER,Golgi/43--6800X--0009_Golgi_1.tif,ER/52-WT--18500X--0078_ER_1.tif,/Users/jason/Desktop/OrganelleClassifyDataset/train/Golgi/43--6800X--0009_Golgi_1.tif,/Users/jason/Desktop/OrganelleClassifyDataset/test/ER/52-WT--18500X--0078_ER_1.tif,8ee9da0f452794c6,b6e1582eb336949c,20,False,9
Nucleus,ER,Nucleus/KW10-3--4800X--0034_Nucleus_1.tif,ER/52-WT--18500X--0078_ER_1.tif,/Users/jason/Desktop/OrganelleClassifyDataset/train/Nucleus/KW10-3--4800X--0034_Nucleus_1.tif,/Users/jason/Desktop/OrganelleClassifyDataset/test/ER/52-WT--18500X--0078_ER_1.tif,f61358de21629dd8,b6e1582eb336949c,20,False,9
Vesicles,ER,Vesicles/1-3-hkf--6800X--0006_Vesicles_1.tif,ER/52-WT--18500X--0078_ER_1.tif,/Users/jason/Desktop/OrganelleClassifyDataset/train/Vesicles/1-3-hkf--6800X--0006_Vesicles_1.tif,/Users/jason/Desktop/OrganelleClassifyDataset/test/ER/52-WT--18500X--0078_ER_1.tif,d62178a4b3cb8e99,b6e1582eb336949c,20,False,9
Autosome,ER,Autosome/PW10--30000X--0042_Autosome_1.tif,ER/LA--30000X--0014_ER_1.tif,/Users/jason/Desktop/OrganelleClassifyDataset/train/Autosome/PW10--30000X--0042_Autosome_1.tif,/Users/jason/Desktop/OrganelleClassifyDataset/test/ER/LA--30000X--0014_ER_1.tif,ec8ab06d8ff818b1,c85a36c50fe559b4,20,False,5
CellWall,ER,CellWall/11-1-1_009_Cell_Wall_1.tif,ER/LA--30000X--0014_ER_1.tif,/Users/jason/Desktop/OrganelleClassifyDataset/train/CellWall/11-1-1_009_Cell_Wall_1.tif,/Users/jason/Desktop/OrganelleClassifyDataset/test/ER/LA--30000X--0014_ER_1.tif,8c0412cf6d67d9f2,c85a36c50fe559b4,20,False,5
CellWall,ER,CellWall/13-1_009_Cell_Wall_1.tif,ER/LA--30000X--0014_ER_1.tif,/Users/jason/Desktop/OrganelleClassifyDataset/train/CellWall/13-1_009_Cell_Wall_1.tif,/Users/jason/Desktop/OrganelleClassifyDataset/test/ER/LA--30000X--0014_ER_1.tif,c8fe7e9d8f434060,c85a36c50fe559b4,20,False,5
ER,ER,ER/l--9300X--0015_ER_1.tif,ER/LA--30000X--0014_ER_1.tif,/Users/jason/Desktop/OrganelleClassifyDataset/train/ER/l--9300X--0015_ER_1.tif,/Users/jason/Desktop/OrganelleClassifyDataset/test/ER/LA--30000X--0014_ER_1.tif,e11c768704efde84,c85a36c50fe559b4,20,True,5
Nucleus,ER,Nucleus/kw10-3--6800X--0006_Nucleus_1.tif,ER/LA--30000X--0014_ER_1.tif,/Users/jason/Desktop/OrganelleClassifyDataset/train/Nucleus/kw10-3--6800X--0006_Nucleus_1.tif,/Users/jason/Desktop/OrganelleClassifyDataset/test/ER/LA--30000X--0014_ER_1.tif,c01a3c6047bcfd3e,c85a36c50fe559b4,20,False,5
CellWall,ER,CellWall/lyn8_004_Cell_Wall_2.tif,ER/PS-50SI--23000X--0034_ER_1.tif,/Users/jason/Desktop/OrganelleClassifyDataset/train/CellWall/lyn8_004_Cell_Wall_2.tif,/Users/jason/Desktop/OrganelleClassifyDataset/test/ER/PS-50SI--23000X--0034_ER_1.tif,a0fb3300fd840dfe,a37f33284bec0d25,20,False,2
ER,ER,ER/52-WT--18500X--0090_ER_2.tif,ER/PS-50SI--23000X--0034_ER_1.tif,/Users/jason/Desktop/OrganelleClassifyDataset/train/ER/52-WT--18500X--0090_ER_2.tif,/Users/jason/Desktop/OrganelleClassifyDataset/test/ER/PS-50SI--23000X--0034_ER_1.tif,971f1b2b2ae06c2b,a37f33284bec0d25,20,True,2
Autosome,ER,Autosome/ls--49000X--0047_Autosome_1.tif,ER/PS-N--23000X--0034_ER_1.tif,/Users/jason/Desktop/OrganelleClassifyDataset/train/Autosome/ls--49000X--0047_Autosome_1.tif,/Users/jason/Desktop/OrganelleClassifyDataset/test/ER/PS-N--23000X--0034_ER_1.tif,84891a3265df3d6d,e2c89a32647c7a8f,20,False,3
Chloroplast,ER,Chloroplast/m-2_004_Chloroplast_9.tif,ER/PS-N--23000X--0034_ER_1.tif,/Users/jason/Desktop/OrganelleClassifyDataset/train/Chloroplast/m-2_004_Chloroplast_9.tif,/Users/jason/Desktop/OrganelleClassifyDataset/test/ER/PS-N--23000X--0034_ER_1.tif,be489133e69cdc8c,e2c89a32647c7a8f,20,False,3
ER,ER,ER/3W-CD4-Ctrl3--30000X--0064_ER_1.tif,ER/PS-N--23000X--0034_ER_1.tif,/Users/jason/Desktop/OrganelleClassifyDataset/train/ER/3W-CD4-Ctrl3--30000X--0064_ER_1.tif,/Users/jason/Desktop/OrganelleClassifyDataset/test/ER/PS-N--23000X--0034_ER_1.tif,e0ca9817d36c6d93,e2c89a32647c7a8f,20,True,3
Autosome,ER,Autosome/LA+1170--30000X--0013_Autosome_2.tif,ER/k+1--30000X--0022_ER_1.tif,/Users/jason/Desktop/OrganelleClassifyDataset/train/Autosome/LA+1170--30000X--0013_Autosome_2.tif,/Users/jason/Desktop/OrganelleClassifyDataset/test/ER/k+1--30000X--0022_ER_1.tif,fb0a93b356a90a69,aa6f1b2a55998b61,20,False,8
Chloroplast,ER,Chloroplast/2gill_012_Chloroplast_9.tif,ER/k+1--30000X--0022_ER_1.tif,/Users/jason/Desktop/OrganelleClassifyDataset/train/Chloroplast/2gill_012_Chloroplast_9.tif,/Users/jason/Desktop/OrganelleClassifyDataset/test/ER/k+1--30000X--0022_ER_1.tif,fc65cb8a94190b6e,aa6f1b2a55998b61,20,False,8
Chloroplast,ER,Chloroplast/swccshort day_006_Chloroplast_3.tif,ER/k+1--30000X--0022_ER_1.tif,/Users/jason/Desktop/OrganelleClassifyDataset/train/Chloroplast/swccshort day_006_Chloroplast_3.tif,/Users/jason/Desktop/OrganelleClassifyDataset/test/ER/k+1--30000X--0022_ER_1.tif,aa45b838dccec761,aa6f1b2a55998b61,20,False,8
Chloroplast,ER,Chloroplast/zb2_006_Chloroplast_2.tif,ER/k+1--30000X--0022_ER_1.tif,/Users/jason/Desktop/OrganelleClassifyDataset/train/Chloroplast/zb2_006_Chloroplast_2.tif,/Users/jason/Desktop/OrganelleClassifyDataset/test/ER/k+1--30000X--0022_ER_1.tif,aab5d58ad29b8949,aa6f1b2a55998b61,20,False,8
ER,ER,ER/2--30000X--0021_ER_1.tif,ER/k+1--30000X--0022_ER_1.tif,/Users/jason/Desktop/OrganelleClassifyDataset/train/ER/2--30000X--0021_ER_1.tif,/Users/jason/Desktop/OrganelleClassifyDataset/test/ER/k+1--30000X--0022_ER_1.tif,ea4c720cf69a0b79,aa6f1b2a55998b61,20,True,8
Golgi,ER,Golgi/D3--23000X--0016_Golgi_2.tif,ER/k+1--30000X--0022_ER_1.tif,/Users/jason/Desktop/OrganelleClassifyDataset/train/Golgi/D3--23000X--0016_Golgi_2.tif,/Users/jason/Desktop/OrganelleClassifyDataset/test/ER/k+1--30000X--0022_ER_1.tif,a26ddb670f932944,aa6f1b2a55998b61,20,False,8
Mito,ER,Mito/wt-7--13000X--0139_Mito_1.tif,ER/k+1--30000X--0022_ER_1.tif,/Users/jason/Desktop/OrganelleClassifyDataset/train/Mito/wt-7--13000X--0139_Mito_1.tif,/Users/jason/Desktop/OrganelleClassifyDataset/test/ER/k+1--30000X--0022_ER_1.tif,b22b9956d13c8a73,aa6f1b2a55998b61,20,False,8
Vesicles,ER,Vesicles/1-2-hsfnc_lJ--23000X--0026_Vesicles_1.tif,ER/k+1--30000X--0022_ER_1.tif,/Users/jason/Desktop/OrganelleClassifyDataset/train/Vesicles/1-2-hsfnc_lJ--23000X--0026_Vesicles_1.tif,/Users/jason/Desktop/OrganelleClassifyDataset/test/ER/k+1--30000X--0022_ER_1.tif,8b27692095d1cbcf,aa6f1b2a55998b61,20,False,8
CellWall,ER,CellWall/11-1-1_010_Cell_Wall_1.tif,ER/kw10-1--13000X--0084_ER_3.tif,/Users/jason/Desktop/OrganelleClassifyDataset/train/CellWall/11-1-1_010_Cell_Wall_1.tif,/Users/jason/Desktop/OrganelleClassifyDataset/test/ER/kw10-1--13000X--0084_ER_3.tif,921979235f185be3,98834a777a185e67,20,False,4
CellWall,ER,CellWall/HST-TREAT_015_Cell_Wall_2.tif,ER/kw10-1--13000X--0084_ER_3.tif,/Users/jason/Desktop/OrganelleClassifyDataset/train/CellWall/HST-TREAT_015_Cell_Wall_2.tif,/Users/jason/Desktop/OrganelleClassifyDataset/test/ER/kw10-1--13000X--0084_ER_3.tif,9c895a17f851bdc2,98834a777a185e67,20,False,4
CellWall,ER,CellWall/mkb7_014_Cell_Wall_1.tif,ER/kw10-1--13000X--0084_ER_3.tif,/Users/jason/Desktop/OrganelleClassifyDataset/train/CellWall/mkb7_014_Cell_Wall_1.tif,/Users/jason/Desktop/OrganelleClassifyDataset/test/ER/kw10-1--13000X--0084_ER_3.tif,be0061cf9a19de66,98834a777a185e67,20,False,4
Golgi,ER,Golgi/6W-CD4-Ctrl2--30000X--0238_Golgi_2.tif,ER/kw10-1--13000X--0084_ER_3.tif,/Users/jason/Desktop/OrganelleClassifyDataset/train/Golgi/6W-CD4-Ctrl2--30000X--0238_Golgi_2.tif,/Users/jason/Desktop/OrganelleClassifyDataset/test/ER/kw10-1--13000X--0084_ER_3.tif,c083ceb775495ab2,98834a777a185e67,20,False,4
Autosome,Golgi,Autosome/10-N--23000X--0051_Autosome_1.tif,Golgi/#3--6800X--0009_Golgi_1.tif,/Users/jason/Desktop/OrganelleClassifyDataset/train/Autosome/10-N--23000X--0051_Autosome_1.tif,/Users/jason/Desktop/OrganelleClassifyDataset/test/Golgi/#3--6800X--0009_Golgi_1.tif,e34bc46b4f745298,ea698dd64b64d251,20,False,9
CellWall,Golgi,CellWall/ech_001_Cell_Wall_1.tif,Golgi/#3--6800X--0009_Golgi_1.tif,/Users/jason/Desktop/OrganelleClassifyDataset/train/CellWall/ech_001_Cell_Wall_1.tif,/Users/jason/Desktop/OrganelleClassifyDataset/test/Golgi/#3--6800X--0009_Golgi_1.tif,e168bfde0420d87b,ea698dd64b64d251,20,False,9
Chloroplast,Golgi,Chloroplast/2.1_014_Chloroplast_4.tif,Golgi/#3--6800X--0009_Golgi_1.tif,/Users/jason/Desktop/OrganelleClassifyDataset/train/Chloroplast/2.1_014_Chloroplast_4.tif,/Users/jason/Desktop/OrganelleClassifyDataset/test/Golgi/#3--6800X--0009_Golgi_1.tif,aab95dc613e41974,ea698dd64b64d251,20,False,9
Chloroplast,Golgi,Chloroplast/379n_009_Chloroplast_3.tif,Golgi/#3--6800X--0009_Golgi_1.tif,/Users/jason/Desktop/OrganelleClassifyDataset/train/Chloroplast/379n_009_Chloroplast_3.tif,/Users/jason/Desktop/OrganelleClassifyDataset/test/Golgi/#3--6800X--0009_Golgi_1.tif,ea3e8f67914c9249,ea698dd64b64d251,20,False,9
ER,Golgi,ER/2MM--9300X--0001_ER_1.tif,Golgi/#3--6800X--0009_Golgi_1.tif,/Users/jason/Desktop/OrganelleClassifyDataset/train/ER/2MM--9300X--0001_ER_1.tif,/Users/jason/Desktop/OrganelleClassifyDataset/test/Golgi/#3--6800X--0009_Golgi_1.tif,d0686cf269f4c26b,ea698dd64b64d251,20,False,9
ER,Golgi,ER/MUT3--23000X--0021_ER_1.tif,Golgi/#3--6800X--0009_Golgi_1.tif,/Users/jason/Desktop/OrganelleClassifyDataset/train/ER/MUT3--23000X--0021_ER_1.tif,/Users/jason/Desktop/OrganelleClassifyDataset/test/Golgi/#3--6800X--0009_Golgi_1.tif,cc21ac4ec7d6e259,ea698dd64b64d251,20,False,9
Golgi,Golgi,Golgi/42--6800X--0008_Golgi_2.tif,Golgi/#3--6800X--0009_Golgi_1.tif,/Users/jason/Desktop/OrganelleClassifyDataset/train/Golgi/42--6800X--0008_Golgi_2.tif,/Users/jason/Desktop/OrganelleClassifyDataset/test/Golgi/#3--6800X--0009_Golgi_1.tif,e86109676fd694d2,ea698dd64b64d251,20,True,9
Mito,Golgi,Mito/wt-7--13000X--0139_Mito_1.tif,Golgi/#3--6800X--0009_Golgi_1.tif,/Users/jason/Desktop/OrganelleClassifyDataset/train/Mito/wt-7--13000X--0139_Mito_1.tif,/Users/jason/Desktop/OrganelleClassifyDataset/test/Golgi/#3--6800X--0009_Golgi_1.tif,b22b9956d13c8a73,ea698dd64b64d251,20,False,9
Vesicles,Golgi,Vesicles/2+--6800X--0011_Vesicles_4.tif,Golgi/#3--6800X--0009_Golgi_1.tif,/Users/jason/Desktop/OrganelleClassifyDataset/train/Vesicles/2+--6800X--0011_Vesicles_4.tif,/Users/jason/Desktop/OrganelleClassifyDataset/test/Golgi/#3--6800X--0009_Golgi_1.tif,8a417d9acf68d632,ea698dd64b64d251,20,False,9
Autosome,Golgi,Autosome/1-3-hkf--23000X--0024_Autosome_4.tif,Golgi/#3--6800X--0015_Golgi_1.tif,/Users/jason/Desktop/OrganelleClassifyDataset/train/Autosome/1-3-hkf--23000X--0024_Autosome_4.tif,/Users/jason/Desktop/OrganelleClassifyDataset/test/Golgi/#3--6800X--0015_Golgi_1.tif,b728d0f885eb36a1,bf057adc85ed6404,20,False,9
Autosome,Golgi,Autosome/ZYZ--49000X--0001_Autosome_1.tif,Golgi/#3--6800X--0015_Golgi_1.tif,/Users/jason/Desktop/OrganelleClassifyDataset/train/Autosome/ZYZ--49000X--0001_Autosome_1.tif,/Users/jason/Desktop/OrganelleClassifyDataset/test/Golgi/#3--6800X--0015_Golgi_1.tif,ffd8d0c98dc66604,bf057adc85ed6404,20,False,9
Chloroplast,Golgi,Chloroplast/2.1_002_Chloroplast_3.tif,Golgi/#3--6800X--0015_Golgi_1.tif,/Users/jason/Desktop/OrganelleClassifyDataset/train/Chloroplast/2.1_002_Chloroplast_3.tif,/Users/jason/Desktop/OrganelleClassifyDataset/test/Golgi/#3--6800X--0015_Golgi_1.tif,ba85d8149bed68d1,bf057adc85ed6404,20,False,9
Chloroplast,Golgi,Chloroplast/zb1_004_Chloroplast_1.tif,Golgi/#3--6800X--0015_Golgi_1.tif,/Users/jason/Desktop/OrganelleClassifyDataset/train/Chloroplast/zb1_004_Chloroplast_1.tif,/Users/jason/Desktop/OrganelleClassifyDataset/test/Golgi/#3--6800X--0015_Golgi_1.tif,ad8bd29585c87e45,bf057adc85ed6404,20,False,9
ER,Golgi,ER/LA+1170--30000X--0019_ER_1.tif,Golgi/#3--6800X--0015_Golgi_1.tif,/Users/jason/Desktop/OrganelleClassifyDataset/train/ER/LA+1170--30000X--0019_ER_1.tif,/Users/jason/Desktop/OrganelleClassifyDataset/test/Golgi/#3--6800X--0015_Golgi_1.tif,de45f09dcca4e688,bf057adc85ed6404,20,False,9
Golgi,Golgi,Golgi/64--23000X--0009_Golgi_1.tif,Golgi/#3--6800X--0015_Golgi_1.tif,/Users/jason/Desktop/OrganelleClassifyDataset/train/Golgi/64--23000X--0009_Golgi_1.tif,/Users/jason/Desktop/OrganelleClassifyDataset/test/Golgi/#3--6800X--0015_Golgi_1.tif,ab26b49bcd4d6416,bf057adc85ed6404,20,True,9
Mito,Golgi,Mito/M_J81--11000X--0025_Mito_1.tif,Golgi/#3--6800X--0015_Golgi_1.tif,/Users/jason/Desktop/OrganelleClassifyDataset/train/Mito/M_J81--11000X--0025_Mito_1.tif,/Users/jason/Desktop/OrganelleClassifyDataset/test/Golgi/#3--6800X--0015_Golgi_1.tif,bf55317423f4621c,bf057adc85ed6404,20,False,9
Mito,Golgi,Mito/wt-7--13000X--0136_Mito_3.tif,Golgi/#3--6800X--0015_Golgi_1.tif,/Users/jason/Desktop/OrganelleClassifyDataset/train/Mito/wt-7--13000X--0136_Mito_3.tif,/Users/jason/Desktop/OrganelleClassifyDataset/test/Golgi/#3--6800X--0015_Golgi_1.tif,bd40b83ea5ecd88c,bf057adc85ed6404,20,False,9
Vesicles,Golgi,Vesicles/1-3-hkf--6800X--0006_Vesicles_2.tif,Golgi/#3--6800X--0015_Golgi_1.tif,/Users/jason/Desktop/OrganelleClassifyDataset/train/Vesicles/1-3-hkf--6800X--0006_Vesicles_2.tif,/Users/jason/Desktop/OrganelleClassifyDataset/test/Golgi/#3--6800X--0015_Golgi_1.tif,9f007afe216185e7,bf057adc85ed6404,20,False,9
Golgi,Golgi,Golgi/1-1shiyan--6800X--0004_Golgi_1.tif,Golgi/#4-CHMP4B-MYH6-CKO--9300X--0056_Golgi_1.tif,/Users/jason/Desktop/OrganelleClassifyDataset/train/Golgi/1-1shiyan--6800X--0004_Golgi_1.tif,/Users/jason/Desktop/OrganelleClassifyDataset/test/Golgi/#4-CHMP4B-MYH6-CKO--9300X--0056_Golgi_1.tif,981d3733b6472d0d,be113f7942c62f24,20,True,2
Nucleus,Golgi,Nucleus/kw10-7--6800X--0029_Nucleus_1.tif,Golgi/#4-CHMP4B-MYH6-CKO--9300X--0056_Golgi_1.tif,/Users/jason/Desktop/OrganelleClassifyDataset/train/Nucleus/kw10-7--6800X--0029_Nucleus_1.tif,/Users/jason/Desktop/OrganelleClassifyDataset/test/Golgi/#4-CHMP4B-MYH6-CKO--9300X--0056_Golgi_1.tif,9e196061c7c53e3d,be113f7942c62f24,20,False,2
Chloroplast,Golgi,Chloroplast/m-3_004_Chloroplast_8.tif,Golgi/#54--23000X--0063_Golgi_1.tif,/Users/jason/Desktop/OrganelleClassifyDataset/train/Chloroplast/m-3_004_Chloroplast_8.tif,/Users/jason/Desktop/OrganelleClassifyDataset/test/Golgi/#54--23000X--0063_Golgi_1.tif,faefe0e08382870f,b0ef48ee3b96440b,20,False,7
ER,Golgi,ER/k+1--30000X--0019_ER_1.tif,Golgi/#54--23000X--0063_Golgi_1.tif,/Users/jason/Desktop/OrganelleClassifyDataset/train/ER/k+1--30000X--0019_ER_1.tif,/Users/jason/Desktop/OrganelleClassifyDataset/test/Golgi/#54--23000X--0063_Golgi_1.tif,d4d31ce73334d00f,b0ef48ee3b96440b,20,False,7
Golgi,Golgi,Golgi/42--23000X--0018_Golgi_1.tif,Golgi/#54--23000X--0063_Golgi_1.tif,/Users/jason/Desktop/OrganelleClassifyDataset/train/Golgi/42--23000X--0018_Golgi_1.tif,/Users/jason/Desktop/OrganelleClassifyDataset/test/Golgi/#54--23000X--0063_Golgi_1.tif,a03e47cebd3244cd,b0ef48ee3b96440b,20,True,7
Golgi,Golgi,Golgi/6W-CD4-Ctrl2--13000X--0033_Golgi_1.tif,Golgi/#54--23000X--0063_Golgi_1.tif,/Users/jason/Desktop/OrganelleClassifyDataset/train/Golgi/6W-CD4-Ctrl2--13000X--0033_Golgi_1.tif,/Users/jason/Desktop/OrganelleClassifyDataset/test/Golgi/#54--23000X--0063_Golgi_1.tif,b9470cec3813791f,b0ef48ee3b96440b,20,True,7
Golgi,Golgi,Golgi/kw10-4--13000X--0106_Golgi_1.tif,Golgi/#54--23000X--0063_Golgi_1.tif,/Users/jason/Desktop/OrganelleClassifyDataset/train/Golgi/kw10-4--13000X--0106_Golgi_1.tif,/Users/jason/Desktop/OrganelleClassifyDataset/test/Golgi/#54--23000X--0063_Golgi_1.tif,a5bcc8e6da27700b,b0ef48ee3b96440b,20,True,7
Mito,Golgi,Mito/wt-8--13000X--0034_Mito_1.tif,Golgi/#54--23000X--0063_Golgi_1.tif,/Users/jason/Desktop/OrganelleClassifyDataset/train/Mito/wt-8--13000X--0034_Mito_1.tif,/Users/jason/Desktop/OrganelleClassifyDataset/test/Golgi/#54--23000X--0063_Golgi_1.tif,b8bfe0cec5984493,b0ef48ee3b96440b,20,False,7
Vesicles,Golgi,Vesicles/1-2-hsfnc_lJ--23000X--0018_Vesicles_1.tif,Golgi/#54--23000X--0063_Golgi_1.tif,/Users/jason/Desktop/OrganelleClassifyDataset/train/Vesicles/1-2-hsfnc_lJ--23000X--0018_Vesicles_1.tif,/Users/jason/Desktop/OrganelleClassifyDataset/test/Golgi/#54--23000X--0063_Golgi_1.tif,927e2c27629ec61b,b0ef48ee3b96440b,20,False,7
ER,Golgi,ER/3--6800X--0007_ER_2.tif,Golgi/2--6800X--0005_Golgi_1.tif,/Users/jason/Desktop/OrganelleClassifyDataset/train/ER/3--6800X--0007_ER_2.tif,/Users/jason/Desktop/OrganelleClassifyDataset/test/Golgi/2--6800X--0005_Golgi_1.tif,feffee9022a24026,f8dcaeb261904cc7,20,False,1
Golgi,Golgi,Golgi/6W-10nm_GR-2--13000X--0014_Golgi_1.tif,Golgi/40--23000X--0011_Golgi_1.tif,/Users/jason/Desktop/OrganelleClassifyDataset/train/Golgi/6W-10nm_GR-2--13000X--0014_Golgi_1.tif,/Users/jason/Desktop/OrganelleClassifyDataset/test/Golgi/40--23000X--0011_Golgi_1.tif,b06d0d099f1317f6,a167ec808b5727d5,20,True,1
CellWall,Golgi,CellWall/19-1_008_Cell_Wall_1.tif,Golgi/44--6800X--0014_Golgi_1.tif,/Users/jason/Desktop/OrganelleClassifyDataset/train/CellWall/19-1_008_Cell_Wall_1.tif,/Users/jason/Desktop/OrganelleClassifyDataset/test/Golgi/44--6800X--0014_Golgi_1.tif,874f74b49f5f0901,8e1f3e1a9d190b17,20,False,9
CellWall,Golgi,CellWall/5gill_006_Cell_Wall_2.tif,Golgi/44--6800X--0014_Golgi_1.tif,/Users/jason/Desktop/OrganelleClassifyDataset/train/CellWall/5gill_006_Cell_Wall_2.tif,/Users/jason/Desktop/OrganelleClassifyDataset/test/Golgi/44--6800X--0014_Golgi_1.tif,a48d1b4f1f0f0b0f,8e1f3e1a9d190b17,20,False,9
ER,Golgi,ER/3W-CD4-Ctrl2--30000X--0192_ER_4.tif,Golgi/44--6800X--0014_Golgi_1.tif,/Users/jason/Desktop/OrganelleClassifyDataset/train/ER/3W-CD4-Ctrl2--30000X--0192_ER_4.tif,/Users/jason/Desktop/OrganelleClassifyDataset/test/Golgi/44--6800X--0014_Golgi_1.tif,8d0d3270c49bcb9f,8e1f3e1a9d190b17,20,False,9
Golgi,Golgi,Golgi/47--30000X--0030_Golgi_1.tif,Golgi/44--6800X--0014_Golgi_1.tif,/Users/jason/Desktop/OrganelleClassifyDataset/train/Golgi/47--30000X--0030_Golgi_1.tif,/Users/jason/Desktop/OrganelleClassifyDataset/test/Golgi/44--6800X--0014_Golgi_1.tif,a81a3d1e37176993,8e1f3e1a9d190b17,20,True,9
Mito,Golgi,Mito/10-N--23000X--0025_Mito_2.tif,Golgi/44--6800X--0014_Golgi_1.tif,/Users/jason/Desktop/OrganelleClassifyDataset/train/Mito/10-N--23000X--0025_Mito_2.tif,/Users/jason/Desktop/OrganelleClassifyDataset/test/Golgi/44--6800X--0014_Golgi_1.tif,ee17b0bd91158e15,8e1f3e1a9d190b17,20,False,9
Mito,Golgi,Mito/wt-8--13000X--0037_Mito_1.tif,Golgi/44--6800X--0014_Golgi_1.tif,/Users/jason/Desktop/OrganelleClassifyDataset/train/Mito/wt-8--13000X--0037_Mito_1.tif,/Users/jason/Desktop/OrganelleClassifyDataset/test/Golgi/44--6800X--0014_Golgi_1.tif,e05f150ede118f56,8e1f3e1a9d190b17,20,False,9
Nucleus,Golgi,Nucleus/kw10-1--6800X--0061_Nucleus_1.tif,Golgi/44--6800X--0014_Golgi_1.tif,/Users/jason/Desktop/OrganelleClassifyDataset/train/Nucleus/kw10-1--6800X--0061_Nucleus_1.tif,/Users/jason/Desktop/OrganelleClassifyDataset/test/Golgi/44--6800X--0014_Golgi_1.tif,8d123eae552d4f45,8e1f3e1a9d190b17,20,False,9
Vesicles,Golgi,Vesicles/1170--30000X--0022_Vesicles_2.tif,Golgi/44--6800X--0014_Golgi_1.tif,/Users/jason/Desktop/OrganelleClassifyDataset/train/Vesicles/1170--30000X--0022_Vesicles_2.tif,/Users/jason/Desktop/OrganelleClassifyDataset/test/Golgi/44--6800X--0014_Golgi_1.tif,cf03341ac239cbcf,8e1f3e1a9d190b17,20,False,9
Vesicles,Golgi,Vesicles/LA--30000X--0046_Vesicles_1.tif,Golgi/44--6800X--0014_Golgi_1.tif,/Users/jason/Desktop/OrganelleClassifyDataset/train/Vesicles/LA--30000X--0046_Vesicles_1.tif,/Users/jason/Desktop/OrganelleClassifyDataset/test/Golgi/44--6800X--0014_Golgi_1.tif,8f1734a393130e7d,8e1f3e1a9d190b17,20,False,9
CellWall,Golgi,CellWall/qm1_010_Cell_Wall_2.tif,Golgi/4MM--9300X--0018_Golgi_1.tif,/Users/jason/Desktop/OrganelleClassifyDataset/train/CellWall/qm1_010_Cell_Wall_2.tif,/Users/jason/Desktop/OrganelleClassifyDataset/test/Golgi/4MM--9300X--0018_Golgi_1.tif,e724dacb151aa1e6,f0041efe3f1ae1b0,20,False,5
ER,Golgi,ER/2+--30000X--0023_ER_2.tif,Golgi/4MM--9300X--0018_Golgi_1.tif,/Users/jason/Desktop/OrganelleClassifyDataset/train/ER/2+--30000X--0023_ER_2.tif,/Users/jason/Desktop/OrganelleClassifyDataset/test/Golgi/4MM--9300X--0018_Golgi_1.tif,b00c0f3a38bbbeb8,f0041efe3f1ae1b0,20,False,5
ER,Golgi,ER/k+1--6800X--0009_ER_2.tif,Golgi/4MM--9300X--0018_Golgi_1.tif,/Users/jason/Desktop/OrganelleClassifyDataset/train/ER/k+1--6800X--0009_ER_2.tif,/Users/jason/Desktop/OrganelleClassifyDataset/test/Golgi/4MM--9300X--0018_Golgi_1.tif,8b071ffcfe986088,f0041efe3f1ae1b0,20,False,5
Golgi,Golgi,Golgi/1-1shiyan--6800X--0009_Golgi_1.tif,Golgi/4MM--9300X--0018_Golgi_1.tif,/Users/jason/Desktop/OrganelleClassifyDataset/train/Golgi/1-1shiyan--6800X--0009_Golgi_1.tif,/Users/jason/Desktop/OrganelleClassifyDataset/test/Golgi/4MM--9300X--0018_Golgi_1.tif,d0073ef7033f42e1,f0041efe3f1ae1b0,20,True,5
Golgi,Golgi,Golgi/44--23000X--0022_Golgi_1.tif,Golgi/4MM--9300X--0018_Golgi_1.tif,/Users/jason/Desktop/OrganelleClassifyDataset/train/Golgi/44--23000X--0022_Golgi_1.tif,/Users/jason/Desktop/OrganelleClassifyDataset/test/Golgi/4MM--9300X--0018_Golgi_1.tif,b4140fce92f3f1a8,f0041efe3f1ae1b0,20,True,5
Autosome,Golgi,Autosome/ls--49000X--0046_Autosome_1.tif,Golgi/64--23000X--0012_Golgi_1.tif,/Users/jason/Desktop/OrganelleClassifyDataset/train/Autosome/ls--49000X--0046_Autosome_1.tif,/Users/jason/Desktop/OrganelleClassifyDataset/test/Golgi/64--23000X--0012_Golgi_1.tif,b5110a3a595b6ccf,bf41431910fbace3,20,False,10
CellWall,Golgi,CellWall/1-1-llq_010_Cell_Wall_2.tif,Golgi/64--23000X--0012_Golgi_1.tif,/Users/jason/Desktop/OrganelleClassifyDataset/train/CellWall/1-1-llq_010_Cell_Wall_2.tif,/Users/jason/Desktop/OrganelleClassifyDataset/test/Golgi/64--23000X--0012_Golgi_1.tif,ad64cc1911f29e2f,bf41431910fbace3,20,False,10
CellWall,Golgi,CellWall/12-1-1_012_Cell_Wall_1.tif,Golgi/64--23000X--0012_Golgi_1.tif,/Users/jason/Desktop/OrganelleClassifyDataset/train/CellWall/12-1-1_012_Cell_Wall_1.tif,/Users/jason/Desktop/OrganelleClassifyDataset/test/Golgi/64--23000X--0012_Golgi_1.tif,87597326986ba4d3,bf41431910fbace3,20,False,10
CellWall,Golgi,CellWall/2-llq_005_Cell_Wall_1.tif,Golgi/64--23000X--0012_Golgi_1.tif,/Users/jason/Desktop/OrganelleClassifyDataset/train/CellWall/2-llq_005_Cell_Wall_1.tif,/Users/jason/Desktop/OrganelleClassifyDataset/test/Golgi/64--23000X--0012_Golgi_1.tif,e3687b1914c9bc36,bf41431910fbace3,20,False,10
CellWall,Golgi,CellWall/3.1_008_Cell_Wall_1.tif,Golgi/64--23000X--0012_Golgi_1.tif,/Users/jason/Desktop/OrganelleClassifyDataset/train/CellWall/3.1_008_Cell_Wall_1.tif,/Users/jason/Desktop/OrganelleClassifyDataset/test/Golgi/64--23000X--0012_Golgi_1.tif,b3e38399914f6c91,bf41431910fbace3,20,False,10
Golgi,Golgi,Golgi/43--30000X--0006_Golgi_1.tif,Golgi/64--23000X--0012_Golgi_1.tif,/Users/jason/Desktop/OrganelleClassifyDataset/train/Golgi/43--30000X--0006_Golgi_1.tif,/Users/jason/Desktop/OrganelleClassifyDataset/test/Golgi/64--23000X--0012_Golgi_1.tif,bb608f1d9813ba47,bf41431910fbace3,20,True,10
Golgi,Golgi,Golgi/43--9300X--0002_Golgi_2.tif,Golgi/64--23000X--0012_Golgi_1.tif,/Users/jason/Desktop/OrganelleClassifyDataset/train/Golgi/43--9300X--0002_Golgi_2.tif,/Users/jason/Desktop/OrganelleClassifyDataset/test/Golgi/64--23000X--0012_Golgi_1.tif,bb459bc9f0ca68a2,bf41431910fbace3,20,True,10
Golgi,Golgi,Golgi/49--9300X--0005_Golgi_1.tif,Golgi/64--23000X--0012_Golgi_1.tif,/Users/jason/Desktop/OrganelleClassifyDataset/train/Golgi/49--9300X--0005_Golgi_1.tif,/Users/jason/Desktop/OrganelleClassifyDataset/test/Golgi/64--23000X--0012_Golgi_1.tif,e85d037d14ebe84a,bf41431910fbace3,20,True,10
Mito,Golgi,Mito/44--23000X--0017_Mito_1.tif,Golgi/64--23000X--0012_Golgi_1.tif,/Users/jason/Desktop/OrganelleClassifyDataset/train/Mito/44--23000X--0017_Mito_1.tif,/Users/jason/Desktop/OrganelleClassifyDataset/test/Golgi/64--23000X--0012_Golgi_1.tif,db81d209917b51eb,bf41431910fbace3,20,False,10
Vesicles,Golgi,Vesicles/kw3-1--13000X--0118_Vesicles_2.tif,Golgi/64--23000X--0012_Golgi_1.tif,/Users/jason/Desktop/OrganelleClassifyDataset/train/Vesicles/kw3-1--13000X--0118_Vesicles_2.tif,/Users/jason/Desktop/OrganelleClassifyDataset/test/Golgi/64--23000X--0012_Golgi_1.tif,abc1205b837d8dea,bf41431910fbace3,20,False,10
Autosome,Golgi,Autosome/10-SI--23000X--0019_Autosome_3.tif,Golgi/ISO-3--9300X--0062_Golgi_1.tif,/Users/jason/Desktop/OrganelleClassifyDataset/train/Autosome/10-SI--23000X--0019_Autosome_3.tif,/Users/jason/Desktop/OrganelleClassifyDataset/test/Golgi/ISO-3--9300X--0062_Golgi_1.tif,b81cc76d0f91e607,c059cfc96ead6605,20,False,4
ER,Golgi,ER/52-WT--18500X--0100_ER_1.tif,Golgi/ISO-3--9300X--0062_Golgi_1.tif,/Users/jason/Desktop/OrganelleClassifyDataset/train/ER/52-WT--18500X--0100_ER_1.tif,/Users/jason/Desktop/OrganelleClassifyDataset/test/Golgi/ISO-3--9300X--0062_Golgi_1.tif,d0695fa13c5c461f,c059cfc96ead6605,20,False,4
Golgi,Golgi,Golgi/#3--23000X--0026_Golgi_1.tif,Golgi/ISO-3--9300X--0062_Golgi_1.tif,/Users/jason/Desktop/OrganelleClassifyDataset/train/Golgi/#3--23000X--0026_Golgi_1.tif,/Users/jason/Desktop/OrganelleClassifyDataset/test/Golgi/ISO-3--9300X--0062_Golgi_1.tif,ca73ce59ce278115,c059cfc96ead6605,20,True,4
Golgi,Golgi,Golgi/5.7K-1--6800X--0001_Golgi_1.tif,Golgi/ISO-3--9300X--0062_Golgi_1.tif,/Users/jason/Desktop/OrganelleClassifyDataset/train/Golgi/5.7K-1--6800X--0001_Golgi_1.tif,/Users/jason/Desktop/OrganelleClassifyDataset/test/Golgi/ISO-3--9300X--0062_Golgi_1.tif,d4d8aac54aa2e755,c059cfc96ead6605,20,True,4
CellWall,Golgi,CellWall/zzc4_018_Cell_Wall_3.tif,Golgi/kw10-7--6800X--0029_Golgi_3.tif,/Users/jason/Desktop/OrganelleClassifyDataset/train/CellWall/zzc4_018_Cell_Wall_3.tif,/Users/jason/Desktop/OrganelleClassifyDataset/test/Golgi/kw10-7--6800X--0029_Golgi_3.tif,d8fcb45289f0e30d,db6c260ac958799d,20,False,5
Chloroplast,Golgi,Chloroplast/HNNA_001_Chloroplast_10.tif,Golgi/kw10-7--6800X--0029_Golgi_3.tif,/Users/jason/Desktop/OrganelleClassifyDataset/train/Chloroplast/HNNA_001_Chloroplast_10.tif,/Users/jason/Desktop/OrganelleClassifyDataset/test/Golgi/kw10-7--6800X--0029_Golgi_3.tif,d97427e8c61bd90c,db6c260ac958799d,20,False,5
Nucleus,Golgi,Nucleus/kw10-4--6800X--0020_Nucleus_1.tif,Golgi/kw10-7--6800X--0029_Golgi_3.tif,/Users/jason/Desktop/OrganelleClassifyDataset/train/Nucleus/kw10-4--6800X--0020_Nucleus_1.tif,/Users/jason/Desktop/OrganelleClassifyDataset/test/Golgi/kw10-7--6800X--0029_Golgi_3.tif,f9607286ed78d01e,db6c260ac958799d,20,False,5
Nucleus,Golgi,Nucleus/wt-6--6800X--0039_Nucleus_1.tif,Golgi/kw10-7--6800X--0029_Golgi_3.tif,/Users/jason/Desktop/OrganelleClassifyDataset/train/Nucleus/wt-6--6800X--0039_Nucleus_1.tif,/Users/jason/Desktop/OrganelleClassifyDataset/test/Golgi/kw10-7--6800X--0029_Golgi_3.tif,bd64e612e8cc748b,db6c260ac958799d,20,False,5
Vesicles,Golgi,Vesicles/1-1shiyan--23000X--0016_Vesicles_1.tif,Golgi/kw10-7--6800X--0029_Golgi_3.tif,/Users/jason/Desktop/OrganelleClassifyDataset/train/Vesicles/1-1shiyan--23000X--0016_Vesicles_1.tif,/Users/jason/Desktop/OrganelleClassifyDataset/test/Golgi/kw10-7--6800X--0029_Golgi_3.tif,ce9c376e85786889,db6c260ac958799d,20,False,5
CellWall,Mito,CellWall/3gill_006_Cell_Wall_1.tif,Mito/42--23000X--0011_Mito_1.tif,/Users/jason/Desktop/OrganelleClassifyDataset/train/CellWall/3gill_006_Cell_Wall_1.tif,/Users/jason/Desktop/OrganelleClassifyDataset/test/Mito/42--23000X--0011_Mito_1.tif,ad4b4249d4d4f4f4,afc5884c48d0fcfa,20,False,8
Chloroplast,Mito,Chloroplast/LNA1_004_Chloroplast_2.tif,Mito/42--23000X--0011_Mito_1.tif,/Users/jason/Desktop/OrganelleClassifyDataset/train/Chloroplast/LNA1_004_Chloroplast_2.tif,/Users/jason/Desktop/OrganelleClassifyDataset/test/Mito/42--23000X--0011_Mito_1.tif,a9c59a956dd166b0,afc5884c48d0fcfa,20,False,8
Chloroplast,Mito,Chloroplast/m-3_004_Chloroplast_4.tif,Mito/42--23000X--0011_Mito_1.tif,/Users/jason/Desktop/OrganelleClassifyDataset/train/Chloroplast/m-3_004_Chloroplast_4.tif,/Users/jason/Desktop/OrganelleClassifyDataset/test/Mito/42--23000X--0011_Mito_1.tif,aaf5a11495d8f43a,afc5884c48d0fcfa,20,False,8
Chloroplast,Mito,Chloroplast/swccday neutral_007_Chloroplast_3.tif,Mito/42--23000X--0011_Mito_1.tif,/Users/jason/Desktop/OrganelleClassifyDataset/train/Chloroplast/swccday neutral_007_Chloroplast_3.tif,/Users/jason/Desktop/OrganelleClassifyDataset/test/Mito/42--23000X--0011_Mito_1.tif,bd869a45a3d0e4ce,afc5884c48d0fcfa,20,False,8
ER,Mito,ER/3W-CD4-Ctrl2--30000X--0192_ER_3.tif,Mito/42--23000X--0011_Mito_1.tif,/Users/jason/Desktop/OrganelleClassifyDataset/train/ER/3W-CD4-Ctrl2--30000X--0192_ER_3.tif,/Users/jason/Desktop/OrganelleClassifyDataset/test/Mito/42--23000X--0011_Mito_1.tif,8f85720c8470fd9f,afc5884c48d0fcfa,20,False,8
ER,Mito,ER/52-WT--18500X--0100_ER_2.tif,Mito/42--23000X--0011_Mito_1.tif,/Users/jason/Desktop/OrganelleClassifyDataset/train/ER/52-WT--18500X--0100_ER_2.tif,/Users/jason/Desktop/OrganelleClassifyDataset/test/Mito/42--23000X--0011_Mito_1.tif,a5d426864cd6ecf1,afc5884c48d0fcfa,20,False,8
Mito,Mito,Mito/M_J81--11000X--0022_Mito_1.tif,Mito/42--23000X--0011_Mito_1.tif,/Users/jason/Desktop/OrganelleClassifyDataset/train/Mito/M_J81--11000X--0022_Mito_1.tif,/Users/jason/Desktop/OrganelleClassifyDataset/test/Mito/42--23000X--0011_Mito_1.tif,ab4397707a5070fa,afc5884c48d0fcfa,20,True,8
Nucleus,Mito,Nucleus/wt-7--6800X--0071_Nucleus_1.tif,Mito/42--23000X--0011_Mito_1.tif,/Users/jason/Desktop/OrganelleClassifyDataset/train/Nucleus/wt-7--6800X--0071_Nucleus_1.tif,/Users/jason/Desktop/OrganelleClassifyDataset/test/Mito/42--23000X--0011_Mito_1.tif,af44d55ccac3c9e0,afc5884c48d0fcfa,20,False,8
CellWall,Mito,CellWall/15-1_001_Cell_Wall_1.tif,Mito/WT3--23000X--0013_Mito_1.tif,/Users/jason/Desktop/OrganelleClassifyDataset/train/CellWall/15-1_001_Cell_Wall_1.tif,/Users/jason/Desktop/OrganelleClassifyDataset/test/Mito/WT3--23000X--0013_Mito_1.tif,b64d4fa4526741b5,9363d5225077e19d,20,False,2
Mito,Mito,Mito/M_J81--11000X--0026_Mito_1.tif,Mito/WT3--23000X--0013_Mito_1.tif,/Users/jason/Desktop/OrganelleClassifyDataset/train/Mito/M_J81--11000X--0026_Mito_1.tif,/Users/jason/Desktop/OrganelleClassifyDataset/test/Mito/WT3--23000X--0013_Mito_1.tif,be41952f5a744935,9363d5225077e19d,20,True,2
Chloroplast,Mito,Chloroplast/379c_001_Chloroplast_7.tif,Mito/wt3--68000X--0019_Mito_1.tif,/Users/jason/Desktop/OrganelleClassifyDataset/train/Chloroplast/379c_001_Chloroplast_7.tif,/Users/jason/Desktop/OrganelleClassifyDataset/test/Mito/wt3--68000X--0019_Mito_1.tif,fb95e06496c2996c,fa516446b6c3c71a,20,False,10
Chloroplast,Mito,Chloroplast/M8-1_006_Chloroplast_2.tif,Mito/wt3--68000X--0019_Mito_1.tif,/Users/jason/Desktop/OrganelleClassifyDataset/train/Chloroplast/M8-1_006_Chloroplast_2.tif,/Users/jason/Desktop/OrganelleClassifyDataset/test/Mito/wt3--68000X--0019_Mito_1.tif,bbb4c44416d35a5b,fa516446b6c3c71a,20,False,10
Chloroplast,Mito,Chloroplast/m-7_004_Chloroplast_1.tif,Mito/wt3--68000X--0019_Mito_1.tif,/Users/jason/Desktop/OrganelleClassifyDataset/train/Chloroplast/m-7_004_Chloroplast_1.tif,/Users/jason/Desktop/OrganelleClassifyDataset/test/Mito/wt3--68000X--0019_Mito_1.tif,a915d466ba8be1ca,fa516446b6c3c71a,20,False,10
Chloroplast,Mito,Chloroplast/zb2_025_Chloroplast_1.tif,Mito/wt3--68000X--0019_Mito_1.tif,/Users/jason/Desktop/OrganelleClassifyDataset/train/Chloroplast/zb2_025_Chloroplast_1.tif,/Users/jason/Desktop/OrganelleClassifyDataset/test/Mito/wt3--68000X--0019_Mito_1.tif,fa35c02096e0f7cb,fa516446b6c3c71a,20,False,10
Nucleus,Mito,Nucleus/1170--6800X--0011_Nucleus_1.tif,Mito/wt3--68000X--0019_Mito_1.tif,/Users/jason/Desktop/OrganelleClassifyDataset/train/Nucleus/1170--6800X--0011_Nucleus_1.tif,/Users/jason/Desktop/OrganelleClassifyDataset/test/Mito/wt3--68000X--0019_Mito_1.tif,aa51ec2a74a9c679,fa516446b6c3c71a,20,False,10
Nucleus,Mito,Nucleus/c3--11000X--0009_Nucleus_1.tif,Mito/wt3--68000X--0019_Mito_1.tif,/Users/jason/Desktop/OrganelleClassifyDataset/train/Nucleus/c3--11000X--0009_Nucleus_1.tif,/Users/jason/Desktop/OrganelleClassifyDataset/test/Mito/wt3--68000X--0019_Mito_1.tif,9a08654fb3c7983e,fa516446b6c3c71a,20,False,10
Nucleus,Mito,Nucleus/kw10-7--6800X--0045_Nucleus_1.tif,Mito/wt3--68000X--0019_Mito_1.tif,/Users/jason/Desktop/OrganelleClassifyDataset/train/Nucleus/kw10-7--6800X--0045_Nucleus_1.tif,/Users/jason/Desktop/OrganelleClassifyDataset/test/Mito/wt3--68000X--0019_Mito_1.tif,eb02f44dd092c75b,fa516446b6c3c71a,20,False,10
Nucleus,Mito,Nucleus/kw10-7--6800X--0056_Nucleus_1.tif,Mito/wt3--68000X--0019_Mito_1.tif,/Users/jason/Desktop/OrganelleClassifyDataset/train/Nucleus/kw10-7--6800X--0056_Nucleus_1.tif,/Users/jason/Desktop/OrganelleClassifyDataset/test/Mito/wt3--68000X--0019_Mito_1.tif,ce71691e37c0e299,fa516446b6c3c71a,20,False,10
Nucleus,Mito,Nucleus/wt-8--6800X--0017_Nucleus_1.tif,Mito/wt3--68000X--0019_Mito_1.tif,/Users/jason/Desktop/OrganelleClassifyDataset/train/Nucleus/wt-8--6800X--0017_Nucleus_1.tif,/Users/jason/Desktop/OrganelleClassifyDataset/test/Mito/wt3--68000X--0019_Mito_1.tif,fa54e163d641d88e,fa516446b6c3c71a,20,False,10
Vesicles,Mito,Vesicles/kw3-2--6800X--0056_Vesicles_3.tif,Mito/wt3--68000X--0019_Mito_1.tif,/Users/jason/Desktop/OrganelleClassifyDataset/train/Vesicles/kw3-2--6800X--0056_Vesicles_3.tif,/Users/jason/Desktop/OrganelleClassifyDataset/test/Mito/wt3--68000X--0019_Mito_1.tif,9e1d75c6f640db01,fa516446b6c3c71a,20,False,10
CellWall,Nucleus,CellWall/lyn9_012_Cell_Wall_1.tif,Nucleus/KW10-3--4800X--0036_Nucleus_1.tif,/Users/jason/Desktop/OrganelleClassifyDataset/train/CellWall/lyn9_012_Cell_Wall_1.tif,/Users/jason/Desktop/OrganelleClassifyDataset/test/Nucleus/KW10-3--4800X--0036_Nucleus_1.tif,951a4abe60cf7853,81ea7e9e785c6055,20,False,6
CellWall,Nucleus,CellWall/mkb6_008_Cell_Wall_1.tif,Nucleus/KW10-3--4800X--0036_Nucleus_1.tif,/Users/jason/Desktop/OrganelleClassifyDataset/train/CellWall/mkb6_008_Cell_Wall_1.tif,/Users/jason/Desktop/OrganelleClassifyDataset/test/Nucleus/KW10-3--4800X--0036_Nucleus_1.tif,b4c86717791ce827,81ea7e9e785c6055,20,False,6
Chloroplast,Nucleus,Chloroplast/309c_002_Chloroplast_1.tif,Nucleus/KW10-3--4800X--0036_Nucleus_1.tif,/Users/jason/Desktop/OrganelleClassifyDataset/train/Chloroplast/309c_002_Chloroplast_1.tif,/Users/jason/Desktop/OrganelleClassifyDataset/test/Nucleus/KW10-3--4800X--0036_Nucleus_1.tif,89c9538f1c7cf264,81ea7e9e785c6055,20,False,6
ER,Nucleus,ER/3W-CD4-Ctrl2--13000X--0009_ER_4.tif,Nucleus/KW10-3--4800X--0036_Nucleus_1.tif,/Users/jason/Desktop/OrganelleClassifyDataset/train/ER/3W-CD4-Ctrl2--13000X--0009_ER_4.tif,/Users/jason/Desktop/OrganelleClassifyDataset/test/Nucleus/KW10-3--4800X--0036_Nucleus_1.tif,aac05c8eeb1c62f9,81ea7e9e785c6055,20,False,6
Golgi,Nucleus,Golgi/3W-CD4-Ctrl3--30000X--0083_Golgi_1.tif,Nucleus/KW10-3--4800X--0036_Nucleus_1.tif,/Users/jason/Desktop/OrganelleClassifyDataset/train/Golgi/3W-CD4-Ctrl3--30000X--0083_Golgi_1.tif,/Users/jason/Desktop/OrganelleClassifyDataset/test/Nucleus/KW10-3--4800X--0036_Nucleus_1.tif,91ffce247c097071,81ea7e9e785c6055,20,False,6
Nucleus,Nucleus,Nucleus/RKO-WT-3--6800X--0004_Nucleus_1.tif,Nucleus/KW10-3--4800X--0036_Nucleus_1.tif,/Users/jason/Desktop/OrganelleClassifyDataset/train/Nucleus/RKO-WT-3--6800X--0004_Nucleus_1.tif,/Users/jason/Desktop/OrganelleClassifyDataset/test/Nucleus/KW10-3--4800X--0036_Nucleus_1.tif,e97b2ab6b0696251,81ea7e9e785c6055,20,True,6
CellWall,Nucleus,CellWall/mkb9_009_Cell_Wall_1.tif,Nucleus/kw10-1--6800X--0016_Nucleus_2.tif,/Users/jason/Desktop/OrganelleClassifyDataset/train/CellWall/mkb9_009_Cell_Wall_1.tif,/Users/jason/Desktop/OrganelleClassifyDataset/test/Nucleus/kw10-1--6800X--0016_Nucleus_2.tif,bf5048d8bd76454a,9d1a28d6755e4da8,20,False,4
Nucleus,Nucleus,Nucleus/kw10-4--6800X--0044_Nucleus_1.tif,Nucleus/kw10-1--6800X--0016_Nucleus_2.tif,/Users/jason/Desktop/OrganelleClassifyDataset/train/Nucleus/kw10-4--6800X--0044_Nucleus_1.tif,/Users/jason/Desktop/OrganelleClassifyDataset/test/Nucleus/kw10-1--6800X--0016_Nucleus_2.tif,9d007a966d4fc29e,9d1a28d6755e4da8,20,True,4
Nucleus,Nucleus,Nucleus/kw10-6--6800X--0046_Nucleus_1.tif,Nucleus/kw10-1--6800X--0016_Nucleus_2.tif,/Users/jason/Desktop/OrganelleClassifyDataset/train/Nucleus/kw10-6--6800X--0046_Nucleus_1.tif,/Users/jason/Desktop/OrganelleClassifyDataset/test/Nucleus/kw10-1--6800X--0016_Nucleus_2.tif,935acc7231bacd8c,9d1a28d6755e4da8,20,True,4
Vesicles,Nucleus,Vesicles/1-3-hkf--6800X--0003_Vesicles_3.tif,Nucleus/kw10-1--6800X--0016_Nucleus_2.tif,/Users/jason/Desktop/OrganelleClassifyDataset/train/Vesicles/1-3-hkf--6800X--0003_Vesicles_3.tif,/Users/jason/Desktop/OrganelleClassifyDataset/test/Nucleus/kw10-1--6800X--0016_Nucleus_2.tif,9d10748ff0fc89b8,9d1a28d6755e4da8,20,False,4
CellWall,Nucleus,CellWall/5gill_005_Cell_Wall_3.tif,Nucleus/kw10-3--6800X--0077_Nucleus_1.tif,/Users/jason/Desktop/OrganelleClassifyDataset/train/CellWall/5gill_005_Cell_Wall_3.tif,/Users/jason/Desktop/OrganelleClassifyDataset/test/Nucleus/kw10-3--6800X--0077_Nucleus_1.tif,f53231c6e2e5ca45,d2ba1de363ed4441,20,False,7
CellWall,Nucleus,CellWall/drp1a+_009_Cell_Wall_1.tif,Nucleus/kw10-3--6800X--0077_Nucleus_1.tif,/Users/jason/Desktop/OrganelleClassifyDataset/train/CellWall/drp1a+_009_Cell_Wall_1.tif,/Users/jason/Desktop/OrganelleClassifyDataset/test/Nucleus/kw10-3--6800X--0077_Nucleus_1.tif,d52a14ab71b5ce07,d2ba1de363ed4441,20,False,7
CellWall,Nucleus,CellWall/mkb4_002_Cell_Wall_1.tif,Nucleus/kw10-3--6800X--0077_Nucleus_1.tif,/Users/jason/Desktop/OrganelleClassifyDataset/train/CellWall/mkb4_002_Cell_Wall_1.tif,/Users/jason/Desktop/OrganelleClassifyDataset/test/Nucleus/kw10-3--6800X--0077_Nucleus_1.tif,fc3419c962add623,d2ba1de363ed4441,20,False,7
ER,Nucleus,ER/PS-50--6800X--0004_ER_2.tif,Nucleus/kw10-3--6800X--0077_Nucleus_1.tif,/Users/jason/Desktop/OrganelleClassifyDataset/train/ER/PS-50--6800X--0004_ER_2.tif,/Users/jason/Desktop/OrganelleClassifyDataset/test/Nucleus/kw10-3--6800X--0077_Nucleus_1.tif,fe27cf8343e145c0,d2ba1de363ed4441,20,False,7
Golgi,Nucleus,Golgi/6W-CD4-Ctrl2--30000X--0176_Golgi_1.tif,Nucleus/kw10-3--6800X--0077_Nucleus_1.tif,/Users/jason/Desktop/OrganelleClassifyDataset/train/Golgi/6W-CD4-Ctrl2--30000X--0176_Golgi_1.tif,/Users/jason/Desktop/OrganelleClassifyDataset/test/Nucleus/kw10-3--6800X--0077_Nucleus_1.tif,92cf0e877365c7c0,d2ba1de363ed4441,20,False,7
Nucleus,Nucleus,Nucleus/RKO-SEP-0--6800X--0001_Nucleus_1.tif,Nucleus/kw10-3--6800X--0077_Nucleus_1.tif,/Users/jason/Desktop/OrganelleClassifyDataset/train/Nucleus/RKO-SEP-0--6800X--0001_Nucleus_1.tif,/Users/jason/Desktop/OrganelleClassifyDataset/test/Nucleus/kw10-3--6800X--0077_Nucleus_1.tif,e219996770dcc5c3,d2ba1de363ed4441,20,True,7
Nucleus,Nucleus,Nucleus/kw10-3--6800X--0075_Nucleus_1.tif,Nucleus/kw10-3--6800X--0077_Nucleus_1.tif,/Users/jason/Desktop/OrganelleClassifyDataset/train/Nucleus/kw10-3--6800X--0075_Nucleus_1.tif,/Users/jason/Desktop/OrganelleClassifyDataset/test/Nucleus/kw10-3--6800X--0077_Nucleus_1.tif,8b103de97b4f504d,d2ba1de363ed4441,20,True,7
Autosome,Nucleus,Autosome/ls--49000X--0047_Autosome_1.tif,Nucleus/kw10-4--13000X--0097_Nucleus_1.tif,/Users/jason/Desktop/OrganelleClassifyDataset/train/Autosome/ls--49000X--0047_Autosome_1.tif,/Users/jason/Desktop/OrganelleClassifyDataset/test/Nucleus/kw10-4--13000X--0097_Nucleus_1.tif,84891a3265df3d6d,85ca7a2465f9659c,20,False,6
ER,Nucleus,ER/3--6800X--0006_ER_1.tif,Nucleus/kw10-4--13000X--0097_Nucleus_1.tif,/Users/jason/Desktop/OrganelleClassifyDataset/train/ER/3--6800X--0006_ER_1.tif,/Users/jason/Desktop/OrganelleClassifyDataset/test/Nucleus/kw10-4--13000X--0097_Nucleus_1.tif,9bd8fca6415d6708,85ca7a2465f9659c,20,False,6
ER,Nucleus,ER/3W-CD4-10nmGR1--30000X--0046_ER_1.tif,Nucleus/kw10-4--13000X--0097_Nucleus_1.tif,/Users/jason/Desktop/OrganelleClassifyDataset/train/ER/3W-CD4-10nmGR1--30000X--0046_ER_1.tif,/Users/jason/Desktop/OrganelleClassifyDataset/test/Nucleus/kw10-4--13000X--0097_Nucleus_1.tif,d3aa55b445f51594,85ca7a2465f9659c,20,False,6
ER,Nucleus,ER/kw10-4--13000X--0071_ER_1.tif,Nucleus/kw10-4--13000X--0097_Nucleus_1.tif,/Users/jason/Desktop/OrganelleClassifyDataset/train/ER/kw10-4--13000X--0071_ER_1.tif,/Users/jason/Desktop/OrganelleClassifyDataset/test/Nucleus/kw10-4--13000X--0097_Nucleus_1.tif,86d2cb6c74c3358e,85ca7a2465f9659c,20,False,6
Golgi,Nucleus,Golgi/70-WT--18500X--0009_Golgi_1.tif,Nucleus/kw10-4--13000X--0097_Nucleus_1.tif,/Users/jason/Desktop/OrganelleClassifyDataset/train/Golgi/70-WT--18500X--0009_Golgi_1.tif,/Users/jason/Desktop/OrganelleClassifyDataset/test/Nucleus/kw10-4--13000X--0097_Nucleus_1.tif,a3db380c25b9cc2f,85ca7a2465f9659c,20,False,6
Nucleus,Nucleus,Nucleus/kw10-6--6800X--0003_Nucleus_2.tif,Nucleus/kw10-4--13000X--0097_Nucleus_1.tif,/Users/jason/Desktop/OrganelleClassifyDataset/train/Nucleus/kw10-6--6800X--0003_Nucleus_2.tif,/Users/jason/Desktop/OrganelleClassifyDataset/test/Nucleus/kw10-4--13000X--0097_Nucleus_1.tif,c4ea3ba463d1e943,85ca7a2465f9659c,20,True,6
Chloroplast,Nucleus,Chloroplast/2gill_002_Chloroplast_5.tif,Nucleus/kw10-4--6800X--0008_Nucleus_1.tif,/Users/jason/Desktop/OrganelleClassifyDataset/train/Chloroplast/2gill_002_Chloroplast_5.tif,/Users/jason/Desktop/OrganelleClassifyDataset/test/Nucleus/kw10-4--6800X--0008_Nucleus_1.tif,faa0d592d61eaa58,e6247dd2d50de449,20,False,5
ER,Nucleus,ER/52-WT--18500X--0216_ER_1.tif,Nucleus/kw10-4--6800X--0008_Nucleus_1.tif,/Users/jason/Desktop/OrganelleClassifyDataset/train/ER/52-WT--18500X--0216_ER_1.tif,/Users/jason/Desktop/OrganelleClassifyDataset/test/Nucleus/kw10-4--6800X--0008_Nucleus_1.tif,e74d58e0d135a671,e6247dd2d50de449,20,False,5
Nucleus,Nucleus,Nucleus/KW10-3--4800X--0030_Nucleus_1.tif,Nucleus/kw10-4--6800X--0008_Nucleus_1.tif,/Users/jason/Desktop/OrganelleClassifyDataset/train/Nucleus/KW10-3--4800X--0030_Nucleus_1.tif,/Users/jason/Desktop/OrganelleClassifyDataset/test/Nucleus/kw10-4--6800X--0008_Nucleus_1.tif,d73778467149e41c,e6247dd2d50de449,20,True,5
Nucleus,Nucleus,Nucleus/kw10-4--13000X--0102_Nucleus_1.tif,Nucleus/kw10-4--6800X--0008_Nucleus_1.tif,/Users/jason/Desktop/OrganelleClassifyDataset/train/Nucleus/kw10-4--13000X--0102_Nucleus_1.tif,/Users/jason/Desktop/OrganelleClassifyDataset/test/Nucleus/kw10-4--6800X--0008_Nucleus_1.tif,e7223bd8c09d85da,e6247dd2d50de449,20,True,5
Vesicles,Nucleus,Vesicles/LA--30000X--0021_Vesicles_1.tif,Nucleus/kw10-4--6800X--0008_Nucleus_1.tif,/Users/jason/Desktop/OrganelleClassifyDataset/train/Vesicles/LA--30000X--0021_Vesicles_1.tif,/Users/jason/Desktop/OrganelleClassifyDataset/test/Nucleus/kw10-4--6800X--0008_Nucleus_1.tif,8e25795e6348cd4d,e6247dd2d50de449,20,False,5
CellWall,Nucleus,CellWall/1.1_007_Cell_Wall_1.tif,Nucleus/kw10-6--6800X--0038_Nucleus_1.tif,/Users/jason/Desktop/OrganelleClassifyDataset/train/CellWall/1.1_007_Cell_Wall_1.tif,/Users/jason/Desktop/OrganelleClassifyDataset/test/Nucleus/kw10-6--6800X--0038_Nucleus_1.tif,9e526925ed0571ec,92136d32e56955d5,20,False,8
CellWall,Nucleus,CellWall/HST-CK_008_Cell_Wall_1.tif,Nucleus/kw10-6--6800X--0038_Nucleus_1.tif,/Users/jason/Desktop/OrganelleClassifyDataset/train/CellWall/HST-CK_008_Cell_Wall_1.tif,/Users/jason/Desktop/OrganelleClassifyDataset/test/Nucleus/kw10-6--6800X--0038_Nucleus_1.tif,80337e53a76f5624,92136d32e56955d5,20,False,8
ER,Nucleus,ER/3W-CD4-10nm_GR-1--30000X--0051_ER_1.tif,Nucleus/kw10-6--6800X--0038_Nucleus_1.tif,/Users/jason/Desktop/OrganelleClassifyDataset/train/ER/3W-CD4-10nm_GR-1--30000X--0051_ER_1.tif,/Users/jason/Desktop/OrganelleClassifyDataset/test/Nucleus/kw10-6--6800X--0038_Nucleus_1.tif,c20725a6ad6a72db,92136d32e56955d5,20,False,8
Golgi,Nucleus,Golgi/1-11000X--0027_Golgi_2.tif,Nucleus/kw10-6--6800X--0038_Nucleus_1.tif,/Users/jason/Desktop/OrganelleClassifyDataset/train/Golgi/1-11000X--0027_Golgi_2.tif,/Users/jason/Desktop/OrganelleClassifyDataset/test/Nucleus/kw10-6--6800X--0038_Nucleus_1.tif,810f49b077e54df1,92136d32e56955d5,20,False,8
Nucleus,Nucleus,Nucleus/1170--6800X--0005_Nucleus_1.tif,Nucleus/kw10-6--6800X--0038_Nucleus_1.tif,/Users/jason/Desktop/OrganelleClassifyDataset/train/Nucleus/1170--6800X--0005_Nucleus_1.tif,/Users/jason/Desktop/OrganelleClassifyDataset/test/Nucleus/kw10-6--6800X--0038_Nucleus_1.tif,de01e15ea17ad455,92136d32e56955d5,20,True,8
Nucleus,Nucleus,Nucleus/kw10-6--13000X--0094_Nucleus_1.tif,Nucleus/kw10-6--6800X--0038_Nucleus_1.tif,/Users/jason/Desktop/OrganelleClassifyDataset/train/Nucleus/kw10-6--13000X--0094_Nucleus_1.tif,/Users/jason/Desktop/OrganelleClassifyDataset/test/Nucleus/kw10-6--6800X--0038_Nucleus_1.tif,92067d07e95dc578,92136d32e56955d5,20,True,8
Vesicles,Nucleus,Vesicles/1-11000X--0026_Vesicles_1.tif,Nucleus/kw10-6--6800X--0038_Nucleus_1.tif,/Users/jason/Desktop/OrganelleClassifyDataset/train/Vesicles/1-11000X--0026_Vesicles_1.tif,/Users/jason/Desktop/OrganelleClassifyDataset/test/Nucleus/kw10-6--6800X--0038_Nucleus_1.tif,9a7d619282697d65,92136d32e56955d5,20,False,8
Vesicles,Nucleus,Vesicles/1-3-hkf--6800X--0012_Vesicles_2.tif,Nucleus/kw10-6--6800X--0038_Nucleus_1.tif,/Users/jason/Desktop/OrganelleClassifyDataset/train/Vesicles/1-3-hkf--6800X--0012_Vesicles_2.tif,/Users/jason/Desktop/OrganelleClassifyDataset/test/Nucleus/kw10-6--6800X--0038_Nucleus_1.tif,98a3253ac7e28d9d,92136d32e56955d5,20,False,8
CellWall,Nucleus,CellWall/4-llq_008_Cell_Wall_1.tif,Nucleus/kw10-7--6800X--0058_Nucleus_1.tif,/Users/jason/Desktop/OrganelleClassifyDataset/train/CellWall/4-llq_008_Cell_Wall_1.tif,/Users/jason/Desktop/OrganelleClassifyDataset/test/Nucleus/kw10-7--6800X--0058_Nucleus_1.tif,dbcbc2d213963634,c7886b9a1257667c,20,False,3
ER,Nucleus,ER/52-WT--18500X--0070_ER_1.tif,Nucleus/kw10-7--6800X--0058_Nucleus_1.tif,/Users/jason/Desktop/OrganelleClassifyDataset/train/ER/52-WT--18500X--0070_ER_1.tif,/Users/jason/Desktop/OrganelleClassifyDataset/test/Nucleus/kw10-7--6800X--0058_Nucleus_1.tif,8d885f300c1f757e,c7886b9a1257667c,20,False,3
Golgi,Nucleus,Golgi/6W-10nm_GR-2--30000X--0077_Golgi_3.tif,Nucleus/kw10-7--6800X--0058_Nucleus_1.tif,/Users/jason/Desktop/OrganelleClassifyDataset/train/Golgi/6W-10nm_GR-2--30000X--0077_Golgi_3.tif,/Users/jason/Desktop/OrganelleClassifyDataset/test/Nucleus/kw10-7--6800X--0058_Nucleus_1.tif,c10dfb264e5f464c,c7886b9a1257667c,20,False,3
Autosome,Nucleus,Autosome/10-SI--23000X--0027_Autosome_1.tif,Nucleus/wt-6--6800X--0050_Nucleus_1.tif,/Users/jason/Desktop/OrganelleClassifyDataset/train/Autosome/10-SI--23000X--0027_Autosome_1.tif,/Users/jason/Desktop/OrganelleClassifyDataset/test/Nucleus/wt-6--6800X--0050_Nucleus_1.tif,ae49d02bc37cc752,8f2b5509d7ec844e,20,False,8
Autosome,Nucleus,Autosome/PW10--30000X--0043_Autosome_1.tif,Nucleus/wt-6--6800X--0050_Nucleus_1.tif,/Users/jason/Desktop/OrganelleClassifyDataset/train/Autosome/PW10--30000X--0043_Autosome_1.tif,/Users/jason/Desktop/OrganelleClassifyDataset/test/Nucleus/wt-6--6800X--0050_Nucleus_1.tif,bf80844997e78d66,8f2b5509d7ec844e,20,False,8
CellWall,Nucleus,CellWall/lyn4-1_005_Cell_Wall_1.tif,Nucleus/wt-6--6800X--0050_Nucleus_1.tif,/Users/jason/Desktop/OrganelleClassifyDataset/train/CellWall/lyn4-1_005_Cell_Wall_1.tif,/Users/jason/Desktop/OrganelleClassifyDataset/test/Nucleus/wt-6--6800X--0050_Nucleus_1.tif,e52a550a5f46db46,8f2b5509d7ec844e,20,False,8
CellWall,Nucleus,CellWall/zzc4_013_Cell_Wall_2.tif,Nucleus/wt-6--6800X--0050_Nucleus_1.tif,/Users/jason/Desktop/OrganelleClassifyDataset/train/CellWall/zzc4_013_Cell_Wall_2.tif,/Users/jason/Desktop/OrganelleClassifyDataset/test/Nucleus/wt-6--6800X--0050_Nucleus_1.tif,dd2a3bb9e2e0841e,8f2b5509d7ec844e,20,False,8
Mito,Nucleus,Mito/R3--49000X--0013_Mito_1.tif,Nucleus/wt-6--6800X--0050_Nucleus_1.tif,/Users/jason/Desktop/OrganelleClassifyDataset/train/Mito/R3--49000X--0013_Mito_1.tif,/Users/jason/Desktop/OrganelleClassifyDataset/test/Nucleus/wt-6--6800X--0050_Nucleus_1.tif,afaca1a1d6a4d546,8f2b5509d7ec844e,20,False,8
Nucleus,Nucleus,Nucleus/wt-6--6800X--0016_Nucleus_2.tif,Nucleus/wt-6--6800X--0050_Nucleus_1.tif,/Users/jason/Desktop/OrganelleClassifyDataset/train/Nucleus/wt-6--6800X--0016_Nucleus_2.tif,/Users/jason/Desktop/OrganelleClassifyDataset/test/Nucleus/wt-6--6800X--0050_Nucleus_1.tif,8f2d399bc12c8e3c,8f2b5509d7ec844e,20,True,8
Vesicles,Nucleus,Vesicles/1-2-hsfnc_lJ--23000X--0020_Vesicles_3.tif,Nucleus/wt-6--6800X--0050_Nucleus_1.tif,/Users/jason/Desktop/OrganelleClassifyDataset/train/Vesicles/1-2-hsfnc_lJ--23000X--0020_Vesicles_3.tif,/Users/jason/Desktop/OrganelleClassifyDataset/test/Nucleus/wt-6--6800X--0050_Nucleus_1.tif,9b232121de6ad85f,8f2b5509d7ec844e,20,False,8
Vesicles,Nucleus,Vesicles/1-3-hkf--6800X--0004_Vesicles_3.tif,Nucleus/wt-6--6800X--0050_Nucleus_1.tif,/Users/jason/Desktop/OrganelleClassifyDataset/train/Vesicles/1-3-hkf--6800X--0004_Vesicles_3.tif,/Users/jason/Desktop/OrganelleClassifyDataset/test/Nucleus/wt-6--6800X--0050_Nucleus_1.tif,8a8a3d68d764ce36,8f2b5509d7ec844e,20,False,8
CellWall,Vesicles,CellWall/lyn13_010_Cell_Wall_1.tif,Vesicles/#3--23000X--0028_Vesicles_1.tif,/Users/jason/Desktop/OrganelleClassifyDataset/train/CellWall/lyn13_010_Cell_Wall_1.tif,/Users/jason/Desktop/OrganelleClassifyDataset/test/Vesicles/#3--23000X--0028_Vesicles_1.tif,8004bf7b308c4ff7,96007b1b94e6cec7,20,False,9
CellWall,Vesicles,CellWall/mkb7_007_Cell_Wall_1.tif,Vesicles/#3--23000X--0028_Vesicles_1.tif,/Users/jason/Desktop/OrganelleClassifyDataset/train/CellWall/mkb7_007_Cell_Wall_1.tif,/Users/jason/Desktop/OrganelleClassifyDataset/test/Vesicles/#3--23000X--0028_Vesicles_1.tif,9125691da7d2eec2,96007b1b94e6cec7,20,False,9
CellWall,Vesicles,CellWall/mkb7_010_Cell_Wall_1.tif,Vesicles/#3--23000X--0028_Vesicles_1.tif,/Users/jason/Desktop/OrganelleClassifyDataset/train/CellWall/mkb7_010_Cell_Wall_1.tif,/Users/jason/Desktop/OrganelleClassifyDataset/test/Vesicles/#3--23000X--0028_Vesicles_1.tif,cf403b92d0e4b45f,96007b1b94e6cec7,20,False,9
ER,Vesicles,ER/2+--30000X--0020_ER_3.tif,Vesicles/#3--23000X--0028_Vesicles_1.tif,/Users/jason/Desktop/OrganelleClassifyDataset/train/ER/2+--30000X--0020_ER_3.tif,/Users/jason/Desktop/OrganelleClassifyDataset/test/Vesicles/#3--23000X--0028_Vesicles_1.tif,d4003a5cecee4737,96007b1b94e6cec7,20,False,9
Golgi,Vesicles,Golgi/45--9300X--0007_Golgi_1.tif,Vesicles/#3--23000X--0028_Vesicles_1.tif,/Users/jason/Desktop/OrganelleClassifyDataset/train/Golgi/45--9300X--0007_Golgi_1.tif,/Users/jason/Desktop/OrganelleClassifyDataset/test/Vesicles/#3--23000X--0028_Vesicles_1.tif,9002fb52dae1ecda,96007b1b94e6cec7,20,False,9
Mito,Vesicles,Mito/#3--23000X--0072_Mito_1.tif,Vesicles/#3--23000X--0028_Vesicles_1.tif,/Users/jason/Desktop/OrganelleClassifyDataset/train/Mito/#3--23000X--0072_Mito_1.tif,/Users/jason/Desktop/OrganelleClassifyDataset/test/Vesicles/#3--23000X--0028_Vesicles_1.tif,a0033d9b1ff44ed2,96007b1b94e6cec7,20,False,9
Vesicles,Vesicles,Vesicles/2+--6800X--0006_Vesicles_1.tif,Vesicles/#3--23000X--0028_Vesicles_1.tif,/Users/jason/Desktop/OrganelleClassifyDataset/train/Vesicles/2+--6800X--0006_Vesicles_1.tif,/Users/jason/Desktop/OrganelleClassifyDataset/test/Vesicles/#3--23000X--0028_Vesicles_1.tif,de833039b6a38ace,96007b1b94e6cec7,20,True,9
Vesicles,Vesicles,Vesicles/79-1--11000X--0014_Vesicles_1.tif,Vesicles/#3--23000X--0028_Vesicles_1.tif,/Users/jason/Desktop/OrganelleClassifyDataset/train/Vesicles/79-1--11000X--0014_Vesicles_1.tif,/Users/jason/Desktop/OrganelleClassifyDataset/test/Vesicles/#3--23000X--0028_Vesicles_1.tif,de6261398625ca9f,96007b1b94e6cec7,20,True,9
Vesicles,Vesicles,Vesicles/kw3-2--6800X--0056_Vesicles_4.tif,Vesicles/#3--23000X--0028_Vesicles_1.tif,/Users/jason/Desktop/OrganelleClassifyDataset/train/Vesicles/kw3-2--6800X--0056_Vesicles_4.tif,/Users/jason/Desktop/OrganelleClassifyDataset/test/Vesicles/#3--23000X--0028_Vesicles_1.tif,9e0279a9e2a688fe,96007b1b94e6cec7,20,True,9
Autosome,Vesicles,Autosome/1--30000X--0006_Autosome_1.tif,Vesicles/2+--6800X--0010_Vesicles_2.tif,/Users/jason/Desktop/OrganelleClassifyDataset/train/Autosome/1--30000X--0006_Autosome_1.tif,/Users/jason/Desktop/OrganelleClassifyDataset/test/Vesicles/2+--6800X--0010_Vesicles_2.tif,eb7af448c22b8b2c,da9a3868d3b2896d,20,False,16
CellWall,Vesicles,CellWall/mkb9_003_Cell_Wall_1.tif,Vesicles/2+--6800X--0010_Vesicles_2.tif,/Users/jason/Desktop/OrganelleClassifyDataset/train/CellWall/mkb9_003_Cell_Wall_1.tif,/Users/jason/Desktop/OrganelleClassifyDataset/test/Vesicles/2+--6800X--0010_Vesicles_2.tif,9f3a88cedab20764,da9a3868d3b2896d,20,False,16
Chloroplast,Vesicles,Chloroplast/309c_002_Chloroplast_4.tif,Vesicles/2+--6800X--0010_Vesicles_2.tif,/Users/jason/Desktop/OrganelleClassifyDataset/train/Chloroplast/309c_002_Chloroplast_4.tif,/Users/jason/Desktop/OrganelleClassifyDataset/test/Vesicles/2+--6800X--0010_Vesicles_2.tif,de96b49c86f20569,da9a3868d3b2896d,20,False,16
Chloroplast,Vesicles,Chloroplast/379c_001_Chloroplast_7.tif,Vesicles/2+--6800X--0010_Vesicles_2.tif,/Users/jason/Desktop/OrganelleClassifyDataset/train/Chloroplast/379c_001_Chloroplast_7.tif,/Users/jason/Desktop/OrganelleClassifyDataset/test/Vesicles/2+--6800X--0010_Vesicles_2.tif,fb95e06496c2996c,da9a3868d3b2896d,20,False,16
ER,Vesicles,ER/3W-CD4-Ctrl2--13000X--0002_ER_2.tif,Vesicles/2+--6800X--0010_Vesicles_2.tif,/Users/jason/Desktop/OrganelleClassifyDataset/train/ER/3W-CD4-Ctrl2--13000X--0002_ER_2.tif,/Users/jason/Desktop/OrganelleClassifyDataset/test/Vesicles/2+--6800X--0010_Vesicles_2.tif,d072ba4a4b961dcd,da9a3868d3b2896d,20,False,16
ER,Vesicles,ER/3W-CD4-Ctrl2--30000X--0025_ER_1.tif,Vesicles/2+--6800X--0010_Vesicles_2.tif,/Users/jason/Desktop/OrganelleClassifyDataset/train/ER/3W-CD4-Ctrl2--30000X--0025_ER_1.tif,/Users/jason/Desktop/OrganelleClassifyDataset/test/Vesicles/2+--6800X--0010_Vesicles_2.tif,9f4a0e51539aa56d,da9a3868d3b2896d,20,False,16
Mito,Vesicles,Mito/#3--23000X--0047_Mito_1.tif,Vesicles/2+--6800X--0010_Vesicles_2.tif,/Users/jason/Desktop/OrganelleClassifyDataset/train/Mito/#3--23000X--0047_Mito_1.tif,/Users/jason/Desktop/OrganelleClassifyDataset/test/Vesicles/2+--6800X--0010_Vesicles_2.tif,fe60e020d2bf893d,da9a3868d3b2896d,20,False,16
Nucleus,Vesicles,Nucleus/kw10-3--6800X--0006_Nucleus_1.tif,Vesicles/2+--6800X--0010_Vesicles_2.tif,/Users/jason/Desktop/OrganelleClassifyDataset/train/Nucleus/kw10-3--6800X--0006_Nucleus_1.tif,/Users/jason/Desktop/OrganelleClassifyDataset/test/Vesicles/2+--6800X--0010_Vesicles_2.tif,c01a3c6047bcfd3e,da9a3868d3b2896d,20,False,16
Nucleus,Vesicles,Nucleus/kw10-3--6800X--0047_Nucleus_1.tif,Vesicles/2+--6800X--0010_Vesicles_2.tif,/Users/jason/Desktop/OrganelleClassifyDataset/train/Nucleus/kw10-3--6800X--0047_Nucleus_1.tif,/Users/jason/Desktop/OrganelleClassifyDataset/test/Vesicles/2+--6800X--0010_Vesicles_2.tif,9f82323ad7c1b84d,da9a3868d3b2896d,20,False,16
Vesicles,Vesicles,Vesicles/1-3-hkf--6800X--0004_Vesicles_3.tif,Vesicles/2+--6800X--0010_Vesicles_2.tif,/Users/jason/Desktop/OrganelleClassifyDataset/train/Vesicles/1-3-hkf--6800X--0004_Vesicles_3.tif,/Users/jason/Desktop/OrganelleClassifyDataset/test/Vesicles/2+--6800X--0010_Vesicles_2.tif,8a8a3d68d764ce36,da9a3868d3b2896d,20,True,16
Vesicles,Vesicles,Vesicles/2+--6800X--0003_Vesicles_1.tif,Vesicles/2+--6800X--0010_Vesicles_2.tif,/Users/jason/Desktop/OrganelleClassifyDataset/train/Vesicles/2+--6800X--0003_Vesicles_1.tif,/Users/jason/Desktop/OrganelleClassifyDataset/test/Vesicles/2+--6800X--0010_Vesicles_2.tif,cf0d3060d33dcce9,da9a3868d3b2896d,20,True,16
Vesicles,Vesicles,Vesicles/2+--6800X--0006_Vesicles_1.tif,Vesicles/2+--6800X--0010_Vesicles_2.tif,/Users/jason/Desktop/OrganelleClassifyDataset/train/Vesicles/2+--6800X--0006_Vesicles_1.tif,/Users/jason/Desktop/OrganelleClassifyDataset/test/Vesicles/2+--6800X--0010_Vesicles_2.tif,de833039b6a38ace,da9a3868d3b2896d,20,True,16
Vesicles,Vesicles,Vesicles/LA--30000X--0042_Vesicles_1.tif,Vesicles/2+--6800X--0010_Vesicles_2.tif,/Users/jason/Desktop/OrganelleClassifyDataset/train/Vesicles/LA--30000X--0042_Vesicles_1.tif,/Users/jason/Desktop/OrganelleClassifyDataset/test/Vesicles/2+--6800X--0010_Vesicles_2.tif,cbc07c8af3818aed,da9a3868d3b2896d,20,True,16
Vesicles,Vesicles,Vesicles/kw3-2--6800X--0056_Vesicles_4.tif,Vesicles/2+--6800X--0010_Vesicles_2.tif,/Users/jason/Desktop/OrganelleClassifyDataset/train/Vesicles/kw3-2--6800X--0056_Vesicles_4.tif,/Users/jason/Desktop/OrganelleClassifyDataset/test/Vesicles/2+--6800X--0010_Vesicles_2.tif,9e0279a9e2a688fe,da9a3868d3b2896d,20,True,16
Vesicles,Vesicles,Vesicles/kw3-2--6800X--0063_Vesicles_3.tif,Vesicles/2+--6800X--0010_Vesicles_2.tif,/Users/jason/Desktop/OrganelleClassifyDataset/train/Vesicles/kw3-2--6800X--0063_Vesicles_3.tif,/Users/jason/Desktop/OrganelleClassifyDataset/test/Vesicles/2+--6800X--0010_Vesicles_2.tif,8a0338ecc336cf9b,da9a3868d3b2896d,20,True,16
Vesicles,Vesicles,Vesicles/wt-2--6800X--0044_Vesicles_1.tif,Vesicles/2+--6800X--0010_Vesicles_2.tif,/Users/jason/Desktop/OrganelleClassifyDataset/train/Vesicles/wt-2--6800X--0044_Vesicles_1.tif,/Users/jason/Desktop/OrganelleClassifyDataset/test/Vesicles/2+--6800X--0010_Vesicles_2.tif,cfd43434d1b2cb0b,da9a3868d3b2896d,20,True,16
CellWall,Vesicles,CellWall/mkb6_010_Cell_Wall_1.tif,Vesicles/79-2--11000X--0021_Vesicles_1.tif,/Users/jason/Desktop/OrganelleClassifyDataset/train/CellWall/mkb6_010_Cell_Wall_1.tif,/Users/jason/Desktop/OrganelleClassifyDataset/test/Vesicles/79-2--11000X--0021_Vesicles_1.tif,91c02df63bc1cec6,cec82d7d91e0d2c6,20,False,10
CellWall,Vesicles,CellWall/mkb7_005_Cell_Wall_1.tif,Vesicles/79-2--11000X--0021_Vesicles_1.tif,/Users/jason/Desktop/OrganelleClassifyDataset/train/CellWall/mkb7_005_Cell_Wall_1.tif,/Users/jason/Desktop/OrganelleClassifyDataset/test/Vesicles/79-2--11000X--0021_Vesicles_1.tif,ce4c2d1dec34d06b,cec82d7d91e0d2c6,20,False,10
Chloroplast,Vesicles,Chloroplast/HNWT_006_Chloroplast_2.tif,Vesicles/79-2--11000X--0021_Vesicles_1.tif,/Users/jason/Desktop/OrganelleClassifyDataset/train/Chloroplast/HNWT_006_Chloroplast_2.tif,/Users/jason/Desktop/OrganelleClassifyDataset/test/Vesicles/79-2--11000X--0021_Vesicles_1.tif,cfce889fb8b09087,cec82d7d91e0d2c6,20,False,10
ER,Vesicles,ER/l--9300X--0013_ER_1.tif,Vesicles/79-2--11000X--0021_Vesicles_1.tif,/Users/jason/Desktop/OrganelleClassifyDataset/train/ER/l--9300X--0013_ER_1.tif,/Users/jason/Desktop/OrganelleClassifyDataset/test/Vesicles/79-2--11000X--0021_Vesicles_1.tif,c74a1997f1f0f406,cec82d7d91e0d2c6,20,False,10
Nucleus,Vesicles,Nucleus/kw10-4--6800X--0010_Nucleus_2.tif,Vesicles/79-2--11000X--0021_Vesicles_1.tif,/Users/jason/Desktop/OrganelleClassifyDataset/train/Nucleus/kw10-4--6800X--0010_Nucleus_2.tif,/Users/jason/Desktop/OrganelleClassifyDataset/test/Vesicles/79-2--11000X--0021_Vesicles_1.tif,ce686918d6f09e9a,cec82d7d91e0d2c6,20,False,10
Vesicles,Vesicles,Vesicles/1-2-hsfnc_lJ--23000X--0020_Vesicles_1.tif,Vesicles/79-2--11000X--0021_Vesicles_1.tif,/Users/jason/Desktop/OrganelleClassifyDataset/train/Vesicles/1-2-hsfnc_lJ--23000X--0020_Vesicles_1.tif,/Users/jason/Desktop/OrganelleClassifyDataset/test/Vesicles/79-2--11000X--0021_Vesicles_1.tif,caf23c5f80f29b03,cec82d7d91e0d2c6,20,True,10
Vesicles,Vesicles,Vesicles/1-3-hkf--6800X--0004_Vesicles_3.tif,Vesicles/79-2--11000X--0021_Vesicles_1.tif,/Users/jason/Desktop/OrganelleClassifyDataset/train/Vesicles/1-3-hkf--6800X--0004_Vesicles_3.tif,/Users/jason/Desktop/OrganelleClassifyDataset/test/Vesicles/79-2--11000X--0021_Vesicles_1.tif,8a8a3d68d764ce36,cec82d7d91e0d2c6,20,True,10
Vesicles,Vesicles,Vesicles/2+--6800X--0011_Vesicles_1.tif,Vesicles/79-2--11000X--0021_Vesicles_1.tif,/Users/jason/Desktop/OrganelleClassifyDataset/train/Vesicles/2+--6800X--0011_Vesicles_1.tif,/Users/jason/Desktop/OrganelleClassifyDataset/test/Vesicles/79-2--11000X--0021_Vesicles_1.tif,cfc9353ee270c483,cec82d7d91e0d2c6,20,True,10
Vesicles,Vesicles,Vesicles/79-2--11000X--0025_Vesicles_1.tif,Vesicles/79-2--11000X--0021_Vesicles_1.tif,/Users/jason/Desktop/OrganelleClassifyDataset/train/Vesicles/79-2--11000X--0025_Vesicles_1.tif,/Users/jason/Desktop/OrganelleClassifyDataset/test/Vesicles/79-2--11000X--0021_Vesicles_1.tif,c23a2df5b487d384,cec82d7d91e0d2c6,20,True,10
Vesicles,Vesicles,Vesicles/G50802--18500X--0018_Vesicles_1.tif,Vesicles/79-2--11000X--0021_Vesicles_1.tif,/Users/jason/Desktop/OrganelleClassifyDataset/train/Vesicles/G50802--18500X--0018_Vesicles_1.tif,/Users/jason/Desktop/OrganelleClassifyDataset/test/Vesicles/79-2--11000X--0021_Vesicles_1.tif,da4a617996629b9a,cec82d7d91e0d2c6,20,True,10
CellWall,Vesicles,CellWall/essam21_004_Cell_Wall_1.tif,Vesicles/LA+1170--6800X--0007_Vesicles_2.tif,/Users/jason/Desktop/OrganelleClassifyDataset/train/CellWall/essam21_004_Cell_Wall_1.tif,/Users/jason/Desktop/OrganelleClassifyDataset/test/Vesicles/LA+1170--6800X--0007_Vesicles_2.tif,de52c36ba1d1594a,de9a6d79e001de42,20,False,8
Chloroplast,Vesicles,Chloroplast/M8-1_003_Chloroplast_7.tif,Vesicles/LA+1170--6800X--0007_Vesicles_2.tif,/Users/jason/Desktop/OrganelleClassifyDataset/train/Chloroplast/M8-1_003_Chloroplast_7.tif,/Users/jason/Desktop/OrganelleClassifyDataset/test/Vesicles/LA+1170--6800X--0007_Vesicles_2.tif,ff8ae1b1c3858e18,de9a6d79e001de42,20,False,8
Nucleus,Vesicles,Nucleus/kw10-4--6800X--0017_Nucleus_1.tif,Vesicles/LA+1170--6800X--0007_Vesicles_2.tif,/Users/jason/Desktop/OrganelleClassifyDataset/train/Nucleus/kw10-4--6800X--0017_Nucleus_1.tif,/Users/jason/Desktop/OrganelleClassifyDataset/test/Vesicles/LA+1170--6800X--0007_Vesicles_2.tif,f722f549c0d4d662,de9a6d79e001de42,20,False,8
Nucleus,Vesicles,Nucleus/kw10-6--6800X--0017_Nucleus_1.tif,Vesicles/LA+1170--6800X--0007_Vesicles_2.tif,/Users/jason/Desktop/OrganelleClassifyDataset/train/Nucleus/kw10-6--6800X--0017_Nucleus_1.tif,/Users/jason/Desktop/OrganelleClassifyDataset/test/Vesicles/LA+1170--6800X--0007_Vesicles_2.tif,d4922be3b00db64f,de9a6d79e001de42,20,False,8
Nucleus,Vesicles,Nucleus/kw10-7--6800X--0038_Nucleus_1.tif,Vesicles/LA+1170--6800X--0007_Vesicles_2.tif,/Users/jason/Desktop/OrganelleClassifyDataset/train/Nucleus/kw10-7--6800X--0038_Nucleus_1.tif,/Users/jason/Desktop/OrganelleClassifyDataset/test/Vesicles/LA+1170--6800X--0007_Vesicles_2.tif,ce90615ce21f946f,de9a6d79e001de42,20,False,8
Vesicles,Vesicles,Vesicles/7230--23000X--0005_Vesicles_1.tif,Vesicles/LA+1170--6800X--0007_Vesicles_2.tif,/Users/jason/Desktop/OrganelleClassifyDataset/train/Vesicles/7230--23000X--0005_Vesicles_1.tif,/Users/jason/Desktop/OrganelleClassifyDataset/test/Vesicles/LA+1170--6800X--0007_Vesicles_2.tif,8e4a717d2230df33,de9a6d79e001de42,20,True,8
Vesicles,Vesicles,Vesicles/79-2--11000X--0026_Vesicles_1.tif,Vesicles/LA+1170--6800X--0007_Vesicles_2.tif,/Users/jason/Desktop/OrganelleClassifyDataset/train/Vesicles/79-2--11000X--0026_Vesicles_1.tif,/Users/jason/Desktop/OrganelleClassifyDataset/test/Vesicles/LA+1170--6800X--0007_Vesicles_2.tif,9aaa293567d38e43,de9a6d79e001de42,20,True,8
Vesicles,Vesicles,Vesicles/g984-sn--13000X--0009_Vesicles_1.tif,Vesicles/LA+1170--6800X--0007_Vesicles_2.tif,/Users/jason/Desktop/OrganelleClassifyDataset/train/Vesicles/g984-sn--13000X--0009_Vesicles_1.tif,/Users/jason/Desktop/OrganelleClassifyDataset/test/Vesicles/LA+1170--6800X--0007_Vesicles_2.tif,de1d7870d661d80e,de9a6d79e001de42,20,True,8
CellWall,Vesicles,CellWall/mkb4_012_Cell_Wall_2.tif,Vesicles/kw3-6--6800X--0043_Vesicles_1.tif,/Users/jason/Desktop/OrganelleClassifyDataset/train/CellWall/mkb4_012_Cell_Wall_2.tif,/Users/jason/Desktop/OrganelleClassifyDataset/test/Vesicles/kw3-6--6800X--0043_Vesicles_1.tif,8a7a75f2c536a238,8fba30cf451e7138,20,False,9
Chloroplast,Vesicles,Chloroplast/309n_009_Chloroplast_7.tif,Vesicles/kw3-6--6800X--0043_Vesicles_1.tif,/Users/jason/Desktop/OrganelleClassifyDataset/train/Chloroplast/309n_009_Chloroplast_7.tif,/Users/jason/Desktop/OrganelleClassifyDataset/test/Vesicles/kw3-6--6800X--0043_Vesicles_1.tif,8ff890a7ce18c719,8fba30cf451e7138,20,False,9
Golgi,Vesicles,Golgi/3W-CD4-Ctrl3--30000X--0085_Golgi_1.tif,Vesicles/kw3-6--6800X--0043_Vesicles_1.tif,/Users/jason/Desktop/OrganelleClassifyDataset/train/Golgi/3W-CD4-Ctrl3--30000X--0085_Golgi_1.tif,/Users/jason/Desktop/OrganelleClassifyDataset/test/Vesicles/kw3-6--6800X--0043_Vesicles_1.tif,9b70b0c341df4b9a,8fba30cf451e7138,20,False,9
Vesicles,Vesicles,Vesicles/#56--23000X--0086_Vesicles_1.tif,Vesicles/kw3-6--6800X--0043_Vesicles_1.tif,/Users/jason/Desktop/OrganelleClassifyDataset/train/Vesicles/#56--23000X--0086_Vesicles_1.tif,/Users/jason/Desktop/OrganelleClassifyDataset/test/Vesicles/kw3-6--6800X--0043_Vesicles_1.tif,8cba30e775ec8b12,8fba30cf451e7138,20,True,9
Vesicles,Vesicles,Vesicles/1-3-hkf--6800X--0004_Vesicles_2.tif,Vesicles/kw3-6--6800X--0043_Vesicles_1.tif,/Users/jason/Desktop/OrganelleClassifyDataset/train/Vesicles/1-3-hkf--6800X--0004_Vesicles_2.tif,/Users/jason/Desktop/OrganelleClassifyDataset/test/Vesicles/kw3-6--6800X--0043_Vesicles_1.tif,871e7a0e612af335,8fba30cf451e7138,20,True,9
Vesicles,Vesicles,Vesicles/1-3-hkf--6800X--0008_Vesicles_1.tif,Vesicles/kw3-6--6800X--0043_Vesicles_1.tif,/Users/jason/Desktop/OrganelleClassifyDataset/train/Vesicles/1-3-hkf--6800X--0008_Vesicles_1.tif,/Users/jason/Desktop/OrganelleClassifyDataset/test/Vesicles/kw3-6--6800X--0043_Vesicles_1.tif,cb5634db560c6a3c,8fba30cf451e7138,20,True,9
Vesicles,Vesicles,Vesicles/1-3-hkf--6800X--0011_Vesicles_1.tif,Vesicles/kw3-6--6800X--0043_Vesicles_1.tif,/Users/jason/Desktop/OrganelleClassifyDataset/train/Vesicles/1-3-hkf--6800X--0011_Vesicles_1.tif,/Users/jason/Desktop/OrganelleClassifyDataset/test/Vesicles/kw3-6--6800X--0043_Vesicles_1.tif,9fbf65cd86180839,8fba30cf451e7138,20,True,9
Vesicles,Vesicles,Vesicles/3--30000X--0011_Vesicles_1.tif,Vesicles/kw3-6--6800X--0043_Vesicles_1.tif,/Users/jason/Desktop/OrganelleClassifyDataset/train/Vesicles/3--30000X--0011_Vesicles_1.tif,/Users/jason/Desktop/OrganelleClassifyDataset/test/Vesicles/kw3-6--6800X--0043_Vesicles_1.tif,afb1305fcb385e20,8fba30cf451e7138,20,True,9
Vesicles,Vesicles,Vesicles/wt-2--6800X--0077_Vesicles_1.tif,Vesicles/kw3-6--6800X--0043_Vesicles_1.tif,/Users/jason/Desktop/OrganelleClassifyDataset/train/Vesicles/wt-2--6800X--0077_Vesicles_1.tif,/Users/jason/Desktop/OrganelleClassifyDataset/test/Vesicles/kw3-6--6800X--0043_Vesicles_1.tif,9f3021cfd6bcd052,8fba30cf451e7138,20,True,9
Autosome,Mito,Autosome/LA+1170--30000X--0013_Autosome_2.tif,Mito/WT1--23000X--0027_Mito_1.tif,/Users/jason/Desktop/OrganelleClassifyDataset/train/Autosome/LA+1170--30000X--0013_Autosome_2.tif,/Users/jason/Desktop/OrganelleClassifyDataset/test/Mito/WT1--23000X--0027_Mito_1.tif,fb0a93b356a90a69,fe02ffd755be0000,22,False,22
Autosome,Mito,Autosome/LC1-4--23000X--0013_Autosome_2.tif,Mito/WT1--23000X--0027_Mito_1.tif,/Users/jason/Desktop/OrganelleClassifyDataset/train/Autosome/LC1-4--23000X--0013_Autosome_2.tif,/Users/jason/Desktop/OrganelleClassifyDataset/test/Mito/WT1--23000X--0027_Mito_1.tif,ab46dad6d18bb01a,fe02ffd755be0000,22,False,22
CellWall,Mito,CellWall/3-llq_006_Cell_Wall_1.tif,Mito/WT1--23000X--0027_Mito_1.tif,/Users/jason/Desktop/OrganelleClassifyDataset/train/CellWall/3-llq_006_Cell_Wall_1.tif,/Users/jason/Desktop/OrganelleClassifyDataset/test/Mito/WT1--23000X--0027_Mito_1.tif,b3933bdf6d85c200,fe02ffd755be0000,22,False,22
CellWall,Mito,CellWall/xsj2_005_Cell_Wall_1.tif,Mito/WT1--23000X--0027_Mito_1.tif,/Users/jason/Desktop/OrganelleClassifyDataset/train/CellWall/xsj2_005_Cell_Wall_1.tif,/Users/jason/Desktop/OrganelleClassifyDataset/test/Mito/WT1--23000X--0027_Mito_1.tif,e6099dc6e1bb2a1a,fe02ffd755be0000,22,False,22
Chloroplast,Mito,Chloroplast/1.1_008_Chloroplast_9.tif,Mito/WT1--23000X--0027_Mito_1.tif,/Users/jason/Desktop/OrganelleClassifyDataset/train/Chloroplast/1.1_008_Chloroplast_9.tif,/Users/jason/Desktop/OrganelleClassifyDataset/test/Mito/WT1--23000X--0027_Mito_1.tif,eae2d785b49ad20c,fe02ffd755be0000,22,False,22
Chloroplast,Mito,Chloroplast/2.1_015_Chloroplast_1.tif,Mito/WT1--23000X--0027_Mito_1.tif,/Users/jason/Desktop/OrganelleClassifyDataset/train/Chloroplast/2.1_015_Chloroplast_1.tif,/Users/jason/Desktop/OrganelleClassifyDataset/test/Mito/WT1--23000X--0027_Mito_1.tif,fa42e459958e662d,fe02ffd755be0000,22,False,22
Chloroplast,Mito,Chloroplast/2gill_002_Chloroplast_5.tif,Mito/WT1--23000X--0027_Mito_1.tif,/Users/jason/Desktop/OrganelleClassifyDataset/train/Chloroplast/2gill_002_Chloroplast_5.tif,/Users/jason/Desktop/OrganelleClassifyDataset/test/Mito/WT1--23000X--0027_Mito_1.tif,faa0d592d61eaa58,fe02ffd755be0000,22,False,22
Chloroplast,Mito,Chloroplast/3gill_010_Chloroplast_5.tif,Mito/WT1--23000X--0027_Mito_1.tif,/Users/jason/Desktop/OrganelleClassifyDataset/train/Chloroplast/3gill_010_Chloroplast_5.tif,/Users/jason/Desktop/OrganelleClassifyDataset/test/Mito/WT1--23000X--0027_Mito_1.tif,fae0ca97c6dc8948,fe02ffd755be0000,22,False,22
Chloroplast,Mito,Chloroplast/HNWT_006_Chloroplast_11.tif,Mito/WT1--23000X--0027_Mito_1.tif,/Users/jason/Desktop/OrganelleClassifyDataset/train/Chloroplast/HNWT_006_Chloroplast_11.tif,/Users/jason/Desktop/OrganelleClassifyDataset/test/Mito/WT1--23000X--0027_Mito_1.tif,ffe483b79c9c1030,fe02ffd755be0000,22,False,22
Chloroplast,Mito,Chloroplast/LNNA_002_Chloroplast_1.tif,Mito/WT1--23000X--0027_Mito_1.tif,/Users/jason/Desktop/OrganelleClassifyDataset/train/Chloroplast/LNNA_002_Chloroplast_1.tif,/Users/jason/Desktop/OrganelleClassifyDataset/test/Mito/WT1--23000X--0027_Mito_1.tif,eac2ed27c0bdc990,fe02ffd755be0000,22,False,22
ER,Mito,ER/3W-CD4-Ctrl3--30000X--0054_ER_1.tif,Mito/WT1--23000X--0027_Mito_1.tif,/Users/jason/Desktop/OrganelleClassifyDataset/train/ER/3W-CD4-Ctrl3--30000X--0054_ER_1.tif,/Users/jason/Desktop/OrganelleClassifyDataset/test/Mito/WT1--23000X--0027_Mito_1.tif,f77fdef8e0b80000,fe02ffd755be0000,22,False,22
ER,Mito,ER/3W-CD4-Ctrl3--30000X--0088_ER_1.tif,Mito/WT1--23000X--0027_Mito_1.tif,/Users/jason/Desktop/OrganelleClassifyDataset/train/ER/3W-CD4-Ctrl3--30000X--0088_ER_1.tif,/Users/jason/Desktop/OrganelleClassifyDataset/test/Mito/WT1--23000X--0027_Mito_1.tif,ca5352d7e5a7a023,fe02ffd755be0000,22,False,22
ER,Mito,ER/PS-50--6800X--0004_ER_2.tif,Mito/WT1--23000X--0027_Mito_1.tif,/Users/jason/Desktop/OrganelleClassifyDataset/train/ER/PS-50--6800X--0004_ER_2.tif,/Users/jason/Desktop/OrganelleClassifyDataset/test/Mito/WT1--23000X--0027_Mito_1.tif,fe27cf8343e145c0,fe02ffd755be0000,22,False,22
Golgi,Mito,Golgi/#3--23000X--0090_Golgi_1.tif,Mito/WT1--23000X--0027_Mito_1.tif,/Users/jason/Desktop/OrganelleClassifyDataset/train/Golgi/#3--23000X--0090_Golgi_1.tif,/Users/jason/Desktop/OrganelleClassifyDataset/test/Mito/WT1--23000X--0027_Mito_1.tif,f62b8e55a73cc501,fe02ffd755be0000,22,False,22
Golgi,Mito,Golgi/1-1shiyan--6800X--0009_Golgi_1.tif,Mito/WT1--23000X--0027_Mito_1.tif,/Users/jason/Desktop/OrganelleClassifyDataset/train/Golgi/1-1shiyan--6800X--0009_Golgi_1.tif,/Users/jason/Desktop/OrganelleClassifyDataset/test/Mito/WT1--23000X--0027_Mito_1.tif,d0073ef7033f42e1,fe02ffd755be0000,22,False,22
Golgi,Mito,Golgi/47--6800X--0014_Golgi_2.tif,Mito/WT1--23000X--0027_Mito_1.tif,/Users/jason/Desktop/OrganelleClassifyDataset/train/Golgi/47--6800X--0014_Golgi_2.tif,/Users/jason/Desktop/OrganelleClassifyDataset/test/Mito/WT1--23000X--0027_Mito_1.tif,fc21dfe4c1396894,fe02ffd755be0000,22,False,22
Golgi,Mito,Golgi/5.7K+1--6800X--0001_Golgi_1.tif,Mito/WT1--23000X--0027_Mito_1.tif,/Users/jason/Desktop/OrganelleClassifyDataset/train/Golgi/5.7K+1--6800X--0001_Golgi_1.tif,/Users/jason/Desktop/OrganelleClassifyDataset/test/Mito/WT1--23000X--0027_Mito_1.tif,fb03f81f81b28f09,fe02ffd755be0000,22,False,22
Golgi,Mito,Golgi/kw10-6--6800X--0027_Golgi_4.tif,Mito/WT1--23000X--0027_Mito_1.tif,/Users/jason/Desktop/OrganelleClassifyDataset/train/Golgi/kw10-6--6800X--0027_Golgi_4.tif,/Users/jason/Desktop/OrganelleClassifyDataset/test/Mito/WT1--23000X--0027_Mito_1.tif,af19ccc751ec0e85,fe02ffd755be0000,22,False,22
Mito,Mito,Mito/WT2--23000X--0009_Mito_2.tif,Mito/WT1--23000X--0027_Mito_1.tif,/Users/jason/Desktop/OrganelleClassifyDataset/train/Mito/WT2--23000X--0009_Mito_2.tif,/Users/jason/Desktop/OrganelleClassifyDataset/test/Mito/WT1--23000X--0027_Mito_1.tif,fffbfefc10800009,fe02ffd755be0000,22,True,22
Nucleus,Mito,Nucleus/C2--9300X--0001_Nucleus_1.tif,Mito/WT1--23000X--0027_Mito_1.tif,/Users/jason/Desktop/OrganelleClassifyDataset/train/Nucleus/C2--9300X--0001_Nucleus_1.tif,/Users/jason/Desktop/OrganelleClassifyDataset/test/Mito/WT1--23000X--0027_Mito_1.tif,dccafe7478748490,fe02ffd755be0000,22,False,22
Nucleus,Mito,Nucleus/KW10-3--4800X--0038_Nucleus_2.tif,Mito/WT1--23000X--0027_Mito_1.tif,/Users/jason/Desktop/OrganelleClassifyDataset/train/Nucleus/KW10-3--4800X--0038_Nucleus_2.tif,/Users/jason/Desktop/OrganelleClassifyDataset/test/Mito/WT1--23000X--0027_Mito_1.tif,fc10f64dd2b4c13a,fe02ffd755be0000,22,False,22
Nucleus,Mito,Nucleus/RKO-WT-9--6800X--0005_Nucleus_1.tif,Mito/WT1--23000X--0027_Mito_1.tif,/Users/jason/Desktop/OrganelleClassifyDataset/train/Nucleus/RKO-WT-9--6800X--0005_Nucleus_1.tif,/Users/jason/Desktop/OrganelleClassifyDataset/test/Mito/WT1--23000X--0027_Mito_1.tif,ff78ffec30310081,fe02ffd755be0000,22,False,22
